Copyright 1986-2022 Xilinx, Inc. All Rights Reserved. Copyright 2022-2025 Advanced Micro Devices, Inc. All Rights Reserved.
---------------------------------------------------------------------------------------------------------------------------------------------------------------------------------------------------------------------
| Tool Version : Vivado v.2025.1 (win64) Build 6140274 Thu May 22 00:12:29 MDT 2025
| Date         : Thu Dec  4 14:08:52 2025
| Host         : DESKTOP-K0PKL6F running 64-bit major release  (build 9200)
| Command      : report_timing_summary -max_paths 10 -routable_nets -report_unconstrained -file top_timing_summary_routed.rpt -pb top_timing_summary_routed.pb -rpx top_timing_summary_routed.rpx -warn_on_violation
| Design       : top
| Device       : 7a100t-csg324
| Speed File   : -1  PRODUCTION 1.23 2018-06-13
| Design State : Routed
---------------------------------------------------------------------------------------------------------------------------------------------------------------------------------------------------------------------

Timing Summary Report

------------------------------------------------------------------------------------------------
| Timer Settings
| --------------
------------------------------------------------------------------------------------------------

  Enable Multi Corner Analysis               :  Yes
  Enable Pessimism Removal                   :  Yes
  Pessimism Removal Resolution               :  Nearest Common Node
  Enable Input Delay Default Clock           :  No
  Enable Preset / Clear Arcs                 :  No
  Disable Flight Delays                      :  No
  Ignore I/O Paths                           :  No
  Timing Early Launch at Borrowing Latches   :  No
  Borrow Time for Max Delay Exceptions       :  Yes
  Merge Timing Exceptions                    :  Yes
  Inter-SLR Compensation                     :  Conservative

  Corner  Analyze    Analyze    
  Name    Max Paths  Min Paths  
  ------  ---------  ---------  
  Slow    Yes        Yes        
  Fast    Yes        Yes        


------------------------------------------------------------------------------------------------
| Report Methodology
| ------------------
------------------------------------------------------------------------------------------------

Rule       Severity  Description                    Violations  
---------  --------  -----------------------------  ----------  
TIMING-18  Warning   Missing input or output delay  2           

Note: This report is based on the most recent report_methodology run and may not be up-to-date. Run report_methodology on the current design for the latest report.



check_timing report

Table of Contents
-----------------
1. checking no_clock (0)
2. checking constant_clock (0)
3. checking pulse_width_clock (0)
4. checking unconstrained_internal_endpoints (0)
5. checking no_input_delay (1)
6. checking no_output_delay (1)
7. checking multiple_clock (0)
8. checking generated_clocks (0)
9. checking loops (0)
10. checking partial_input_delay (0)
11. checking partial_output_delay (0)
12. checking latch_loops (0)

1. checking no_clock (0)
------------------------
 There are 0 register/latch pins with no clock.


2. checking constant_clock (0)
------------------------------
 There are 0 register/latch pins with constant_clock.


3. checking pulse_width_clock (0)
---------------------------------
 There are 0 register/latch pins which need pulse_width check


4. checking unconstrained_internal_endpoints (0)
------------------------------------------------
 There are 0 pins that are not constrained for maximum delay.

 There are 0 pins that are not constrained for maximum delay due to constant clock.


5. checking no_input_delay (1)
------------------------------
 There is 1 input port with no input delay specified. (HIGH)

 There are 0 input ports with no input delay but user has a false path constraint.


6. checking no_output_delay (1)
-------------------------------
 There is 1 port with no output delay specified. (HIGH)

 There are 0 ports with no output delay but user has a false path constraint

 There are 0 ports with no output delay but with a timing clock defined on it or propagating through it


7. checking multiple_clock (0)
------------------------------
 There are 0 register/latch pins with multiple clocks.


8. checking generated_clocks (0)
--------------------------------
 There are 0 generated clocks that are not connected to a clock source.


9. checking loops (0)
---------------------
 There are 0 combinational loops in the design.


10. checking partial_input_delay (0)
------------------------------------
 There are 0 input ports with partial input delay specified.


11. checking partial_output_delay (0)
-------------------------------------
 There are 0 ports with partial output delay specified.


12. checking latch_loops (0)
----------------------------
 There are 0 combinational latch loops in the design through latch input



------------------------------------------------------------------------------------------------
| Design Timing Summary
| ---------------------
------------------------------------------------------------------------------------------------

    WNS(ns)      TNS(ns)  TNS Failing Endpoints  TNS Total Endpoints      WHS(ns)      THS(ns)  THS Failing Endpoints  THS Total Endpoints     WPWS(ns)     TPWS(ns)  TPWS Failing Endpoints  TPWS Total Endpoints  
    -------      -------  ---------------------  -------------------      -------      -------  ---------------------  -------------------     --------     --------  ----------------------  --------------------  
      2.505        0.000                      0                 2213        0.122        0.000                      0                 2213        3.750        0.000                       0                   515  


All user specified timing constraints are met.


------------------------------------------------------------------------------------------------
| Clock Summary
| -------------
------------------------------------------------------------------------------------------------

Clock        Waveform(ns)       Period(ns)      Frequency(MHz)
-----        ------------       ----------      --------------
sys_clk_pin  {0.000 5.000}      10.000          100.000         


------------------------------------------------------------------------------------------------
| Intra Clock Table
| -----------------
------------------------------------------------------------------------------------------------

Clock             WNS(ns)      TNS(ns)  TNS Failing Endpoints  TNS Total Endpoints      WHS(ns)      THS(ns)  THS Failing Endpoints  THS Total Endpoints     WPWS(ns)     TPWS(ns)  TPWS Failing Endpoints  TPWS Total Endpoints  
-----             -------      -------  ---------------------  -------------------      -------      -------  ---------------------  -------------------     --------     --------  ----------------------  --------------------  
sys_clk_pin         2.505        0.000                      0                 2213        0.122        0.000                      0                 2213        3.750        0.000                       0                   515  


------------------------------------------------------------------------------------------------
| Inter Clock Table
| -----------------
------------------------------------------------------------------------------------------------

From Clock    To Clock          WNS(ns)      TNS(ns)  TNS Failing Endpoints  TNS Total Endpoints      WHS(ns)      THS(ns)  THS Failing Endpoints  THS Total Endpoints  
----------    --------          -------      -------  ---------------------  -------------------      -------      -------  ---------------------  -------------------  


------------------------------------------------------------------------------------------------
| Other Path Groups Table
| -----------------------
------------------------------------------------------------------------------------------------

Path Group    From Clock    To Clock          WNS(ns)      TNS(ns)  TNS Failing Endpoints  TNS Total Endpoints      WHS(ns)      THS(ns)  THS Failing Endpoints  THS Total Endpoints  
----------    ----------    --------          -------      -------  ---------------------  -------------------      -------      -------  ---------------------  -------------------  


------------------------------------------------------------------------------------------------
| User Ignored Path Table
| -----------------------
------------------------------------------------------------------------------------------------

Path Group    From Clock    To Clock    
----------    ----------    --------    
(none)                      sys_clk_pin   
(none)        sys_clk_pin   sys_clk_pin   


------------------------------------------------------------------------------------------------
| Unconstrained Path Table
| ------------------------
------------------------------------------------------------------------------------------------

Path Group    From Clock    To Clock    
----------    ----------    --------    
(none)        sys_clk_pin                 


------------------------------------------------------------------------------------------------
| Timing Details
| --------------
------------------------------------------------------------------------------------------------


---------------------------------------------------------------------------------------------------
From Clock:  sys_clk_pin
  To Clock:  sys_clk_pin

Setup :            0  Failing Endpoints,  Worst Slack        2.505ns,  Total Violation        0.000ns
Hold  :            0  Failing Endpoints,  Worst Slack        0.122ns,  Total Violation        0.000ns
PW    :            0  Failing Endpoints,  Worst Slack        3.750ns,  Total Violation        0.000ns
---------------------------------------------------------------------------------------------------


Max Delay Paths
--------------------------------------------------------------------------------------
Slack (MET) :             2.505ns  (required time - arrival time)
  Source:                 <hidden>
                            (rising edge-triggered cell FDRE clocked by sys_clk_pin  {rise@0.000ns fall@5.000ns period=10.000ns})
  Destination:            <hidden>
                            (rising edge-triggered cell RAMB36E1 clocked by sys_clk_pin  {rise@0.000ns fall@5.000ns period=10.000ns})
  Path Group:             sys_clk_pin
  Path Type:              Setup (Max at Slow Process Corner)
  Requirement:            10.000ns  (sys_clk_pin rise@10.000ns - sys_clk_pin rise@0.000ns)
  Data Path Delay:        6.722ns  (logic 2.446ns (36.389%)  route 4.276ns (63.611%))
  Logic Levels:           11  (CARRY4=9 LUT4=1 LUT6=1)
  Clock Path Skew:        -0.003ns (DCD - SCD + CPR)
    Destination Clock Delay (DCD):    5.050ns = ( 15.050 - 10.000 ) 
    Source Clock Delay      (SCD):    5.312ns
    Clock Pessimism Removal (CPR):    0.259ns
  Clock Uncertainty:      0.035ns  ((TSJ^2 + TIJ^2)^1/2 + DJ) / 2 + PE
    Total System Jitter     (TSJ):    0.071ns
    Total Input Jitter      (TIJ):    0.000ns
    Discrete Jitter          (DJ):    0.000ns
    Phase Error              (PE):    0.000ns

    Location             Delay type                Incr(ns)  Path(ns)    Netlist Resource(s)
  -------------------------------------------------------------------    -------------------
                         (clock sys_clk_pin rise edge)
                                                      0.000     0.000 r  
    E3                                                0.000     0.000 r  clk (IN)
                         net (fo=0)                   0.000     0.000    clk
    E3                   IBUF (Prop_ibuf_I_O)         1.482     1.482 r  clk_IBUF_inst/O
                         net (fo=1, routed)           2.025     3.506    clk_IBUF
    BUFGCTRL_X0Y16       BUFG (Prop_bufg_I_O)         0.096     3.602 r  clk_IBUF_BUFG_inst/O
                         net (fo=514, routed)         1.709     5.312    <hidden>
    SLICE_X77Y83         FDRE                                         r  <hidden>
  -------------------------------------------------------------------    -------------------
    SLICE_X77Y83         FDRE (Prop_fdre_C_Q)         0.456     5.768 r  <hidden>
                         net (fo=3, routed)           1.447     7.215    <hidden>
    SLICE_X71Y80         LUT6 (Prop_lut6_I0_O)        0.124     7.339 r  <hidden>
                         net (fo=1, routed)           0.000     7.339    <hidden>
    SLICE_X71Y80         CARRY4 (Prop_carry4_S[3]_CO[3])
                                                      0.401     7.740 r  <hidden>
                         net (fo=1, routed)           0.000     7.740    <hidden>
    SLICE_X71Y81         CARRY4 (Prop_carry4_CI_CO[3])
                                                      0.114     7.854 r  <hidden>
                         net (fo=1, routed)           0.000     7.854    <hidden>
    SLICE_X71Y82         CARRY4 (Prop_carry4_CI_CO[3])
                                                      0.114     7.968 r  <hidden>
                         net (fo=1, routed)           0.000     7.968    <hidden>
    SLICE_X71Y83         CARRY4 (Prop_carry4_CI_CO[3])
                                                      0.114     8.082 r  <hidden>
                         net (fo=1, routed)           0.000     8.082    <hidden>
    SLICE_X71Y84         CARRY4 (Prop_carry4_CI_CO[3])
                                                      0.114     8.196 r  <hidden>
                         net (fo=1, routed)           0.000     8.196    <hidden>
    SLICE_X71Y85         CARRY4 (Prop_carry4_CI_CO[3])
                                                      0.114     8.310 r  <hidden>
                         net (fo=1, routed)           0.000     8.310    <hidden>
    SLICE_X71Y86         CARRY4 (Prop_carry4_CI_CO[3])
                                                      0.114     8.424 r  <hidden>
                         net (fo=1, routed)           0.000     8.424    <hidden>
    SLICE_X71Y87         CARRY4 (Prop_carry4_CI_CO[3])
                                                      0.114     8.538 r  <hidden>
                         net (fo=1, routed)           0.000     8.538    <hidden>
    SLICE_X71Y88         CARRY4 (Prop_carry4_CI_O[1])
                                                      0.334     8.872 f  <hidden>
                         net (fo=8, routed)           1.386    10.258    your_instance_name/inst/dlmb_cntlr/U0/LMB_ABus[1]
    SLICE_X72Y85         LUT4 (Prop_lut4_I2_O)        0.333    10.591 r  your_instance_name/inst/dlmb_cntlr/U0/BRAM_WEN_A[3]_INST_0/O
                         net (fo=4, routed)           1.443    12.034    <hidden>
    RAMB36_X2Y13         RAMB36E1                                     r  <hidden>
  -------------------------------------------------------------------    -------------------

                         (clock sys_clk_pin rise edge)
                                                     10.000    10.000 r  
    E3                                                0.000    10.000 r  clk (IN)
                         net (fo=0)                   0.000    10.000    clk
    E3                   IBUF (Prop_ibuf_I_O)         1.411    11.411 r  clk_IBUF_inst/O
                         net (fo=1, routed)           1.920    13.331    clk_IBUF
    BUFGCTRL_X0Y16       BUFG (Prop_bufg_I_O)         0.091    13.422 r  clk_IBUF_BUFG_inst/O
                         net (fo=514, routed)         1.628    15.050    <hidden>
    RAMB36_X2Y13         RAMB36E1                                     r  <hidden>
                         clock pessimism              0.259    15.309    
                         clock uncertainty           -0.035    15.274    
    RAMB36_X2Y13         RAMB36E1 (Setup_ramb36e1_CLKARDCLK_WEA[0])
                                                     -0.735    14.539    <hidden>
  -------------------------------------------------------------------
                         required time                         14.539    
                         arrival time                         -12.034    
  -------------------------------------------------------------------
                         slack                                  2.505    

Slack (MET) :             2.572ns  (required time - arrival time)
  Source:                 <hidden>
                            (rising edge-triggered cell RAMB36E1 clocked by sys_clk_pin  {rise@0.000ns fall@5.000ns period=10.000ns})
  Destination:            <hidden>
                            (rising edge-triggered cell FDRE clocked by sys_clk_pin  {rise@0.000ns fall@5.000ns period=10.000ns})
  Path Group:             sys_clk_pin
  Path Type:              Setup (Max at Slow Process Corner)
  Requirement:            10.000ns  (sys_clk_pin rise@10.000ns - sys_clk_pin rise@0.000ns)
  Data Path Delay:        7.336ns  (logic 2.950ns (40.215%)  route 4.386ns (59.785%))
  Logic Levels:           4  (LUT2=1 LUT3=1 LUT6=2)
  Clock Path Skew:        -0.088ns (DCD - SCD + CPR)
    Destination Clock Delay (DCD):    4.927ns = ( 14.927 - 10.000 ) 
    Source Clock Delay      (SCD):    5.274ns
    Clock Pessimism Removal (CPR):    0.259ns
  Clock Uncertainty:      0.035ns  ((TSJ^2 + TIJ^2)^1/2 + DJ) / 2 + PE
    Total System Jitter     (TSJ):    0.071ns
    Total Input Jitter      (TIJ):    0.000ns
    Discrete Jitter          (DJ):    0.000ns
    Phase Error              (PE):    0.000ns

    Location             Delay type                Incr(ns)  Path(ns)    Netlist Resource(s)
  -------------------------------------------------------------------    -------------------
                         (clock sys_clk_pin rise edge)
                                                      0.000     0.000 r  
    E3                                                0.000     0.000 r  clk (IN)
                         net (fo=0)                   0.000     0.000    clk
    E3                   IBUF (Prop_ibuf_I_O)         1.482     1.482 r  clk_IBUF_inst/O
                         net (fo=1, routed)           2.025     3.506    clk_IBUF
    BUFGCTRL_X0Y16       BUFG (Prop_bufg_I_O)         0.096     3.602 r  clk_IBUF_BUFG_inst/O
                         net (fo=514, routed)         1.672     5.274    <hidden>
    RAMB36_X1Y17         RAMB36E1                                     r  <hidden>
  -------------------------------------------------------------------    -------------------
    RAMB36_X1Y17         RAMB36E1 (Prop_ramb36e1_CLKARDCLK_DOADO[0])
                                                      2.454     7.728 r  <hidden>
                         net (fo=1, routed)           0.991     8.720    your_instance_name/inst/dlmb/U0/Sl_DBus[1]
    SLICE_X63Y87         LUT2 (Prop_lut2_I1_O)        0.124     8.844 r  your_instance_name/inst/dlmb/U0/LMB_ReadDBus[1]_INST_0/O
                         net (fo=3, routed)           1.258    10.102    <hidden>
    SLICE_X79Y86         LUT3 (Prop_lut3_I2_O)        0.124    10.226 r  <hidden>
                         net (fo=1, routed)           0.716    10.942    <hidden>
    SLICE_X79Y83         LUT6 (Prop_lut6_I3_O)        0.124    11.066 r  <hidden>
                         net (fo=7, routed)           1.420    12.486    <hidden>
    SLICE_X69Y82         LUT6 (Prop_lut6_I1_O)        0.124    12.610 r  <hidden>
                         net (fo=1, routed)           0.000    12.610    <hidden>
    SLICE_X69Y82         FDRE                                         r  <hidden>
  -------------------------------------------------------------------    -------------------

                         (clock sys_clk_pin rise edge)
                                                     10.000    10.000 r  
    E3                                                0.000    10.000 r  clk (IN)
                         net (fo=0)                   0.000    10.000    clk
    E3                   IBUF (Prop_ibuf_I_O)         1.411    11.411 r  clk_IBUF_inst/O
                         net (fo=1, routed)           1.920    13.331    clk_IBUF
    BUFGCTRL_X0Y16       BUFG (Prop_bufg_I_O)         0.091    13.422 r  clk_IBUF_BUFG_inst/O
                         net (fo=514, routed)         1.504    14.927    <hidden>
    SLICE_X69Y82         FDRE                                         r  <hidden>
                         clock pessimism              0.259    15.186    
                         clock uncertainty           -0.035    15.150    
    SLICE_X69Y82         FDRE (Setup_fdre_C_D)        0.031    15.181    <hidden>
  -------------------------------------------------------------------
                         required time                         15.181    
                         arrival time                         -12.610    
  -------------------------------------------------------------------
                         slack                                  2.572    

Slack (MET) :             2.577ns  (required time - arrival time)
  Source:                 <hidden>
                            (rising edge-triggered cell RAMB36E1 clocked by sys_clk_pin  {rise@0.000ns fall@5.000ns period=10.000ns})
  Destination:            <hidden>
                            (rising edge-triggered cell FDRE clocked by sys_clk_pin  {rise@0.000ns fall@5.000ns period=10.000ns})
  Path Group:             sys_clk_pin
  Path Type:              Setup (Max at Slow Process Corner)
  Requirement:            10.000ns  (sys_clk_pin rise@10.000ns - sys_clk_pin rise@0.000ns)
  Data Path Delay:        7.413ns  (logic 3.178ns (42.872%)  route 4.235ns (57.128%))
  Logic Levels:           4  (LUT2=1 LUT5=1 LUT6=2)
  Clock Path Skew:        -0.005ns (DCD - SCD + CPR)
    Destination Clock Delay (DCD):    5.010ns = ( 15.010 - 10.000 ) 
    Source Clock Delay      (SCD):    5.274ns
    Clock Pessimism Removal (CPR):    0.259ns
  Clock Uncertainty:      0.035ns  ((TSJ^2 + TIJ^2)^1/2 + DJ) / 2 + PE
    Total System Jitter     (TSJ):    0.071ns
    Total Input Jitter      (TIJ):    0.000ns
    Discrete Jitter          (DJ):    0.000ns
    Phase Error              (PE):    0.000ns

    Location             Delay type                Incr(ns)  Path(ns)    Netlist Resource(s)
  -------------------------------------------------------------------    -------------------
                         (clock sys_clk_pin rise edge)
                                                      0.000     0.000 r  
    E3                                                0.000     0.000 r  clk (IN)
                         net (fo=0)                   0.000     0.000    clk
    E3                   IBUF (Prop_ibuf_I_O)         1.482     1.482 r  clk_IBUF_inst/O
                         net (fo=1, routed)           2.025     3.506    clk_IBUF
    BUFGCTRL_X0Y16       BUFG (Prop_bufg_I_O)         0.096     3.602 r  clk_IBUF_BUFG_inst/O
                         net (fo=514, routed)         1.672     5.274    <hidden>
    RAMB36_X1Y17         RAMB36E1                                     r  <hidden>
  -------------------------------------------------------------------    -------------------
    RAMB36_X1Y17         RAMB36E1 (Prop_ramb36e1_CLKARDCLK_DOADO[1])
                                                      2.454     7.728 r  <hidden>
                         net (fo=1, routed)           0.920     8.648    your_instance_name/inst/dlmb/U0/Sl_DBus[0]
    SLICE_X63Y87         LUT2 (Prop_lut2_I1_O)        0.150     8.798 r  your_instance_name/inst/dlmb/U0/LMB_ReadDBus[0]_INST_0/O
                         net (fo=3, routed)           1.424    10.222    <hidden>
    SLICE_X79Y86         LUT6 (Prop_lut6_I1_O)        0.326    10.548 r  <hidden>
                         net (fo=1, routed)           0.729    11.277    <hidden>
    SLICE_X79Y84         LUT5 (Prop_lut5_I2_O)        0.124    11.401 r  <hidden>
                         net (fo=7, routed)           1.162    12.563    <hidden>
    SLICE_X72Y82         LUT6 (Prop_lut6_I1_O)        0.124    12.687 r  <hidden>
                         net (fo=1, routed)           0.000    12.687    <hidden>
    SLICE_X72Y82         FDRE                                         r  <hidden>
  -------------------------------------------------------------------    -------------------

                         (clock sys_clk_pin rise edge)
                                                     10.000    10.000 r  
    E3                                                0.000    10.000 r  clk (IN)
                         net (fo=0)                   0.000    10.000    clk
    E3                   IBUF (Prop_ibuf_I_O)         1.411    11.411 r  clk_IBUF_inst/O
                         net (fo=1, routed)           1.920    13.331    clk_IBUF
    BUFGCTRL_X0Y16       BUFG (Prop_bufg_I_O)         0.091    13.422 r  clk_IBUF_BUFG_inst/O
                         net (fo=514, routed)         1.587    15.010    <hidden>
    SLICE_X72Y82         FDRE                                         r  <hidden>
                         clock pessimism              0.259    15.269    
                         clock uncertainty           -0.035    15.233    
    SLICE_X72Y82         FDRE (Setup_fdre_C_D)        0.031    15.264    <hidden>
  -------------------------------------------------------------------
                         required time                         15.264    
                         arrival time                         -12.687    
  -------------------------------------------------------------------
                         slack                                  2.577    

Slack (MET) :             2.586ns  (required time - arrival time)
  Source:                 <hidden>
                            (rising edge-triggered cell RAMB36E1 clocked by sys_clk_pin  {rise@0.000ns fall@5.000ns period=10.000ns})
  Destination:            <hidden>
                            (rising edge-triggered cell FDRE clocked by sys_clk_pin  {rise@0.000ns fall@5.000ns period=10.000ns})
  Path Group:             sys_clk_pin
  Path Type:              Setup (Max at Slow Process Corner)
  Requirement:            10.000ns  (sys_clk_pin rise@10.000ns - sys_clk_pin rise@0.000ns)
  Data Path Delay:        7.366ns  (logic 2.980ns (40.459%)  route 4.386ns (59.541%))
  Logic Levels:           4  (LUT2=1 LUT3=1 LUT5=1 LUT6=1)
  Clock Path Skew:        -0.088ns (DCD - SCD + CPR)
    Destination Clock Delay (DCD):    4.927ns = ( 14.927 - 10.000 ) 
    Source Clock Delay      (SCD):    5.274ns
    Clock Pessimism Removal (CPR):    0.259ns
  Clock Uncertainty:      0.035ns  ((TSJ^2 + TIJ^2)^1/2 + DJ) / 2 + PE
    Total System Jitter     (TSJ):    0.071ns
    Total Input Jitter      (TIJ):    0.000ns
    Discrete Jitter          (DJ):    0.000ns
    Phase Error              (PE):    0.000ns

    Location             Delay type                Incr(ns)  Path(ns)    Netlist Resource(s)
  -------------------------------------------------------------------    -------------------
                         (clock sys_clk_pin rise edge)
                                                      0.000     0.000 r  
    E3                                                0.000     0.000 r  clk (IN)
                         net (fo=0)                   0.000     0.000    clk
    E3                   IBUF (Prop_ibuf_I_O)         1.482     1.482 r  clk_IBUF_inst/O
                         net (fo=1, routed)           2.025     3.506    clk_IBUF
    BUFGCTRL_X0Y16       BUFG (Prop_bufg_I_O)         0.096     3.602 r  clk_IBUF_BUFG_inst/O
                         net (fo=514, routed)         1.672     5.274    <hidden>
    RAMB36_X1Y17         RAMB36E1                                     r  <hidden>
  -------------------------------------------------------------------    -------------------
    RAMB36_X1Y17         RAMB36E1 (Prop_ramb36e1_CLKARDCLK_DOADO[0])
                                                      2.454     7.728 r  <hidden>
                         net (fo=1, routed)           0.991     8.720    your_instance_name/inst/dlmb/U0/Sl_DBus[1]
    SLICE_X63Y87         LUT2 (Prop_lut2_I1_O)        0.124     8.844 r  your_instance_name/inst/dlmb/U0/LMB_ReadDBus[1]_INST_0/O
                         net (fo=3, routed)           1.258    10.102    <hidden>
    SLICE_X79Y86         LUT3 (Prop_lut3_I2_O)        0.124    10.226 r  <hidden>
                         net (fo=1, routed)           0.716    10.942    <hidden>
    SLICE_X79Y83         LUT6 (Prop_lut6_I3_O)        0.124    11.066 r  <hidden>
                         net (fo=7, routed)           1.420    12.486    <hidden>
    SLICE_X69Y82         LUT5 (Prop_lut5_I1_O)        0.154    12.640 r  <hidden>
                         net (fo=1, routed)           0.000    12.640    <hidden>
    SLICE_X69Y82         FDRE                                         r  <hidden>
  -------------------------------------------------------------------    -------------------

                         (clock sys_clk_pin rise edge)
                                                     10.000    10.000 r  
    E3                                                0.000    10.000 r  clk (IN)
                         net (fo=0)                   0.000    10.000    clk
    E3                   IBUF (Prop_ibuf_I_O)         1.411    11.411 r  clk_IBUF_inst/O
                         net (fo=1, routed)           1.920    13.331    clk_IBUF
    BUFGCTRL_X0Y16       BUFG (Prop_bufg_I_O)         0.091    13.422 r  clk_IBUF_BUFG_inst/O
                         net (fo=514, routed)         1.504    14.927    <hidden>
    SLICE_X69Y82         FDRE                                         r  <hidden>
                         clock pessimism              0.259    15.186    
                         clock uncertainty           -0.035    15.150    
    SLICE_X69Y82         FDRE (Setup_fdre_C_D)        0.075    15.225    <hidden>
  -------------------------------------------------------------------
                         required time                         15.225    
                         arrival time                         -12.640    
  -------------------------------------------------------------------
                         slack                                  2.586    

Slack (MET) :             2.593ns  (required time - arrival time)
  Source:                 <hidden>
                            (rising edge-triggered cell RAMB36E1 clocked by sys_clk_pin  {rise@0.000ns fall@5.000ns period=10.000ns})
  Destination:            <hidden>
                            (rising edge-triggered cell FDRE clocked by sys_clk_pin  {rise@0.000ns fall@5.000ns period=10.000ns})
  Path Group:             sys_clk_pin
  Path Type:              Setup (Max at Slow Process Corner)
  Requirement:            10.000ns  (sys_clk_pin rise@10.000ns - sys_clk_pin rise@0.000ns)
  Data Path Delay:        7.441ns  (logic 3.206ns (43.087%)  route 4.235ns (56.913%))
  Logic Levels:           4  (LUT2=1 LUT5=2 LUT6=1)
  Clock Path Skew:        -0.005ns (DCD - SCD + CPR)
    Destination Clock Delay (DCD):    5.010ns = ( 15.010 - 10.000 ) 
    Source Clock Delay      (SCD):    5.274ns
    Clock Pessimism Removal (CPR):    0.259ns
  Clock Uncertainty:      0.035ns  ((TSJ^2 + TIJ^2)^1/2 + DJ) / 2 + PE
    Total System Jitter     (TSJ):    0.071ns
    Total Input Jitter      (TIJ):    0.000ns
    Discrete Jitter          (DJ):    0.000ns
    Phase Error              (PE):    0.000ns

    Location             Delay type                Incr(ns)  Path(ns)    Netlist Resource(s)
  -------------------------------------------------------------------    -------------------
                         (clock sys_clk_pin rise edge)
                                                      0.000     0.000 r  
    E3                                                0.000     0.000 r  clk (IN)
                         net (fo=0)                   0.000     0.000    clk
    E3                   IBUF (Prop_ibuf_I_O)         1.482     1.482 r  clk_IBUF_inst/O
                         net (fo=1, routed)           2.025     3.506    clk_IBUF
    BUFGCTRL_X0Y16       BUFG (Prop_bufg_I_O)         0.096     3.602 r  clk_IBUF_BUFG_inst/O
                         net (fo=514, routed)         1.672     5.274    <hidden>
    RAMB36_X1Y17         RAMB36E1                                     r  <hidden>
  -------------------------------------------------------------------    -------------------
    RAMB36_X1Y17         RAMB36E1 (Prop_ramb36e1_CLKARDCLK_DOADO[1])
                                                      2.454     7.728 r  <hidden>
                         net (fo=1, routed)           0.920     8.648    your_instance_name/inst/dlmb/U0/Sl_DBus[0]
    SLICE_X63Y87         LUT2 (Prop_lut2_I1_O)        0.150     8.798 r  your_instance_name/inst/dlmb/U0/LMB_ReadDBus[0]_INST_0/O
                         net (fo=3, routed)           1.424    10.222    <hidden>
    SLICE_X79Y86         LUT6 (Prop_lut6_I1_O)        0.326    10.548 r  <hidden>
                         net (fo=1, routed)           0.729    11.277    <hidden>
    SLICE_X79Y84         LUT5 (Prop_lut5_I2_O)        0.124    11.401 r  <hidden>
                         net (fo=7, routed)           1.162    12.563    <hidden>
    SLICE_X72Y82         LUT5 (Prop_lut5_I1_O)        0.152    12.715 r  <hidden>
                         net (fo=1, routed)           0.000    12.715    <hidden>
    SLICE_X72Y82         FDRE                                         r  <hidden>
  -------------------------------------------------------------------    -------------------

                         (clock sys_clk_pin rise edge)
                                                     10.000    10.000 r  
    E3                                                0.000    10.000 r  clk (IN)
                         net (fo=0)                   0.000    10.000    clk
    E3                   IBUF (Prop_ibuf_I_O)         1.411    11.411 r  clk_IBUF_inst/O
                         net (fo=1, routed)           1.920    13.331    clk_IBUF
    BUFGCTRL_X0Y16       BUFG (Prop_bufg_I_O)         0.091    13.422 r  clk_IBUF_BUFG_inst/O
                         net (fo=514, routed)         1.587    15.010    <hidden>
    SLICE_X72Y82         FDRE                                         r  <hidden>
                         clock pessimism              0.259    15.269    
                         clock uncertainty           -0.035    15.233    
    SLICE_X72Y82         FDRE (Setup_fdre_C_D)        0.075    15.308    <hidden>
  -------------------------------------------------------------------
                         required time                         15.308    
                         arrival time                         -12.715    
  -------------------------------------------------------------------
                         slack                                  2.593    

Slack (MET) :             2.686ns  (required time - arrival time)
  Source:                 <hidden>
                            (rising edge-triggered cell RAMB36E1 clocked by sys_clk_pin  {rise@0.000ns fall@5.000ns period=10.000ns})
  Destination:            <hidden>
                            (rising edge-triggered cell FDRE clocked by sys_clk_pin  {rise@0.000ns fall@5.000ns period=10.000ns})
  Path Group:             sys_clk_pin
  Path Type:              Setup (Max at Slow Process Corner)
  Requirement:            10.000ns  (sys_clk_pin rise@10.000ns - sys_clk_pin rise@0.000ns)
  Data Path Delay:        7.139ns  (logic 3.180ns (44.544%)  route 3.959ns (55.456%))
  Logic Levels:           4  (LUT4=1 LUT5=1 LUT6=2)
  Clock Path Skew:        -0.168ns (DCD - SCD + CPR)
    Destination Clock Delay (DCD):    4.928ns = ( 14.928 - 10.000 ) 
    Source Clock Delay      (SCD):    5.355ns
    Clock Pessimism Removal (CPR):    0.259ns
  Clock Uncertainty:      0.035ns  ((TSJ^2 + TIJ^2)^1/2 + DJ) / 2 + PE
    Total System Jitter     (TSJ):    0.071ns
    Total Input Jitter      (TIJ):    0.000ns
    Discrete Jitter          (DJ):    0.000ns
    Phase Error              (PE):    0.000ns

    Location             Delay type                Incr(ns)  Path(ns)    Netlist Resource(s)
  -------------------------------------------------------------------    -------------------
                         (clock sys_clk_pin rise edge)
                                                      0.000     0.000 r  
    E3                                                0.000     0.000 r  clk (IN)
                         net (fo=0)                   0.000     0.000    clk
    E3                   IBUF (Prop_ibuf_I_O)         1.482     1.482 r  clk_IBUF_inst/O
                         net (fo=1, routed)           2.025     3.506    clk_IBUF
    BUFGCTRL_X0Y16       BUFG (Prop_bufg_I_O)         0.096     3.602 r  clk_IBUF_BUFG_inst/O
                         net (fo=514, routed)         1.753     5.355    <hidden>
    RAMB36_X3Y15         RAMB36E1                                     r  <hidden>
  -------------------------------------------------------------------    -------------------
    RAMB36_X3Y15         RAMB36E1 (Prop_ramb36e1_CLKARDCLK_DOADO[1])
                                                      2.454     7.809 r  <hidden>
                         net (fo=1, routed)           1.236     9.045    your_instance_name/inst/dlmb/U0/Sl_DBus[28]
    SLICE_X78Y80         LUT4 (Prop_lut4_I0_O)        0.150     9.195 r  your_instance_name/inst/dlmb/U0/LMB_ReadDBus[28]_INST_0/O
                         net (fo=1, routed)           0.754     9.949    <hidden>
    SLICE_X78Y83         LUT6 (Prop_lut6_I2_O)        0.328    10.277 r  <hidden>
                         net (fo=1, routed)           0.742    11.019    <hidden>
    SLICE_X73Y81         LUT5 (Prop_lut5_I2_O)        0.124    11.143 r  <hidden>
                         net (fo=7, routed)           1.227    12.370    <hidden>
    SLICE_X65Y83         LUT6 (Prop_lut6_I1_O)        0.124    12.494 r  <hidden>
                         net (fo=1, routed)           0.000    12.494    <hidden>
    SLICE_X65Y83         FDRE                                         r  <hidden>
  -------------------------------------------------------------------    -------------------

                         (clock sys_clk_pin rise edge)
                                                     10.000    10.000 r  
    E3                                                0.000    10.000 r  clk (IN)
                         net (fo=0)                   0.000    10.000    clk
    E3                   IBUF (Prop_ibuf_I_O)         1.411    11.411 r  clk_IBUF_inst/O
                         net (fo=1, routed)           1.920    13.331    clk_IBUF
    BUFGCTRL_X0Y16       BUFG (Prop_bufg_I_O)         0.091    13.422 r  clk_IBUF_BUFG_inst/O
                         net (fo=514, routed)         1.505    14.928    <hidden>
    SLICE_X65Y83         FDRE                                         r  <hidden>
                         clock pessimism              0.259    15.187    
                         clock uncertainty           -0.035    15.151    
    SLICE_X65Y83         FDRE (Setup_fdre_C_D)        0.029    15.180    <hidden>
  -------------------------------------------------------------------
                         required time                         15.180    
                         arrival time                         -12.494    
  -------------------------------------------------------------------
                         slack                                  2.686    

Slack (MET) :             2.704ns  (required time - arrival time)
  Source:                 <hidden>
                            (rising edge-triggered cell RAMB36E1 clocked by sys_clk_pin  {rise@0.000ns fall@5.000ns period=10.000ns})
  Destination:            <hidden>
                            (rising edge-triggered cell FDRE clocked by sys_clk_pin  {rise@0.000ns fall@5.000ns period=10.000ns})
  Path Group:             sys_clk_pin
  Path Type:              Setup (Max at Slow Process Corner)
  Requirement:            10.000ns  (sys_clk_pin rise@10.000ns - sys_clk_pin rise@0.000ns)
  Data Path Delay:        7.167ns  (logic 3.208ns (44.760%)  route 3.959ns (55.240%))
  Logic Levels:           4  (LUT4=1 LUT5=2 LUT6=1)
  Clock Path Skew:        -0.168ns (DCD - SCD + CPR)
    Destination Clock Delay (DCD):    4.928ns = ( 14.928 - 10.000 ) 
    Source Clock Delay      (SCD):    5.355ns
    Clock Pessimism Removal (CPR):    0.259ns
  Clock Uncertainty:      0.035ns  ((TSJ^2 + TIJ^2)^1/2 + DJ) / 2 + PE
    Total System Jitter     (TSJ):    0.071ns
    Total Input Jitter      (TIJ):    0.000ns
    Discrete Jitter          (DJ):    0.000ns
    Phase Error              (PE):    0.000ns

    Location             Delay type                Incr(ns)  Path(ns)    Netlist Resource(s)
  -------------------------------------------------------------------    -------------------
                         (clock sys_clk_pin rise edge)
                                                      0.000     0.000 r  
    E3                                                0.000     0.000 r  clk (IN)
                         net (fo=0)                   0.000     0.000    clk
    E3                   IBUF (Prop_ibuf_I_O)         1.482     1.482 r  clk_IBUF_inst/O
                         net (fo=1, routed)           2.025     3.506    clk_IBUF
    BUFGCTRL_X0Y16       BUFG (Prop_bufg_I_O)         0.096     3.602 r  clk_IBUF_BUFG_inst/O
                         net (fo=514, routed)         1.753     5.355    <hidden>
    RAMB36_X3Y15         RAMB36E1                                     r  <hidden>
  -------------------------------------------------------------------    -------------------
    RAMB36_X3Y15         RAMB36E1 (Prop_ramb36e1_CLKARDCLK_DOADO[1])
                                                      2.454     7.809 r  <hidden>
                         net (fo=1, routed)           1.236     9.045    your_instance_name/inst/dlmb/U0/Sl_DBus[28]
    SLICE_X78Y80         LUT4 (Prop_lut4_I0_O)        0.150     9.195 r  your_instance_name/inst/dlmb/U0/LMB_ReadDBus[28]_INST_0/O
                         net (fo=1, routed)           0.754     9.949    <hidden>
    SLICE_X78Y83         LUT6 (Prop_lut6_I2_O)        0.328    10.277 r  <hidden>
                         net (fo=1, routed)           0.742    11.019    <hidden>
    SLICE_X73Y81         LUT5 (Prop_lut5_I2_O)        0.124    11.143 r  <hidden>
                         net (fo=7, routed)           1.227    12.370    <hidden>
    SLICE_X65Y83         LUT5 (Prop_lut5_I1_O)        0.152    12.522 r  <hidden>
                         net (fo=1, routed)           0.000    12.522    <hidden>
    SLICE_X65Y83         FDRE                                         r  <hidden>
  -------------------------------------------------------------------    -------------------

                         (clock sys_clk_pin rise edge)
                                                     10.000    10.000 r  
    E3                                                0.000    10.000 r  clk (IN)
                         net (fo=0)                   0.000    10.000    clk
    E3                   IBUF (Prop_ibuf_I_O)         1.411    11.411 r  clk_IBUF_inst/O
                         net (fo=1, routed)           1.920    13.331    clk_IBUF
    BUFGCTRL_X0Y16       BUFG (Prop_bufg_I_O)         0.091    13.422 r  clk_IBUF_BUFG_inst/O
                         net (fo=514, routed)         1.505    14.928    <hidden>
    SLICE_X65Y83         FDRE                                         r  <hidden>
                         clock pessimism              0.259    15.187    
                         clock uncertainty           -0.035    15.151    
    SLICE_X65Y83         FDRE (Setup_fdre_C_D)        0.075    15.226    <hidden>
  -------------------------------------------------------------------
                         required time                         15.226    
                         arrival time                         -12.522    
  -------------------------------------------------------------------
                         slack                                  2.704    

Slack (MET) :             2.717ns  (required time - arrival time)
  Source:                 <hidden>
                            (rising edge-triggered cell RAMB36E1 clocked by sys_clk_pin  {rise@0.000ns fall@5.000ns period=10.000ns})
  Destination:            <hidden>
                            (rising edge-triggered cell FDRE clocked by sys_clk_pin  {rise@0.000ns fall@5.000ns period=10.000ns})
  Path Group:             sys_clk_pin
  Path Type:              Setup (Max at Slow Process Corner)
  Requirement:            10.000ns  (sys_clk_pin rise@10.000ns - sys_clk_pin rise@0.000ns)
  Data Path Delay:        7.112ns  (logic 3.180ns (44.716%)  route 3.932ns (55.284%))
  Logic Levels:           4  (LUT2=1 LUT5=1 LUT6=2)
  Clock Path Skew:        -0.167ns (DCD - SCD + CPR)
    Destination Clock Delay (DCD):    4.925ns = ( 14.925 - 10.000 ) 
    Source Clock Delay      (SCD):    5.351ns
    Clock Pessimism Removal (CPR):    0.259ns
  Clock Uncertainty:      0.035ns  ((TSJ^2 + TIJ^2)^1/2 + DJ) / 2 + PE
    Total System Jitter     (TSJ):    0.071ns
    Total Input Jitter      (TIJ):    0.000ns
    Discrete Jitter          (DJ):    0.000ns
    Phase Error              (PE):    0.000ns

    Location             Delay type                Incr(ns)  Path(ns)    Netlist Resource(s)
  -------------------------------------------------------------------    -------------------
                         (clock sys_clk_pin rise edge)
                                                      0.000     0.000 r  
    E3                                                0.000     0.000 r  clk (IN)
                         net (fo=0)                   0.000     0.000    clk
    E3                   IBUF (Prop_ibuf_I_O)         1.482     1.482 r  clk_IBUF_inst/O
                         net (fo=1, routed)           2.025     3.506    clk_IBUF
    BUFGCTRL_X0Y16       BUFG (Prop_bufg_I_O)         0.096     3.602 r  clk_IBUF_BUFG_inst/O
                         net (fo=514, routed)         1.749     5.351    <hidden>
    RAMB36_X3Y14         RAMB36E1                                     r  <hidden>
  -------------------------------------------------------------------    -------------------
    RAMB36_X3Y14         RAMB36E1 (Prop_ramb36e1_CLKARDCLK_DOADO[1])
                                                      2.454     7.805 r  <hidden>
                         net (fo=1, routed)           1.177     8.982    your_instance_name/inst/dlmb/U0/Sl_DBus[30]
    SLICE_X78Y79         LUT2 (Prop_lut2_I1_O)        0.150     9.132 r  your_instance_name/inst/dlmb/U0/LMB_ReadDBus[30]_INST_0/O
                         net (fo=1, routed)           0.984    10.116    <hidden>
    SLICE_X72Y79         LUT6 (Prop_lut6_I2_O)        0.328    10.444 r  <hidden>
                         net (fo=1, routed)           0.416    10.860    <hidden>
    SLICE_X72Y78         LUT5 (Prop_lut5_I2_O)        0.124    10.984 r  <hidden>
                         net (fo=7, routed)           1.355    12.339    <hidden>
    SLICE_X69Y81         LUT6 (Prop_lut6_I1_O)        0.124    12.463 r  <hidden>
                         net (fo=1, routed)           0.000    12.463    <hidden>
    SLICE_X69Y81         FDRE                                         r  <hidden>
  -------------------------------------------------------------------    -------------------

                         (clock sys_clk_pin rise edge)
                                                     10.000    10.000 r  
    E3                                                0.000    10.000 r  clk (IN)
                         net (fo=0)                   0.000    10.000    clk
    E3                   IBUF (Prop_ibuf_I_O)         1.411    11.411 r  clk_IBUF_inst/O
                         net (fo=1, routed)           1.920    13.331    clk_IBUF
    BUFGCTRL_X0Y16       BUFG (Prop_bufg_I_O)         0.091    13.422 r  clk_IBUF_BUFG_inst/O
                         net (fo=514, routed)         1.502    14.925    <hidden>
    SLICE_X69Y81         FDRE                                         r  <hidden>
                         clock pessimism              0.259    15.184    
                         clock uncertainty           -0.035    15.148    
    SLICE_X69Y81         FDRE (Setup_fdre_C_D)        0.031    15.179    <hidden>
  -------------------------------------------------------------------
                         required time                         15.179    
                         arrival time                         -12.463    
  -------------------------------------------------------------------
                         slack                                  2.717    

Slack (MET) :             2.723ns  (required time - arrival time)
  Source:                 <hidden>
                            (rising edge-triggered cell RAMB36E1 clocked by sys_clk_pin  {rise@0.000ns fall@5.000ns period=10.000ns})
  Destination:            <hidden>
                            (rising edge-triggered cell FDRE clocked by sys_clk_pin  {rise@0.000ns fall@5.000ns period=10.000ns})
  Path Group:             sys_clk_pin
  Path Type:              Setup (Max at Slow Process Corner)
  Requirement:            10.000ns  (sys_clk_pin rise@10.000ns - sys_clk_pin rise@0.000ns)
  Data Path Delay:        7.269ns  (logic 3.412ns (46.940%)  route 3.857ns (53.060%))
  Logic Levels:           4  (LUT2=1 LUT3=1 LUT6=2)
  Clock Path Skew:        -0.003ns (DCD - SCD + CPR)
    Destination Clock Delay (DCD):    5.012ns = ( 15.012 - 10.000 ) 
    Source Clock Delay      (SCD):    5.274ns
    Clock Pessimism Removal (CPR):    0.259ns
  Clock Uncertainty:      0.035ns  ((TSJ^2 + TIJ^2)^1/2 + DJ) / 2 + PE
    Total System Jitter     (TSJ):    0.071ns
    Total Input Jitter      (TIJ):    0.000ns
    Discrete Jitter          (DJ):    0.000ns
    Phase Error              (PE):    0.000ns

    Location             Delay type                Incr(ns)  Path(ns)    Netlist Resource(s)
  -------------------------------------------------------------------    -------------------
                         (clock sys_clk_pin rise edge)
                                                      0.000     0.000 r  
    E3                                                0.000     0.000 r  clk (IN)
                         net (fo=0)                   0.000     0.000    clk
    E3                   IBUF (Prop_ibuf_I_O)         1.482     1.482 r  clk_IBUF_inst/O
                         net (fo=1, routed)           2.025     3.506    clk_IBUF
    BUFGCTRL_X0Y16       BUFG (Prop_bufg_I_O)         0.096     3.602 r  clk_IBUF_BUFG_inst/O
                         net (fo=514, routed)         1.672     5.274    <hidden>
    RAMB36_X1Y17         RAMB36E1                                     r  <hidden>
  -------------------------------------------------------------------    -------------------
    RAMB36_X1Y17         RAMB36E1 (Prop_ramb36e1_CLKARDCLK_DOADO[1])
                                                      2.454     7.728 r  <hidden>
                         net (fo=1, routed)           0.920     8.648    your_instance_name/inst/dlmb/U0/Sl_DBus[0]
    SLICE_X63Y87         LUT2 (Prop_lut2_I1_O)        0.150     8.798 r  your_instance_name/inst/dlmb/U0/LMB_ReadDBus[0]_INST_0/O
                         net (fo=3, routed)           1.368    10.166    <hidden>
    SLICE_X79Y86         LUT3 (Prop_lut3_I2_O)        0.352    10.518 r  <hidden>
                         net (fo=1, routed)           0.408    10.927    <hidden>
    SLICE_X79Y84         LUT6 (Prop_lut6_I3_O)        0.332    11.259 r  <hidden>
                         net (fo=7, routed)           1.160    12.419    <hidden>
    SLICE_X73Y84         LUT6 (Prop_lut6_I1_O)        0.124    12.543 r  <hidden>
                         net (fo=1, routed)           0.000    12.543    <hidden>
    SLICE_X73Y84         FDRE                                         r  <hidden>
  -------------------------------------------------------------------    -------------------

                         (clock sys_clk_pin rise edge)
                                                     10.000    10.000 r  
    E3                                                0.000    10.000 r  clk (IN)
                         net (fo=0)                   0.000    10.000    clk
    E3                   IBUF (Prop_ibuf_I_O)         1.411    11.411 r  clk_IBUF_inst/O
                         net (fo=1, routed)           1.920    13.331    clk_IBUF
    BUFGCTRL_X0Y16       BUFG (Prop_bufg_I_O)         0.091    13.422 r  clk_IBUF_BUFG_inst/O
                         net (fo=514, routed)         1.589    15.012    <hidden>
    SLICE_X73Y84         FDRE                                         r  <hidden>
                         clock pessimism              0.259    15.271    
                         clock uncertainty           -0.035    15.235    
    SLICE_X73Y84         FDRE (Setup_fdre_C_D)        0.031    15.266    <hidden>
  -------------------------------------------------------------------
                         required time                         15.266    
                         arrival time                         -12.543    
  -------------------------------------------------------------------
                         slack                                  2.723    

Slack (MET) :             2.731ns  (required time - arrival time)
  Source:                 <hidden>
                            (rising edge-triggered cell RAMB36E1 clocked by sys_clk_pin  {rise@0.000ns fall@5.000ns period=10.000ns})
  Destination:            <hidden>
                            (rising edge-triggered cell FDRE clocked by sys_clk_pin  {rise@0.000ns fall@5.000ns period=10.000ns})
  Path Group:             sys_clk_pin
  Path Type:              Setup (Max at Slow Process Corner)
  Requirement:            10.000ns  (sys_clk_pin rise@10.000ns - sys_clk_pin rise@0.000ns)
  Data Path Delay:        7.142ns  (logic 3.210ns (44.948%)  route 3.932ns (55.052%))
  Logic Levels:           4  (LUT2=1 LUT5=2 LUT6=1)
  Clock Path Skew:        -0.167ns (DCD - SCD + CPR)
    Destination Clock Delay (DCD):    4.925ns = ( 14.925 - 10.000 ) 
    Source Clock Delay      (SCD):    5.351ns
    Clock Pessimism Removal (CPR):    0.259ns
  Clock Uncertainty:      0.035ns  ((TSJ^2 + TIJ^2)^1/2 + DJ) / 2 + PE
    Total System Jitter     (TSJ):    0.071ns
    Total Input Jitter      (TIJ):    0.000ns
    Discrete Jitter          (DJ):    0.000ns
    Phase Error              (PE):    0.000ns

    Location             Delay type                Incr(ns)  Path(ns)    Netlist Resource(s)
  -------------------------------------------------------------------    -------------------
                         (clock sys_clk_pin rise edge)
                                                      0.000     0.000 r  
    E3                                                0.000     0.000 r  clk (IN)
                         net (fo=0)                   0.000     0.000    clk
    E3                   IBUF (Prop_ibuf_I_O)         1.482     1.482 r  clk_IBUF_inst/O
                         net (fo=1, routed)           2.025     3.506    clk_IBUF
    BUFGCTRL_X0Y16       BUFG (Prop_bufg_I_O)         0.096     3.602 r  clk_IBUF_BUFG_inst/O
                         net (fo=514, routed)         1.749     5.351    <hidden>
    RAMB36_X3Y14         RAMB36E1                                     r  <hidden>
  -------------------------------------------------------------------    -------------------
    RAMB36_X3Y14         RAMB36E1 (Prop_ramb36e1_CLKARDCLK_DOADO[1])
                                                      2.454     7.805 r  <hidden>
                         net (fo=1, routed)           1.177     8.982    your_instance_name/inst/dlmb/U0/Sl_DBus[30]
    SLICE_X78Y79         LUT2 (Prop_lut2_I1_O)        0.150     9.132 r  your_instance_name/inst/dlmb/U0/LMB_ReadDBus[30]_INST_0/O
                         net (fo=1, routed)           0.984    10.116    <hidden>
    SLICE_X72Y79         LUT6 (Prop_lut6_I2_O)        0.328    10.444 r  <hidden>
                         net (fo=1, routed)           0.416    10.860    <hidden>
    SLICE_X72Y78         LUT5 (Prop_lut5_I2_O)        0.124    10.984 r  <hidden>
                         net (fo=7, routed)           1.355    12.339    <hidden>
    SLICE_X69Y81         LUT5 (Prop_lut5_I1_O)        0.154    12.493 r  <hidden>
                         net (fo=1, routed)           0.000    12.493    <hidden>
    SLICE_X69Y81         FDRE                                         r  <hidden>
  -------------------------------------------------------------------    -------------------

                         (clock sys_clk_pin rise edge)
                                                     10.000    10.000 r  
    E3                                                0.000    10.000 r  clk (IN)
                         net (fo=0)                   0.000    10.000    clk
    E3                   IBUF (Prop_ibuf_I_O)         1.411    11.411 r  clk_IBUF_inst/O
                         net (fo=1, routed)           1.920    13.331    clk_IBUF
    BUFGCTRL_X0Y16       BUFG (Prop_bufg_I_O)         0.091    13.422 r  clk_IBUF_BUFG_inst/O
                         net (fo=514, routed)         1.502    14.925    <hidden>
    SLICE_X69Y81         FDRE                                         r  <hidden>
                         clock pessimism              0.259    15.184    
                         clock uncertainty           -0.035    15.148    
    SLICE_X69Y81         FDRE (Setup_fdre_C_D)        0.075    15.223    <hidden>
  -------------------------------------------------------------------
                         required time                         15.223    
                         arrival time                         -12.493    
  -------------------------------------------------------------------
                         slack                                  2.731    





Min Delay Paths
--------------------------------------------------------------------------------------
Slack (MET) :             0.122ns  (arrival time - required time)
  Source:                 <hidden>
                            (rising edge-triggered cell FDRE clocked by sys_clk_pin  {rise@0.000ns fall@5.000ns period=10.000ns})
  Destination:            <hidden>
                            (rising edge-triggered cell FDRE clocked by sys_clk_pin  {rise@0.000ns fall@5.000ns period=10.000ns})
  Path Group:             sys_clk_pin
  Path Type:              Hold (Min at Fast Process Corner)
  Requirement:            0.000ns  (sys_clk_pin rise@0.000ns - sys_clk_pin rise@0.000ns)
  Data Path Delay:        0.197ns  (logic 0.141ns (71.611%)  route 0.056ns (28.389%))
  Logic Levels:           0  
  Clock Path Skew:        0.000ns (DCD - SCD - CPR)
    Destination Clock Delay (DCD):    2.002ns
    Source Clock Delay      (SCD):    1.485ns
    Clock Pessimism Removal (CPR):    0.516ns

    Location             Delay type                Incr(ns)  Path(ns)    Netlist Resource(s)
  -------------------------------------------------------------------    -------------------
                         (clock sys_clk_pin rise edge)
                                                      0.000     0.000 r  
    E3                                                0.000     0.000 r  clk (IN)
                         net (fo=0)                   0.000     0.000    clk
    E3                   IBUF (Prop_ibuf_I_O)         0.250     0.250 r  clk_IBUF_inst/O
                         net (fo=1, routed)           0.644     0.894    clk_IBUF
    BUFGCTRL_X0Y16       BUFG (Prop_bufg_I_O)         0.026     0.920 r  clk_IBUF_BUFG_inst/O
                         net (fo=514, routed)         0.566     1.485    <hidden>
    SLICE_X63Y89         FDRE                                         r  <hidden>
  -------------------------------------------------------------------    -------------------
    SLICE_X63Y89         FDRE (Prop_fdre_C_Q)         0.141     1.626 r  <hidden>
                         net (fo=1, routed)           0.056     1.682    <hidden>
    SLICE_X63Y89         FDRE                                         r  <hidden>
  -------------------------------------------------------------------    -------------------

                         (clock sys_clk_pin rise edge)
                                                      0.000     0.000 r  
    E3                                                0.000     0.000 r  clk (IN)
                         net (fo=0)                   0.000     0.000    clk
    E3                   IBUF (Prop_ibuf_I_O)         0.438     0.438 r  clk_IBUF_inst/O
                         net (fo=1, routed)           0.699     1.136    clk_IBUF
    BUFGCTRL_X0Y16       BUFG (Prop_bufg_I_O)         0.029     1.165 r  clk_IBUF_BUFG_inst/O
                         net (fo=514, routed)         0.837     2.002    <hidden>
    SLICE_X63Y89         FDRE                                         r  <hidden>
                         clock pessimism             -0.516     1.485    
    SLICE_X63Y89         FDRE (Hold_fdre_C_D)         0.075     1.560    <hidden>
  -------------------------------------------------------------------
                         required time                         -1.560    
                         arrival time                           1.682    
  -------------------------------------------------------------------
                         slack                                  0.122    

Slack (MET) :             0.122ns  (arrival time - required time)
  Source:                 <hidden>
                            (rising edge-triggered cell FDRE clocked by sys_clk_pin  {rise@0.000ns fall@5.000ns period=10.000ns})
  Destination:            <hidden>
                            (rising edge-triggered cell FDRE clocked by sys_clk_pin  {rise@0.000ns fall@5.000ns period=10.000ns})
  Path Group:             sys_clk_pin
  Path Type:              Hold (Min at Fast Process Corner)
  Requirement:            0.000ns  (sys_clk_pin rise@0.000ns - sys_clk_pin rise@0.000ns)
  Data Path Delay:        0.197ns  (logic 0.141ns (71.611%)  route 0.056ns (28.389%))
  Logic Levels:           0  
  Clock Path Skew:        0.000ns (DCD - SCD - CPR)
    Destination Clock Delay (DCD):    2.033ns
    Source Clock Delay      (SCD):    1.514ns
    Clock Pessimism Removal (CPR):    0.518ns

    Location             Delay type                Incr(ns)  Path(ns)    Netlist Resource(s)
  -------------------------------------------------------------------    -------------------
                         (clock sys_clk_pin rise edge)
                                                      0.000     0.000 r  
    E3                                                0.000     0.000 r  clk (IN)
                         net (fo=0)                   0.000     0.000    clk
    E3                   IBUF (Prop_ibuf_I_O)         0.250     0.250 r  clk_IBUF_inst/O
                         net (fo=1, routed)           0.644     0.894    clk_IBUF
    BUFGCTRL_X0Y16       BUFG (Prop_bufg_I_O)         0.026     0.920 r  clk_IBUF_BUFG_inst/O
                         net (fo=514, routed)         0.595     1.514    <hidden>
    SLICE_X75Y89         FDRE                                         r  <hidden>
  -------------------------------------------------------------------    -------------------
    SLICE_X75Y89         FDRE (Prop_fdre_C_Q)         0.141     1.655 r  <hidden>
                         net (fo=1, routed)           0.056     1.711    <hidden>
    SLICE_X75Y89         FDRE                                         r  <hidden>
  -------------------------------------------------------------------    -------------------

                         (clock sys_clk_pin rise edge)
                                                      0.000     0.000 r  
    E3                                                0.000     0.000 r  clk (IN)
                         net (fo=0)                   0.000     0.000    clk
    E3                   IBUF (Prop_ibuf_I_O)         0.438     0.438 r  clk_IBUF_inst/O
                         net (fo=1, routed)           0.699     1.136    clk_IBUF
    BUFGCTRL_X0Y16       BUFG (Prop_bufg_I_O)         0.029     1.165 r  clk_IBUF_BUFG_inst/O
                         net (fo=514, routed)         0.868     2.033    <hidden>
    SLICE_X75Y89         FDRE                                         r  <hidden>
                         clock pessimism             -0.518     1.514    
    SLICE_X75Y89         FDRE (Hold_fdre_C_D)         0.075     1.589    <hidden>
  -------------------------------------------------------------------
                         required time                         -1.589    
                         arrival time                           1.711    
  -------------------------------------------------------------------
                         slack                                  0.122    

Slack (MET) :             0.122ns  (arrival time - required time)
  Source:                 your_instance_name/inst/rst_0/U0/EXT_LPF/ACTIVE_HIGH_EXT.ACT_HI_EXT/syncstages_ff_reg[0]/C
                            (rising edge-triggered cell FDRE clocked by sys_clk_pin  {rise@0.000ns fall@5.000ns period=10.000ns})
  Destination:            your_instance_name/inst/rst_0/U0/EXT_LPF/ACTIVE_HIGH_EXT.ACT_HI_EXT/syncstages_ff_reg[1]/D
                            (rising edge-triggered cell FDRE clocked by sys_clk_pin  {rise@0.000ns fall@5.000ns period=10.000ns})
  Path Group:             sys_clk_pin
  Path Type:              Hold (Min at Fast Process Corner)
  Requirement:            0.000ns  (sys_clk_pin rise@0.000ns - sys_clk_pin rise@0.000ns)
  Data Path Delay:        0.197ns  (logic 0.141ns (71.611%)  route 0.056ns (28.389%))
  Logic Levels:           0  
  Clock Path Skew:        0.000ns (DCD - SCD - CPR)
    Destination Clock Delay (DCD):    2.032ns
    Source Clock Delay      (SCD):    1.514ns
    Clock Pessimism Removal (CPR):    0.517ns

    Location             Delay type                Incr(ns)  Path(ns)    Netlist Resource(s)
  -------------------------------------------------------------------    -------------------
                         (clock sys_clk_pin rise edge)
                                                      0.000     0.000 r  
    E3                                                0.000     0.000 r  clk (IN)
                         net (fo=0)                   0.000     0.000    clk
    E3                   IBUF (Prop_ibuf_I_O)         0.250     0.250 r  clk_IBUF_inst/O
                         net (fo=1, routed)           0.644     0.894    clk_IBUF
    BUFGCTRL_X0Y16       BUFG (Prop_bufg_I_O)         0.026     0.920 r  clk_IBUF_BUFG_inst/O
                         net (fo=514, routed)         0.595     1.514    your_instance_name/inst/rst_0/U0/EXT_LPF/ACTIVE_HIGH_EXT.ACT_HI_EXT/dest_clk
    SLICE_X73Y93         FDRE                                         r  your_instance_name/inst/rst_0/U0/EXT_LPF/ACTIVE_HIGH_EXT.ACT_HI_EXT/syncstages_ff_reg[0]/C
  -------------------------------------------------------------------    -------------------
    SLICE_X73Y93         FDRE (Prop_fdre_C_Q)         0.141     1.655 r  your_instance_name/inst/rst_0/U0/EXT_LPF/ACTIVE_HIGH_EXT.ACT_HI_EXT/syncstages_ff_reg[0]/Q
                         net (fo=1, routed)           0.056     1.711    your_instance_name/inst/rst_0/U0/EXT_LPF/ACTIVE_HIGH_EXT.ACT_HI_EXT/syncstages_ff[0]
    SLICE_X73Y93         FDRE                                         r  your_instance_name/inst/rst_0/U0/EXT_LPF/ACTIVE_HIGH_EXT.ACT_HI_EXT/syncstages_ff_reg[1]/D
  -------------------------------------------------------------------    -------------------

                         (clock sys_clk_pin rise edge)
                                                      0.000     0.000 r  
    E3                                                0.000     0.000 r  clk (IN)
                         net (fo=0)                   0.000     0.000    clk
    E3                   IBUF (Prop_ibuf_I_O)         0.438     0.438 r  clk_IBUF_inst/O
                         net (fo=1, routed)           0.699     1.136    clk_IBUF
    BUFGCTRL_X0Y16       BUFG (Prop_bufg_I_O)         0.029     1.165 r  clk_IBUF_BUFG_inst/O
                         net (fo=514, routed)         0.867     2.032    your_instance_name/inst/rst_0/U0/EXT_LPF/ACTIVE_HIGH_EXT.ACT_HI_EXT/dest_clk
    SLICE_X73Y93         FDRE                                         r  your_instance_name/inst/rst_0/U0/EXT_LPF/ACTIVE_HIGH_EXT.ACT_HI_EXT/syncstages_ff_reg[1]/C
                         clock pessimism             -0.517     1.514    
    SLICE_X73Y93         FDRE (Hold_fdre_C_D)         0.075     1.589    your_instance_name/inst/rst_0/U0/EXT_LPF/ACTIVE_HIGH_EXT.ACT_HI_EXT/syncstages_ff_reg[1]
  -------------------------------------------------------------------
                         required time                         -1.589    
                         arrival time                           1.711    
  -------------------------------------------------------------------
                         slack                                  0.122    

Slack (MET) :             0.126ns  (arrival time - required time)
  Source:                 <hidden>
                            (rising edge-triggered cell FDRE clocked by sys_clk_pin  {rise@0.000ns fall@5.000ns period=10.000ns})
  Destination:            <hidden>
                            (rising edge-triggered cell FDRE clocked by sys_clk_pin  {rise@0.000ns fall@5.000ns period=10.000ns})
  Path Group:             sys_clk_pin
  Path Type:              Hold (Min at Fast Process Corner)
  Requirement:            0.000ns  (sys_clk_pin rise@0.000ns - sys_clk_pin rise@0.000ns)
  Data Path Delay:        0.197ns  (logic 0.141ns (71.611%)  route 0.056ns (28.389%))
  Logic Levels:           0  
  Clock Path Skew:        0.000ns (DCD - SCD - CPR)
    Destination Clock Delay (DCD):    2.002ns
    Source Clock Delay      (SCD):    1.485ns
    Clock Pessimism Removal (CPR):    0.516ns

    Location             Delay type                Incr(ns)  Path(ns)    Netlist Resource(s)
  -------------------------------------------------------------------    -------------------
                         (clock sys_clk_pin rise edge)
                                                      0.000     0.000 r  
    E3                                                0.000     0.000 r  clk (IN)
                         net (fo=0)                   0.000     0.000    clk
    E3                   IBUF (Prop_ibuf_I_O)         0.250     0.250 r  clk_IBUF_inst/O
                         net (fo=1, routed)           0.644     0.894    clk_IBUF
    BUFGCTRL_X0Y16       BUFG (Prop_bufg_I_O)         0.026     0.920 r  clk_IBUF_BUFG_inst/O
                         net (fo=514, routed)         0.566     1.485    <hidden>
    SLICE_X63Y89         FDRE                                         r  <hidden>
  -------------------------------------------------------------------    -------------------
    SLICE_X63Y89         FDRE (Prop_fdre_C_Q)         0.141     1.626 r  <hidden>
                         net (fo=1, routed)           0.056     1.682    <hidden>
    SLICE_X63Y89         FDRE                                         r  <hidden>
  -------------------------------------------------------------------    -------------------

                         (clock sys_clk_pin rise edge)
                                                      0.000     0.000 r  
    E3                                                0.000     0.000 r  clk (IN)
                         net (fo=0)                   0.000     0.000    clk
    E3                   IBUF (Prop_ibuf_I_O)         0.438     0.438 r  clk_IBUF_inst/O
                         net (fo=1, routed)           0.699     1.136    clk_IBUF
    BUFGCTRL_X0Y16       BUFG (Prop_bufg_I_O)         0.029     1.165 r  clk_IBUF_BUFG_inst/O
                         net (fo=514, routed)         0.837     2.002    <hidden>
    SLICE_X63Y89         FDRE                                         r  <hidden>
                         clock pessimism             -0.516     1.485    
    SLICE_X63Y89         FDRE (Hold_fdre_C_D)         0.071     1.556    <hidden>
  -------------------------------------------------------------------
                         required time                         -1.556    
                         arrival time                           1.682    
  -------------------------------------------------------------------
                         slack                                  0.126    

Slack (MET) :             0.126ns  (arrival time - required time)
  Source:                 <hidden>
                            (rising edge-triggered cell FDSE clocked by sys_clk_pin  {rise@0.000ns fall@5.000ns period=10.000ns})
  Destination:            <hidden>
                            (rising edge-triggered cell SRL16E clocked by sys_clk_pin  {rise@0.000ns fall@5.000ns period=10.000ns})
  Path Group:             sys_clk_pin
  Path Type:              Hold (Min at Fast Process Corner)
  Requirement:            0.000ns  (sys_clk_pin rise@0.000ns - sys_clk_pin rise@0.000ns)
  Data Path Delay:        0.270ns  (logic 0.141ns (52.154%)  route 0.129ns (47.846%))
  Logic Levels:           0  
  Clock Path Skew:        0.036ns (DCD - SCD - CPR)
    Destination Clock Delay (DCD):    1.996ns
    Source Clock Delay      (SCD):    1.480ns
    Clock Pessimism Removal (CPR):    0.479ns

    Location             Delay type                Incr(ns)  Path(ns)    Netlist Resource(s)
  -------------------------------------------------------------------    -------------------
                         (clock sys_clk_pin rise edge)
                                                      0.000     0.000 r  
    E3                                                0.000     0.000 r  clk (IN)
                         net (fo=0)                   0.000     0.000    clk
    E3                   IBUF (Prop_ibuf_I_O)         0.250     0.250 r  clk_IBUF_inst/O
                         net (fo=1, routed)           0.644     0.894    clk_IBUF
    BUFGCTRL_X0Y16       BUFG (Prop_bufg_I_O)         0.026     0.920 r  clk_IBUF_BUFG_inst/O
                         net (fo=514, routed)         0.561     1.480    <hidden>
    SLICE_X63Y81         FDSE                                         r  <hidden>
  -------------------------------------------------------------------    -------------------
    SLICE_X63Y81         FDSE (Prop_fdse_C_Q)         0.141     1.621 r  <hidden>
                         net (fo=2, routed)           0.129     1.751    <hidden>
    SLICE_X66Y81         SRL16E                                       r  <hidden>
  -------------------------------------------------------------------    -------------------

                         (clock sys_clk_pin rise edge)
                                                      0.000     0.000 r  
    E3                                                0.000     0.000 r  clk (IN)
                         net (fo=0)                   0.000     0.000    clk
    E3                   IBUF (Prop_ibuf_I_O)         0.438     0.438 r  clk_IBUF_inst/O
                         net (fo=1, routed)           0.699     1.136    clk_IBUF
    BUFGCTRL_X0Y16       BUFG (Prop_bufg_I_O)         0.029     1.165 r  clk_IBUF_BUFG_inst/O
                         net (fo=514, routed)         0.831     1.996    <hidden>
    SLICE_X66Y81         SRL16E                                       r  <hidden>
                         clock pessimism             -0.479     1.516    
    SLICE_X66Y81         SRL16E (Hold_srl16e_CLK_D)
                                                      0.108     1.624    <hidden>
  -------------------------------------------------------------------
                         required time                         -1.624    
                         arrival time                           1.751    
  -------------------------------------------------------------------
                         slack                                  0.126    

Slack (MET) :             0.131ns  (arrival time - required time)
  Source:                 your_instance_name/inst/rst_0/U0/EXT_LPF/ACTIVE_LOW_AUX.ACT_LO_AUX/syncstages_ff_reg[0]/C
                            (rising edge-triggered cell FDRE clocked by sys_clk_pin  {rise@0.000ns fall@5.000ns period=10.000ns})
  Destination:            your_instance_name/inst/rst_0/U0/EXT_LPF/ACTIVE_LOW_AUX.ACT_LO_AUX/syncstages_ff_reg[1]/D
                            (rising edge-triggered cell FDRE clocked by sys_clk_pin  {rise@0.000ns fall@5.000ns period=10.000ns})
  Path Group:             sys_clk_pin
  Path Type:              Hold (Min at Fast Process Corner)
  Requirement:            0.000ns  (sys_clk_pin rise@0.000ns - sys_clk_pin rise@0.000ns)
  Data Path Delay:        0.206ns  (logic 0.141ns (68.336%)  route 0.065ns (31.664%))
  Logic Levels:           0  
  Clock Path Skew:        0.000ns (DCD - SCD - CPR)
    Destination Clock Delay (DCD):    2.031ns
    Source Clock Delay      (SCD):    1.513ns
    Clock Pessimism Removal (CPR):    0.517ns

    Location             Delay type                Incr(ns)  Path(ns)    Netlist Resource(s)
  -------------------------------------------------------------------    -------------------
                         (clock sys_clk_pin rise edge)
                                                      0.000     0.000 r  
    E3                                                0.000     0.000 r  clk (IN)
                         net (fo=0)                   0.000     0.000    clk
    E3                   IBUF (Prop_ibuf_I_O)         0.250     0.250 r  clk_IBUF_inst/O
                         net (fo=1, routed)           0.644     0.894    clk_IBUF
    BUFGCTRL_X0Y16       BUFG (Prop_bufg_I_O)         0.026     0.920 r  clk_IBUF_BUFG_inst/O
                         net (fo=514, routed)         0.594     1.513    your_instance_name/inst/rst_0/U0/EXT_LPF/ACTIVE_LOW_AUX.ACT_LO_AUX/dest_clk
    SLICE_X72Y90         FDRE                                         r  your_instance_name/inst/rst_0/U0/EXT_LPF/ACTIVE_LOW_AUX.ACT_LO_AUX/syncstages_ff_reg[0]/C
  -------------------------------------------------------------------    -------------------
    SLICE_X72Y90         FDRE (Prop_fdre_C_Q)         0.141     1.654 r  your_instance_name/inst/rst_0/U0/EXT_LPF/ACTIVE_LOW_AUX.ACT_LO_AUX/syncstages_ff_reg[0]/Q
                         net (fo=1, routed)           0.065     1.720    your_instance_name/inst/rst_0/U0/EXT_LPF/ACTIVE_LOW_AUX.ACT_LO_AUX/syncstages_ff[0]
    SLICE_X72Y90         FDRE                                         r  your_instance_name/inst/rst_0/U0/EXT_LPF/ACTIVE_LOW_AUX.ACT_LO_AUX/syncstages_ff_reg[1]/D
  -------------------------------------------------------------------    -------------------

                         (clock sys_clk_pin rise edge)
                                                      0.000     0.000 r  
    E3                                                0.000     0.000 r  clk (IN)
                         net (fo=0)                   0.000     0.000    clk
    E3                   IBUF (Prop_ibuf_I_O)         0.438     0.438 r  clk_IBUF_inst/O
                         net (fo=1, routed)           0.699     1.136    clk_IBUF
    BUFGCTRL_X0Y16       BUFG (Prop_bufg_I_O)         0.029     1.165 r  clk_IBUF_BUFG_inst/O
                         net (fo=514, routed)         0.866     2.031    your_instance_name/inst/rst_0/U0/EXT_LPF/ACTIVE_LOW_AUX.ACT_LO_AUX/dest_clk
    SLICE_X72Y90         FDRE                                         r  your_instance_name/inst/rst_0/U0/EXT_LPF/ACTIVE_LOW_AUX.ACT_LO_AUX/syncstages_ff_reg[1]/C
                         clock pessimism             -0.517     1.513    
    SLICE_X72Y90         FDRE (Hold_fdre_C_D)         0.075     1.588    your_instance_name/inst/rst_0/U0/EXT_LPF/ACTIVE_LOW_AUX.ACT_LO_AUX/syncstages_ff_reg[1]
  -------------------------------------------------------------------
                         required time                         -1.588    
                         arrival time                           1.720    
  -------------------------------------------------------------------
                         slack                                  0.131    

Slack (MET) :             0.135ns  (arrival time - required time)
  Source:                 <hidden>
                            (rising edge-triggered cell FDRE clocked by sys_clk_pin  {rise@0.000ns fall@5.000ns period=10.000ns})
  Destination:            <hidden>
                            (rising edge-triggered cell RAMD32 clocked by sys_clk_pin  {rise@0.000ns fall@5.000ns period=10.000ns})
  Path Group:             sys_clk_pin
  Path Type:              Hold (Min at Fast Process Corner)
  Requirement:            0.000ns  (sys_clk_pin rise@0.000ns - sys_clk_pin rise@0.000ns)
  Data Path Delay:        0.372ns  (logic 0.141ns (37.891%)  route 0.231ns (62.109%))
  Logic Levels:           0  
  Clock Path Skew:        0.037ns (DCD - SCD - CPR)
    Destination Clock Delay (DCD):    2.000ns
    Source Clock Delay      (SCD):    1.483ns
    Clock Pessimism Removal (CPR):    0.479ns

    Location             Delay type                Incr(ns)  Path(ns)    Netlist Resource(s)
  -------------------------------------------------------------------    -------------------
                         (clock sys_clk_pin rise edge)
                                                      0.000     0.000 r  
    E3                                                0.000     0.000 r  clk (IN)
                         net (fo=0)                   0.000     0.000    clk
    E3                   IBUF (Prop_ibuf_I_O)         0.250     0.250 r  clk_IBUF_inst/O
                         net (fo=1, routed)           0.644     0.894    clk_IBUF
    BUFGCTRL_X0Y16       BUFG (Prop_bufg_I_O)         0.026     0.920 r  clk_IBUF_BUFG_inst/O
                         net (fo=514, routed)         0.564     1.483    <hidden>
    SLICE_X64Y85         FDRE                                         r  <hidden>
  -------------------------------------------------------------------    -------------------
    SLICE_X64Y85         FDRE (Prop_fdre_C_Q)         0.141     1.624 r  <hidden>
                         net (fo=199, routed)         0.231     1.855    <hidden>
    SLICE_X70Y85         RAMD32                                       r  <hidden>
  -------------------------------------------------------------------    -------------------

                         (clock sys_clk_pin rise edge)
                                                      0.000     0.000 r  
    E3                                                0.000     0.000 r  clk (IN)
                         net (fo=0)                   0.000     0.000    clk
    E3                   IBUF (Prop_ibuf_I_O)         0.438     0.438 r  clk_IBUF_inst/O
                         net (fo=1, routed)           0.699     1.136    clk_IBUF
    BUFGCTRL_X0Y16       BUFG (Prop_bufg_I_O)         0.029     1.165 r  clk_IBUF_BUFG_inst/O
                         net (fo=514, routed)         0.835     2.000    <hidden>
    SLICE_X70Y85         RAMD32                                       r  <hidden>
                         clock pessimism             -0.479     1.520    
    SLICE_X70Y85         RAMD32 (Hold_ramd32_CLK_WADR4)
                                                      0.200     1.720    <hidden>
  -------------------------------------------------------------------
                         required time                         -1.720    
                         arrival time                           1.855    
  -------------------------------------------------------------------
                         slack                                  0.135    

Slack (MET) :             0.135ns  (arrival time - required time)
  Source:                 <hidden>
                            (rising edge-triggered cell FDRE clocked by sys_clk_pin  {rise@0.000ns fall@5.000ns period=10.000ns})
  Destination:            <hidden>
                            (rising edge-triggered cell RAMD32 clocked by sys_clk_pin  {rise@0.000ns fall@5.000ns period=10.000ns})
  Path Group:             sys_clk_pin
  Path Type:              Hold (Min at Fast Process Corner)
  Requirement:            0.000ns  (sys_clk_pin rise@0.000ns - sys_clk_pin rise@0.000ns)
  Data Path Delay:        0.372ns  (logic 0.141ns (37.891%)  route 0.231ns (62.109%))
  Logic Levels:           0  
  Clock Path Skew:        0.037ns (DCD - SCD - CPR)
    Destination Clock Delay (DCD):    2.000ns
    Source Clock Delay      (SCD):    1.483ns
    Clock Pessimism Removal (CPR):    0.479ns

    Location             Delay type                Incr(ns)  Path(ns)    Netlist Resource(s)
  -------------------------------------------------------------------    -------------------
                         (clock sys_clk_pin rise edge)
                                                      0.000     0.000 r  
    E3                                                0.000     0.000 r  clk (IN)
                         net (fo=0)                   0.000     0.000    clk
    E3                   IBUF (Prop_ibuf_I_O)         0.250     0.250 r  clk_IBUF_inst/O
                         net (fo=1, routed)           0.644     0.894    clk_IBUF
    BUFGCTRL_X0Y16       BUFG (Prop_bufg_I_O)         0.026     0.920 r  clk_IBUF_BUFG_inst/O
                         net (fo=514, routed)         0.564     1.483    <hidden>
    SLICE_X64Y85         FDRE                                         r  <hidden>
  -------------------------------------------------------------------    -------------------
    SLICE_X64Y85         FDRE (Prop_fdre_C_Q)         0.141     1.624 r  <hidden>
                         net (fo=199, routed)         0.231     1.855    <hidden>
    SLICE_X70Y85         RAMD32                                       r  <hidden>
  -------------------------------------------------------------------    -------------------

                         (clock sys_clk_pin rise edge)
                                                      0.000     0.000 r  
    E3                                                0.000     0.000 r  clk (IN)
                         net (fo=0)                   0.000     0.000    clk
    E3                   IBUF (Prop_ibuf_I_O)         0.438     0.438 r  clk_IBUF_inst/O
                         net (fo=1, routed)           0.699     1.136    clk_IBUF
    BUFGCTRL_X0Y16       BUFG (Prop_bufg_I_O)         0.029     1.165 r  clk_IBUF_BUFG_inst/O
                         net (fo=514, routed)         0.835     2.000    <hidden>
    SLICE_X70Y85         RAMD32                                       r  <hidden>
                         clock pessimism             -0.479     1.520    
    SLICE_X70Y85         RAMD32 (Hold_ramd32_CLK_WADR4)
                                                      0.200     1.720    <hidden>
  -------------------------------------------------------------------
                         required time                         -1.720    
                         arrival time                           1.855    
  -------------------------------------------------------------------
                         slack                                  0.135    

Slack (MET) :             0.135ns  (arrival time - required time)
  Source:                 <hidden>
                            (rising edge-triggered cell FDRE clocked by sys_clk_pin  {rise@0.000ns fall@5.000ns period=10.000ns})
  Destination:            <hidden>
                            (rising edge-triggered cell RAMD32 clocked by sys_clk_pin  {rise@0.000ns fall@5.000ns period=10.000ns})
  Path Group:             sys_clk_pin
  Path Type:              Hold (Min at Fast Process Corner)
  Requirement:            0.000ns  (sys_clk_pin rise@0.000ns - sys_clk_pin rise@0.000ns)
  Data Path Delay:        0.372ns  (logic 0.141ns (37.891%)  route 0.231ns (62.109%))
  Logic Levels:           0  
  Clock Path Skew:        0.037ns (DCD - SCD - CPR)
    Destination Clock Delay (DCD):    2.000ns
    Source Clock Delay      (SCD):    1.483ns
    Clock Pessimism Removal (CPR):    0.479ns

    Location             Delay type                Incr(ns)  Path(ns)    Netlist Resource(s)
  -------------------------------------------------------------------    -------------------
                         (clock sys_clk_pin rise edge)
                                                      0.000     0.000 r  
    E3                                                0.000     0.000 r  clk (IN)
                         net (fo=0)                   0.000     0.000    clk
    E3                   IBUF (Prop_ibuf_I_O)         0.250     0.250 r  clk_IBUF_inst/O
                         net (fo=1, routed)           0.644     0.894    clk_IBUF
    BUFGCTRL_X0Y16       BUFG (Prop_bufg_I_O)         0.026     0.920 r  clk_IBUF_BUFG_inst/O
                         net (fo=514, routed)         0.564     1.483    <hidden>
    SLICE_X64Y85         FDRE                                         r  <hidden>
  -------------------------------------------------------------------    -------------------
    SLICE_X64Y85         FDRE (Prop_fdre_C_Q)         0.141     1.624 r  <hidden>
                         net (fo=199, routed)         0.231     1.855    <hidden>
    SLICE_X70Y85         RAMD32                                       r  <hidden>
  -------------------------------------------------------------------    -------------------

                         (clock sys_clk_pin rise edge)
                                                      0.000     0.000 r  
    E3                                                0.000     0.000 r  clk (IN)
                         net (fo=0)                   0.000     0.000    clk
    E3                   IBUF (Prop_ibuf_I_O)         0.438     0.438 r  clk_IBUF_inst/O
                         net (fo=1, routed)           0.699     1.136    clk_IBUF
    BUFGCTRL_X0Y16       BUFG (Prop_bufg_I_O)         0.029     1.165 r  clk_IBUF_BUFG_inst/O
                         net (fo=514, routed)         0.835     2.000    <hidden>
    SLICE_X70Y85         RAMD32                                       r  <hidden>
                         clock pessimism             -0.479     1.520    
    SLICE_X70Y85         RAMD32 (Hold_ramd32_CLK_WADR4)
                                                      0.200     1.720    <hidden>
  -------------------------------------------------------------------
                         required time                         -1.720    
                         arrival time                           1.855    
  -------------------------------------------------------------------
                         slack                                  0.135    

Slack (MET) :             0.135ns  (arrival time - required time)
  Source:                 <hidden>
                            (rising edge-triggered cell FDRE clocked by sys_clk_pin  {rise@0.000ns fall@5.000ns period=10.000ns})
  Destination:            <hidden>
                            (rising edge-triggered cell RAMD32 clocked by sys_clk_pin  {rise@0.000ns fall@5.000ns period=10.000ns})
  Path Group:             sys_clk_pin
  Path Type:              Hold (Min at Fast Process Corner)
  Requirement:            0.000ns  (sys_clk_pin rise@0.000ns - sys_clk_pin rise@0.000ns)
  Data Path Delay:        0.372ns  (logic 0.141ns (37.891%)  route 0.231ns (62.109%))
  Logic Levels:           0  
  Clock Path Skew:        0.037ns (DCD - SCD - CPR)
    Destination Clock Delay (DCD):    2.000ns
    Source Clock Delay      (SCD):    1.483ns
    Clock Pessimism Removal (CPR):    0.479ns

    Location             Delay type                Incr(ns)  Path(ns)    Netlist Resource(s)
  -------------------------------------------------------------------    -------------------
                         (clock sys_clk_pin rise edge)
                                                      0.000     0.000 r  
    E3                                                0.000     0.000 r  clk (IN)
                         net (fo=0)                   0.000     0.000    clk
    E3                   IBUF (Prop_ibuf_I_O)         0.250     0.250 r  clk_IBUF_inst/O
                         net (fo=1, routed)           0.644     0.894    clk_IBUF
    BUFGCTRL_X0Y16       BUFG (Prop_bufg_I_O)         0.026     0.920 r  clk_IBUF_BUFG_inst/O
                         net (fo=514, routed)         0.564     1.483    <hidden>
    SLICE_X64Y85         FDRE                                         r  <hidden>
  -------------------------------------------------------------------    -------------------
    SLICE_X64Y85         FDRE (Prop_fdre_C_Q)         0.141     1.624 r  <hidden>
                         net (fo=199, routed)         0.231     1.855    <hidden>
    SLICE_X70Y85         RAMD32                                       r  <hidden>
  -------------------------------------------------------------------    -------------------

                         (clock sys_clk_pin rise edge)
                                                      0.000     0.000 r  
    E3                                                0.000     0.000 r  clk (IN)
                         net (fo=0)                   0.000     0.000    clk
    E3                   IBUF (Prop_ibuf_I_O)         0.438     0.438 r  clk_IBUF_inst/O
                         net (fo=1, routed)           0.699     1.136    clk_IBUF
    BUFGCTRL_X0Y16       BUFG (Prop_bufg_I_O)         0.029     1.165 r  clk_IBUF_BUFG_inst/O
                         net (fo=514, routed)         0.835     2.000    <hidden>
    SLICE_X70Y85         RAMD32                                       r  <hidden>
                         clock pessimism             -0.479     1.520    
    SLICE_X70Y85         RAMD32 (Hold_ramd32_CLK_WADR4)
                                                      0.200     1.720    <hidden>
  -------------------------------------------------------------------
                         required time                         -1.720    
                         arrival time                           1.855    
  -------------------------------------------------------------------
                         slack                                  0.135    





Pulse Width Checks
--------------------------------------------------------------------------------------
Clock Name:         sys_clk_pin
Waveform(ns):       { 0.000 5.000 }
Period(ns):         10.000
Sources:            { clk }

Check Type        Corner  Lib Pin             Reference Pin  Required(ns)  Actual(ns)  Slack(ns)  Location      Pin
Min Period        n/a     RAMB36E1/CLKARDCLK  n/a            2.576         10.000      7.424      RAMB36_X3Y14  <hidden>
Min Period        n/a     RAMB36E1/CLKBWRCLK  n/a            2.576         10.000      7.424      RAMB36_X3Y14  <hidden>
Min Period        n/a     RAMB36E1/CLKARDCLK  n/a            2.576         10.000      7.424      RAMB36_X1Y15  <hidden>
Min Period        n/a     RAMB36E1/CLKBWRCLK  n/a            2.576         10.000      7.424      RAMB36_X1Y15  <hidden>
Min Period        n/a     RAMB36E1/CLKARDCLK  n/a            2.576         10.000      7.424      RAMB36_X1Y18  <hidden>
Min Period        n/a     RAMB36E1/CLKBWRCLK  n/a            2.576         10.000      7.424      RAMB36_X1Y18  <hidden>
Min Period        n/a     RAMB36E1/CLKARDCLK  n/a            2.576         10.000      7.424      RAMB36_X2Y16  <hidden>
Min Period        n/a     RAMB36E1/CLKBWRCLK  n/a            2.576         10.000      7.424      RAMB36_X2Y16  <hidden>
Min Period        n/a     RAMB36E1/CLKARDCLK  n/a            2.576         10.000      7.424      RAMB36_X2Y17  <hidden>
Min Period        n/a     RAMB36E1/CLKBWRCLK  n/a            2.576         10.000      7.424      RAMB36_X2Y17  <hidden>
Low Pulse Width   Slow    RAMD32/CLK          n/a            1.250         5.000       3.750      SLICE_X74Y88  <hidden>
Low Pulse Width   Fast    RAMD32/CLK          n/a            1.250         5.000       3.750      SLICE_X74Y88  <hidden>
Low Pulse Width   Slow    RAMD32/CLK          n/a            1.250         5.000       3.750      SLICE_X74Y88  <hidden>
Low Pulse Width   Fast    RAMD32/CLK          n/a            1.250         5.000       3.750      SLICE_X74Y88  <hidden>
Low Pulse Width   Slow    RAMD32/CLK          n/a            1.250         5.000       3.750      SLICE_X74Y88  <hidden>
Low Pulse Width   Fast    RAMD32/CLK          n/a            1.250         5.000       3.750      SLICE_X74Y88  <hidden>
Low Pulse Width   Slow    RAMD32/CLK          n/a            1.250         5.000       3.750      SLICE_X74Y88  <hidden>
Low Pulse Width   Fast    RAMD32/CLK          n/a            1.250         5.000       3.750      SLICE_X74Y88  <hidden>
Low Pulse Width   Slow    RAMD32/CLK          n/a            1.250         5.000       3.750      SLICE_X66Y83  <hidden>
Low Pulse Width   Fast    RAMD32/CLK          n/a            1.250         5.000       3.750      SLICE_X66Y83  <hidden>
High Pulse Width  Slow    RAMD32/CLK          n/a            1.250         5.000       3.750      SLICE_X74Y88  <hidden>
High Pulse Width  Fast    RAMD32/CLK          n/a            1.250         5.000       3.750      SLICE_X74Y88  <hidden>
High Pulse Width  Slow    RAMD32/CLK          n/a            1.250         5.000       3.750      SLICE_X74Y88  <hidden>
High Pulse Width  Fast    RAMD32/CLK          n/a            1.250         5.000       3.750      SLICE_X74Y88  <hidden>
High Pulse Width  Slow    RAMD32/CLK          n/a            1.250         5.000       3.750      SLICE_X74Y88  <hidden>
High Pulse Width  Fast    RAMD32/CLK          n/a            1.250         5.000       3.750      SLICE_X74Y88  <hidden>
High Pulse Width  Slow    RAMD32/CLK          n/a            1.250         5.000       3.750      SLICE_X74Y88  <hidden>
High Pulse Width  Fast    RAMD32/CLK          n/a            1.250         5.000       3.750      SLICE_X74Y88  <hidden>
High Pulse Width  Slow    RAMD32/CLK          n/a            1.250         5.000       3.750      SLICE_X66Y83  <hidden>
High Pulse Width  Fast    RAMD32/CLK          n/a            1.250         5.000       3.750      SLICE_X66Y83  <hidden>



--------------------------------------------------------------------------------------
Path Group:  (none)
From Clock:  
  To Clock:  sys_clk_pin

Max Delay             1 Endpoint
Min Delay             1 Endpoint
--------------------------------------------------------------------------------------


Max Delay Paths
--------------------------------------------------------------------------------------
Slack:                    inf
  Source:                 reset
                            (input port)
  Destination:            your_instance_name/inst/rst_0/U0/EXT_LPF/ACTIVE_HIGH_EXT.ACT_HI_EXT/syncstages_ff_reg[0]/D
                            (rising edge-triggered cell FDRE clocked by sys_clk_pin  {rise@0.000ns fall@5.000ns period=10.000ns})
  Path Group:             (none)
  Path Type:              Setup (Max at Slow Process Corner)
  Data Path Delay:        5.737ns  (logic 1.507ns (26.267%)  route 4.230ns (73.733%))
  Logic Levels:           1  (IBUF=1)
  Clock Path Skew:        5.018ns (DCD - SCD + CPR)
    Destination Clock Delay (DCD):    5.018ns
    Source Clock Delay      (SCD):    0.000ns
    Clock Pessimism Removal (CPR):    0.000ns
  Clock Uncertainty:      0.025ns  ((TSJ^2 + TIJ^2)^1/2 + DJ) / 2 + PE
    Total System Jitter     (TSJ):    0.050ns
    Total Input Jitter      (TIJ):    0.000ns
    Discrete Jitter          (DJ):    0.000ns
    Phase Error              (PE):    0.000ns
  Timing Exception:       False Path

    Location             Delay type                Incr(ns)  Path(ns)    Netlist Resource(s)
  -------------------------------------------------------------------    -------------------
    C12                                               0.000     0.000 r  reset (IN)
                         net (fo=0)                   0.000     0.000    reset
    C12                  IBUF (Prop_ibuf_I_O)         1.507     1.507 r  reset_IBUF_inst/O
                         net (fo=1, routed)           4.230     5.737    your_instance_name/inst/rst_0/U0/EXT_LPF/ACTIVE_HIGH_EXT.ACT_HI_EXT/src_in
    SLICE_X73Y93         FDRE                                         r  your_instance_name/inst/rst_0/U0/EXT_LPF/ACTIVE_HIGH_EXT.ACT_HI_EXT/syncstages_ff_reg[0]/D
  -------------------------------------------------------------------    -------------------

                         (clock sys_clk_pin rise edge)
                                                      0.000     0.000 r  
    E3                                                0.000     0.000 r  clk (IN)
                         net (fo=0)                   0.000     0.000    clk
    E3                   IBUF (Prop_ibuf_I_O)         1.411     1.411 r  clk_IBUF_inst/O
                         net (fo=1, routed)           1.920     3.331    clk_IBUF
    BUFGCTRL_X0Y16       BUFG (Prop_bufg_I_O)         0.091     3.422 r  clk_IBUF_BUFG_inst/O
                         net (fo=514, routed)         1.595     5.018    your_instance_name/inst/rst_0/U0/EXT_LPF/ACTIVE_HIGH_EXT.ACT_HI_EXT/dest_clk
    SLICE_X73Y93         FDRE                                         r  your_instance_name/inst/rst_0/U0/EXT_LPF/ACTIVE_HIGH_EXT.ACT_HI_EXT/syncstages_ff_reg[0]/C





Min Delay Paths
--------------------------------------------------------------------------------------
Slack:                    inf
  Source:                 reset
                            (input port)
  Destination:            your_instance_name/inst/rst_0/U0/EXT_LPF/ACTIVE_HIGH_EXT.ACT_HI_EXT/syncstages_ff_reg[0]/D
                            (rising edge-triggered cell FDRE clocked by sys_clk_pin  {rise@0.000ns fall@5.000ns period=10.000ns})
  Path Group:             (none)
  Path Type:              Hold (Min at Fast Process Corner)
  Data Path Delay:        2.188ns  (logic 0.275ns (12.550%)  route 1.913ns (87.450%))
  Logic Levels:           1  (IBUF=1)
  Clock Path Skew:        2.032ns (DCD - SCD - CPR)
    Destination Clock Delay (DCD):    2.032ns
    Source Clock Delay      (SCD):    0.000ns
    Clock Pessimism Removal (CPR):    -0.000ns
  Timing Exception:       False Path

    Location             Delay type                Incr(ns)  Path(ns)    Netlist Resource(s)
  -------------------------------------------------------------------    -------------------
    C12                                               0.000     0.000 r  reset (IN)
                         net (fo=0)                   0.000     0.000    reset
    C12                  IBUF (Prop_ibuf_I_O)         0.275     0.275 r  reset_IBUF_inst/O
                         net (fo=1, routed)           1.913     2.188    your_instance_name/inst/rst_0/U0/EXT_LPF/ACTIVE_HIGH_EXT.ACT_HI_EXT/src_in
    SLICE_X73Y93         FDRE                                         r  your_instance_name/inst/rst_0/U0/EXT_LPF/ACTIVE_HIGH_EXT.ACT_HI_EXT/syncstages_ff_reg[0]/D
  -------------------------------------------------------------------    -------------------

                         (clock sys_clk_pin rise edge)
                                                      0.000     0.000 r  
    E3                                                0.000     0.000 r  clk (IN)
                         net (fo=0)                   0.000     0.000    clk
    E3                   IBUF (Prop_ibuf_I_O)         0.438     0.438 r  clk_IBUF_inst/O
                         net (fo=1, routed)           0.699     1.136    clk_IBUF
    BUFGCTRL_X0Y16       BUFG (Prop_bufg_I_O)         0.029     1.165 r  clk_IBUF_BUFG_inst/O
                         net (fo=514, routed)         0.867     2.032    your_instance_name/inst/rst_0/U0/EXT_LPF/ACTIVE_HIGH_EXT.ACT_HI_EXT/dest_clk
    SLICE_X73Y93         FDRE                                         r  your_instance_name/inst/rst_0/U0/EXT_LPF/ACTIVE_HIGH_EXT.ACT_HI_EXT/syncstages_ff_reg[0]/C





--------------------------------------------------------------------------------------
Path Group:  (none)
From Clock:  sys_clk_pin
  To Clock:  sys_clk_pin

Max Delay             1 Endpoint
Min Delay             1 Endpoint
--------------------------------------------------------------------------------------


Max Delay Paths
--------------------------------------------------------------------------------------
Slack:                    inf
  Source:                 your_instance_name/inst/rst_0/U0/FDRE_inst/C
                            (rising edge-triggered cell FDRE clocked by sys_clk_pin  {rise@0.000ns fall@5.000ns period=10.000ns})
  Destination:            <hidden>
                            (rising edge-triggered cell FDRE clocked by sys_clk_pin  {rise@0.000ns fall@5.000ns period=10.000ns})
  Path Group:             (none)
  Path Type:              Setup (Max at Slow Process Corner)
  Data Path Delay:        0.939ns  (logic 0.456ns (48.537%)  route 0.483ns (51.463%))
  Logic Levels:           0  
  Clock Path Skew:        -0.300ns (DCD - SCD + CPR)
    Destination Clock Delay (DCD):    5.018ns
    Source Clock Delay      (SCD):    5.318ns
    Clock Pessimism Removal (CPR):    0.000ns
  Clock Uncertainty:      0.035ns  ((TSJ^2 + TIJ^2)^1/2 + DJ) / 2 + PE
    Total System Jitter     (TSJ):    0.071ns
    Total Input Jitter      (TIJ):    0.000ns
    Discrete Jitter          (DJ):    0.000ns
    Phase Error              (PE):    0.000ns
  Timing Exception:       False Path

    Location             Delay type                Incr(ns)  Path(ns)    Netlist Resource(s)
  -------------------------------------------------------------------    -------------------
                         (clock sys_clk_pin rise edge)
                                                      0.000     0.000 r  
    E3                                                0.000     0.000 r  clk (IN)
                         net (fo=0)                   0.000     0.000    clk
    E3                   IBUF (Prop_ibuf_I_O)         1.482     1.482 r  clk_IBUF_inst/O
                         net (fo=1, routed)           2.025     3.506    clk_IBUF
    BUFGCTRL_X0Y16       BUFG (Prop_bufg_I_O)         0.096     3.602 r  clk_IBUF_BUFG_inst/O
                         net (fo=514, routed)         1.715     5.318    your_instance_name/inst/rst_0/U0/slowest_sync_clk
    SLICE_X75Y89         FDRE                                         r  your_instance_name/inst/rst_0/U0/FDRE_inst/C
  -------------------------------------------------------------------    -------------------
    SLICE_X75Y89         FDRE (Prop_fdre_C_Q)         0.456     5.774 r  your_instance_name/inst/rst_0/U0/FDRE_inst/Q
                         net (fo=1, routed)           0.483     6.257    <hidden>
    SLICE_X75Y89         FDRE                                         r  <hidden>
  -------------------------------------------------------------------    -------------------

                         (clock sys_clk_pin rise edge)
                                                      0.000     0.000 r  
    E3                                                0.000     0.000 r  clk (IN)
                         net (fo=0)                   0.000     0.000    clk
    E3                   IBUF (Prop_ibuf_I_O)         1.411     1.411 r  clk_IBUF_inst/O
                         net (fo=1, routed)           1.920     3.331    clk_IBUF
    BUFGCTRL_X0Y16       BUFG (Prop_bufg_I_O)         0.091     3.422 r  clk_IBUF_BUFG_inst/O
                         net (fo=514, routed)         1.595     5.018    <hidden>
    SLICE_X75Y89         FDRE                                         r  <hidden>





Min Delay Paths
--------------------------------------------------------------------------------------
Slack:                    inf
  Source:                 your_instance_name/inst/rst_0/U0/FDRE_inst/C
                            (rising edge-triggered cell FDRE clocked by sys_clk_pin  {rise@0.000ns fall@5.000ns period=10.000ns})
  Destination:            <hidden>
                            (rising edge-triggered cell FDRE clocked by sys_clk_pin  {rise@0.000ns fall@5.000ns period=10.000ns})
  Path Group:             (none)
  Path Type:              Hold (Min at Fast Process Corner)
  Data Path Delay:        0.306ns  (logic 0.141ns (46.005%)  route 0.165ns (53.995%))
  Logic Levels:           0  
  Clock Path Skew:        0.518ns (DCD - SCD - CPR)
    Destination Clock Delay (DCD):    2.033ns
    Source Clock Delay      (SCD):    1.514ns
    Clock Pessimism Removal (CPR):    -0.000ns
  Clock Uncertainty:      0.035ns  ((TSJ^2 + TIJ^2)^1/2 + DJ) / 2 + PE
    Total System Jitter     (TSJ):    0.071ns
    Total Input Jitter      (TIJ):    0.000ns
    Discrete Jitter          (DJ):    0.000ns
    Phase Error              (PE):    0.000ns
  Timing Exception:       False Path

    Location             Delay type                Incr(ns)  Path(ns)    Netlist Resource(s)
  -------------------------------------------------------------------    -------------------
                         (clock sys_clk_pin rise edge)
                                                      0.000     0.000 r  
    E3                                                0.000     0.000 r  clk (IN)
                         net (fo=0)                   0.000     0.000    clk
    E3                   IBUF (Prop_ibuf_I_O)         0.250     0.250 r  clk_IBUF_inst/O
                         net (fo=1, routed)           0.644     0.894    clk_IBUF
    BUFGCTRL_X0Y16       BUFG (Prop_bufg_I_O)         0.026     0.920 r  clk_IBUF_BUFG_inst/O
                         net (fo=514, routed)         0.595     1.514    your_instance_name/inst/rst_0/U0/slowest_sync_clk
    SLICE_X75Y89         FDRE                                         r  your_instance_name/inst/rst_0/U0/FDRE_inst/C
  -------------------------------------------------------------------    -------------------
    SLICE_X75Y89         FDRE (Prop_fdre_C_Q)         0.141     1.655 r  your_instance_name/inst/rst_0/U0/FDRE_inst/Q
                         net (fo=1, routed)           0.165     1.821    <hidden>
    SLICE_X75Y89         FDRE                                         r  <hidden>
  -------------------------------------------------------------------    -------------------

                         (clock sys_clk_pin rise edge)
                                                      0.000     0.000 r  
    E3                                                0.000     0.000 r  clk (IN)
                         net (fo=0)                   0.000     0.000    clk
    E3                   IBUF (Prop_ibuf_I_O)         0.438     0.438 r  clk_IBUF_inst/O
                         net (fo=1, routed)           0.699     1.136    clk_IBUF
    BUFGCTRL_X0Y16       BUFG (Prop_bufg_I_O)         0.029     1.165 r  clk_IBUF_BUFG_inst/O
                         net (fo=514, routed)         0.868     2.033    <hidden>
    SLICE_X75Y89         FDRE                                         r  <hidden>





--------------------------------------------------------------------------------------
Path Group:  (none)
From Clock:  sys_clk_pin
  To Clock:  

Max Delay             1 Endpoint
Min Delay             1 Endpoint
--------------------------------------------------------------------------------------


Max Delay Paths
--------------------------------------------------------------------------------------
Slack:                    inf
  Source:                 your_instance_name/inst/iomodule_0/U0/IOModule_Core_I1/UART_I1/No_Async_UART.UART_Core_I/Using_UART_TX.UART_TX_I1/TMR_No.tx_i_reg/C
                            (rising edge-triggered cell FDSE clocked by sys_clk_pin  {rise@0.000ns fall@5.000ns period=10.000ns})
  Destination:            txd
                            (output port)
  Path Group:             (none)
  Path Type:              Max at Slow Process Corner
  Data Path Delay:        7.578ns  (logic 4.011ns (52.934%)  route 3.567ns (47.066%))
  Logic Levels:           1  (OBUF=1)
  Clock Uncertainty:      0.025ns  ((TSJ^2 + TIJ^2)^1/2 + DJ) / 2 + PE
    Total System Jitter     (TSJ):    0.050ns
    Total Input Jitter      (TIJ):    0.000ns
    Discrete Jitter          (DJ):    0.000ns
    Phase Error              (PE):    0.000ns

    Location             Delay type                Incr(ns)  Path(ns)    Netlist Resource(s)
  -------------------------------------------------------------------    -------------------
                         (clock sys_clk_pin rise edge)
                                                      0.000     0.000 r  
    E3                                                0.000     0.000 r  clk (IN)
                         net (fo=0)                   0.000     0.000    clk
    E3                   IBUF (Prop_ibuf_I_O)         1.482     1.482 r  clk_IBUF_inst/O
                         net (fo=1, routed)           2.025     3.506    clk_IBUF
    BUFGCTRL_X0Y16       BUFG (Prop_bufg_I_O)         0.096     3.602 r  clk_IBUF_BUFG_inst/O
                         net (fo=514, routed)         1.704     5.307    your_instance_name/inst/iomodule_0/U0/IOModule_Core_I1/UART_I1/No_Async_UART.UART_Core_I/Using_UART_TX.UART_TX_I1/Clk
    SLICE_X77Y79         FDSE                                         r  your_instance_name/inst/iomodule_0/U0/IOModule_Core_I1/UART_I1/No_Async_UART.UART_Core_I/Using_UART_TX.UART_TX_I1/TMR_No.tx_i_reg/C
  -------------------------------------------------------------------    -------------------
    SLICE_X77Y79         FDSE (Prop_fdse_C_Q)         0.456     5.763 r  your_instance_name/inst/iomodule_0/U0/IOModule_Core_I1/UART_I1/No_Async_UART.UART_Core_I/Using_UART_TX.UART_TX_I1/TMR_No.tx_i_reg/Q
                         net (fo=1, routed)           3.567     9.329    txd_OBUF
    D4                   OBUF (Prop_obuf_I_O)         3.555    12.885 r  txd_OBUF_inst/O
                         net (fo=0)                   0.000    12.885    txd
    D4                                                                r  txd (OUT)
  -------------------------------------------------------------------    -------------------





Min Delay Paths
--------------------------------------------------------------------------------------
Slack:                    inf
  Source:                 your_instance_name/inst/iomodule_0/U0/IOModule_Core_I1/UART_I1/No_Async_UART.UART_Core_I/Using_UART_TX.UART_TX_I1/TMR_No.tx_i_reg/C
                            (rising edge-triggered cell FDSE clocked by sys_clk_pin  {rise@0.000ns fall@5.000ns period=10.000ns})
  Destination:            txd
                            (output port)
  Path Group:             (none)
  Path Type:              Min at Fast Process Corner
  Data Path Delay:        2.616ns  (logic 1.397ns (53.409%)  route 1.219ns (46.591%))
  Logic Levels:           1  (OBUF=1)
  Clock Uncertainty:      0.025ns  ((TSJ^2 + TIJ^2)^1/2 + DJ) / 2 + PE
    Total System Jitter     (TSJ):    0.050ns
    Total Input Jitter      (TIJ):    0.000ns
    Discrete Jitter          (DJ):    0.000ns
    Phase Error              (PE):    0.000ns

    Location             Delay type                Incr(ns)  Path(ns)    Netlist Resource(s)
  -------------------------------------------------------------------    -------------------
                         (clock sys_clk_pin rise edge)
                                                      0.000     0.000 r  
    E3                                                0.000     0.000 r  clk (IN)
                         net (fo=0)                   0.000     0.000    clk
    E3                   IBUF (Prop_ibuf_I_O)         0.250     0.250 r  clk_IBUF_inst/O
                         net (fo=1, routed)           0.644     0.894    clk_IBUF
    BUFGCTRL_X0Y16       BUFG (Prop_bufg_I_O)         0.026     0.920 r  clk_IBUF_BUFG_inst/O
                         net (fo=514, routed)         0.588     1.507    your_instance_name/inst/iomodule_0/U0/IOModule_Core_I1/UART_I1/No_Async_UART.UART_Core_I/Using_UART_TX.UART_TX_I1/Clk
    SLICE_X77Y79         FDSE                                         r  your_instance_name/inst/iomodule_0/U0/IOModule_Core_I1/UART_I1/No_Async_UART.UART_Core_I/Using_UART_TX.UART_TX_I1/TMR_No.tx_i_reg/C
  -------------------------------------------------------------------    -------------------
    SLICE_X77Y79         FDSE (Prop_fdse_C_Q)         0.141     1.648 r  your_instance_name/inst/iomodule_0/U0/IOModule_Core_I1/UART_I1/No_Async_UART.UART_Core_I/Using_UART_TX.UART_TX_I1/TMR_No.tx_i_reg/Q
                         net (fo=1, routed)           1.219     2.867    txd_OBUF
    D4                   OBUF (Prop_obuf_I_O)         1.256     4.123 r  txd_OBUF_inst/O
                         net (fo=0)                   0.000     4.123    txd
    D4                                                                r  txd (OUT)
  -------------------------------------------------------------------    -------------------





