Copyright 1986-2022 Xilinx, Inc. All Rights Reserved. Copyright 2022-2025 Advanced Micro Devices, Inc. All Rights Reserved.
---------------------------------------------------------------------------------------------------------------------------------------------------------------------------------------------------------------------
| Tool Version : Vivado v.2025.1 (win64) Build 6140274 Thu May 22 00:12:29 MDT 2025
| Date         : Thu Dec 11 13:55:28 2025
| Host         : DESKTOP-K0PKL6F running 64-bit major release  (build 9200)
| Command      : report_timing_summary -max_paths 10 -routable_nets -report_unconstrained -file top_timing_summary_routed.rpt -pb top_timing_summary_routed.pb -rpx top_timing_summary_routed.rpx -warn_on_violation
| Design       : top
| Device       : 7a100t-csg324
| Speed File   : -1  PRODUCTION 1.23 2018-06-13
| Design State : Routed
---------------------------------------------------------------------------------------------------------------------------------------------------------------------------------------------------------------------

Timing Summary Report

------------------------------------------------------------------------------------------------
| Timer Settings
| --------------
------------------------------------------------------------------------------------------------

  Enable Multi Corner Analysis               :  Yes
  Enable Pessimism Removal                   :  Yes
  Pessimism Removal Resolution               :  Nearest Common Node
  Enable Input Delay Default Clock           :  No
  Enable Preset / Clear Arcs                 :  No
  Disable Flight Delays                      :  No
  Ignore I/O Paths                           :  No
  Timing Early Launch at Borrowing Latches   :  No
  Borrow Time for Max Delay Exceptions       :  Yes
  Merge Timing Exceptions                    :  Yes
  Inter-SLR Compensation                     :  Conservative

  Corner  Analyze    Analyze    
  Name    Max Paths  Min Paths  
  ------  ---------  ---------  
  Slow    Yes        Yes        
  Fast    Yes        Yes        


------------------------------------------------------------------------------------------------
| Report Methodology
| ------------------
------------------------------------------------------------------------------------------------

Rule       Severity  Description                    Violations  
---------  --------  -----------------------------  ----------  
TIMING-18  Warning   Missing input or output delay  33          

Note: This report is based on the most recent report_methodology run and may not be up-to-date. Run report_methodology on the current design for the latest report.



check_timing report

Table of Contents
-----------------
1. checking no_clock (0)
2. checking constant_clock (0)
3. checking pulse_width_clock (0)
4. checking unconstrained_internal_endpoints (0)
5. checking no_input_delay (17)
6. checking no_output_delay (16)
7. checking multiple_clock (0)
8. checking generated_clocks (0)
9. checking loops (0)
10. checking partial_input_delay (0)
11. checking partial_output_delay (0)
12. checking latch_loops (0)

1. checking no_clock (0)
------------------------
 There are 0 register/latch pins with no clock.


2. checking constant_clock (0)
------------------------------
 There are 0 register/latch pins with constant_clock.


3. checking pulse_width_clock (0)
---------------------------------
 There are 0 register/latch pins which need pulse_width check


4. checking unconstrained_internal_endpoints (0)
------------------------------------------------
 There are 0 pins that are not constrained for maximum delay.

 There are 0 pins that are not constrained for maximum delay due to constant clock.


5. checking no_input_delay (17)
-------------------------------
 There are 17 input ports with no input delay specified. (HIGH)

 There are 0 input ports with no input delay but user has a false path constraint.


6. checking no_output_delay (16)
--------------------------------
 There are 16 ports with no output delay specified. (HIGH)

 There are 0 ports with no output delay but user has a false path constraint

 There are 0 ports with no output delay but with a timing clock defined on it or propagating through it


7. checking multiple_clock (0)
------------------------------
 There are 0 register/latch pins with multiple clocks.


8. checking generated_clocks (0)
--------------------------------
 There are 0 generated clocks that are not connected to a clock source.


9. checking loops (0)
---------------------
 There are 0 combinational loops in the design.


10. checking partial_input_delay (0)
------------------------------------
 There are 0 input ports with partial input delay specified.


11. checking partial_output_delay (0)
-------------------------------------
 There are 0 ports with partial output delay specified.


12. checking latch_loops (0)
----------------------------
 There are 0 combinational latch loops in the design through latch input



------------------------------------------------------------------------------------------------
| Design Timing Summary
| ---------------------
------------------------------------------------------------------------------------------------

    WNS(ns)      TNS(ns)  TNS Failing Endpoints  TNS Total Endpoints      WHS(ns)      THS(ns)  THS Failing Endpoints  THS Total Endpoints     WPWS(ns)     TPWS(ns)  TPWS Failing Endpoints  TPWS Total Endpoints  
    -------      -------  ---------------------  -------------------      -------      -------  ---------------------  -------------------     --------     --------  ----------------------  --------------------  
      1.849        0.000                      0                 3149        0.100        0.000                      0                 3149        3.750        0.000                       0                   667  


All user specified timing constraints are met.


------------------------------------------------------------------------------------------------
| Clock Summary
| -------------
------------------------------------------------------------------------------------------------

Clock        Waveform(ns)       Period(ns)      Frequency(MHz)
-----        ------------       ----------      --------------
sys_clk_pin  {0.000 5.000}      10.000          100.000         


------------------------------------------------------------------------------------------------
| Intra Clock Table
| -----------------
------------------------------------------------------------------------------------------------

Clock             WNS(ns)      TNS(ns)  TNS Failing Endpoints  TNS Total Endpoints      WHS(ns)      THS(ns)  THS Failing Endpoints  THS Total Endpoints     WPWS(ns)     TPWS(ns)  TPWS Failing Endpoints  TPWS Total Endpoints  
-----             -------      -------  ---------------------  -------------------      -------      -------  ---------------------  -------------------     --------     --------  ----------------------  --------------------  
sys_clk_pin         1.849        0.000                      0                 3149        0.100        0.000                      0                 3149        3.750        0.000                       0                   667  


------------------------------------------------------------------------------------------------
| Inter Clock Table
| -----------------
------------------------------------------------------------------------------------------------

From Clock    To Clock          WNS(ns)      TNS(ns)  TNS Failing Endpoints  TNS Total Endpoints      WHS(ns)      THS(ns)  THS Failing Endpoints  THS Total Endpoints  
----------    --------          -------      -------  ---------------------  -------------------      -------      -------  ---------------------  -------------------  


------------------------------------------------------------------------------------------------
| Other Path Groups Table
| -----------------------
------------------------------------------------------------------------------------------------

Path Group    From Clock    To Clock          WNS(ns)      TNS(ns)  TNS Failing Endpoints  TNS Total Endpoints      WHS(ns)      THS(ns)  THS Failing Endpoints  THS Total Endpoints  
----------    ----------    --------          -------      -------  ---------------------  -------------------      -------      -------  ---------------------  -------------------  


------------------------------------------------------------------------------------------------
| User Ignored Path Table
| -----------------------
------------------------------------------------------------------------------------------------

Path Group    From Clock    To Clock    
----------    ----------    --------    
(none)                      sys_clk_pin   
(none)        sys_clk_pin   sys_clk_pin   


------------------------------------------------------------------------------------------------
| Unconstrained Path Table
| ------------------------
------------------------------------------------------------------------------------------------

Path Group    From Clock    To Clock    
----------    ----------    --------    
(none)        sys_clk_pin                 
(none)                      sys_clk_pin   


------------------------------------------------------------------------------------------------
| Timing Details
| --------------
------------------------------------------------------------------------------------------------


---------------------------------------------------------------------------------------------------
From Clock:  sys_clk_pin
  To Clock:  sys_clk_pin

Setup :            0  Failing Endpoints,  Worst Slack        1.849ns,  Total Violation        0.000ns
Hold  :            0  Failing Endpoints,  Worst Slack        0.100ns,  Total Violation        0.000ns
PW    :            0  Failing Endpoints,  Worst Slack        3.750ns,  Total Violation        0.000ns
---------------------------------------------------------------------------------------------------


Max Delay Paths
--------------------------------------------------------------------------------------
Slack (MET) :             1.849ns  (required time - arrival time)
  Source:                 <hidden>
                            (rising edge-triggered cell RAMB36E1 clocked by sys_clk_pin  {rise@0.000ns fall@5.000ns period=10.000ns})
  Destination:            <hidden>
                            (rising edge-triggered cell FDRE clocked by sys_clk_pin  {rise@0.000ns fall@5.000ns period=10.000ns})
  Path Group:             sys_clk_pin
  Path Type:              Setup (Max at Slow Process Corner)
  Requirement:            10.000ns  (sys_clk_pin rise@10.000ns - sys_clk_pin rise@0.000ns)
  Data Path Delay:        8.054ns  (logic 3.186ns (39.556%)  route 4.868ns (60.444%))
  Logic Levels:           4  (LUT3=1 LUT4=1 LUT6=2)
  Clock Path Skew:        -0.090ns (DCD - SCD + CPR)
    Destination Clock Delay (DCD):    4.929ns = ( 14.929 - 10.000 ) 
    Source Clock Delay      (SCD):    5.278ns
    Clock Pessimism Removal (CPR):    0.259ns
  Clock Uncertainty:      0.035ns  ((TSJ^2 + TIJ^2)^1/2 + DJ) / 2 + PE
    Total System Jitter     (TSJ):    0.071ns
    Total Input Jitter      (TIJ):    0.000ns
    Discrete Jitter          (DJ):    0.000ns
    Phase Error              (PE):    0.000ns

    Location             Delay type                Incr(ns)  Path(ns)    Netlist Resource(s)
  -------------------------------------------------------------------    -------------------
                         (clock sys_clk_pin rise edge)
                                                      0.000     0.000 r  
    E3                                                0.000     0.000 r  clock (IN)
                         net (fo=0)                   0.000     0.000    clock
    E3                   IBUF (Prop_ibuf_I_O)         1.482     1.482 r  clock_IBUF_inst/O
                         net (fo=1, routed)           2.025     3.506    clock_IBUF
    BUFGCTRL_X0Y16       BUFG (Prop_bufg_I_O)         0.096     3.602 r  clock_IBUF_BUFG_inst/O
                         net (fo=666, routed)         1.676     5.278    <hidden>
    RAMB36_X1Y19         RAMB36E1                                     r  <hidden>
  -------------------------------------------------------------------    -------------------
    RAMB36_X1Y19         RAMB36E1 (Prop_ramb36e1_CLKARDCLK_DOADO[0])
                                                      2.454     7.732 r  <hidden>
                         net (fo=1, routed)           2.037     9.769    your_instance_name/inst/dlmb/U0/Sl_DBus[0]
    SLICE_X69Y70         LUT4 (Prop_lut4_I0_O)        0.124     9.893 r  your_instance_name/inst/dlmb/U0/LMB_ReadDBus[0]_INST_0/O
                         net (fo=3, routed)           1.288    11.181    <hidden>
    SLICE_X71Y61         LUT3 (Prop_lut3_I2_O)        0.152    11.333 r  <hidden>
                         net (fo=1, routed)           0.410    11.743    <hidden>
    SLICE_X71Y63         LUT6 (Prop_lut6_I3_O)        0.332    12.075 r  <hidden>
                         net (fo=7, routed)           1.133    13.209    <hidden>
    SLICE_X63Y64         LUT6 (Prop_lut6_I1_O)        0.124    13.333 r  <hidden>
                         net (fo=1, routed)           0.000    13.333    <hidden>
    SLICE_X63Y64         FDRE                                         r  <hidden>
  -------------------------------------------------------------------    -------------------

                         (clock sys_clk_pin rise edge)
                                                     10.000    10.000 r  
    E3                                                0.000    10.000 r  clock (IN)
                         net (fo=0)                   0.000    10.000    clock
    E3                   IBUF (Prop_ibuf_I_O)         1.411    11.411 r  clock_IBUF_inst/O
                         net (fo=1, routed)           1.920    13.331    clock_IBUF
    BUFGCTRL_X0Y16       BUFG (Prop_bufg_I_O)         0.091    13.422 r  clock_IBUF_BUFG_inst/O
                         net (fo=666, routed)         1.506    14.929    <hidden>
    SLICE_X63Y64         FDRE                                         r  <hidden>
                         clock pessimism              0.259    15.188    
                         clock uncertainty           -0.035    15.152    
    SLICE_X63Y64         FDRE (Setup_fdre_C_D)        0.029    15.181    <hidden>
  -------------------------------------------------------------------
                         required time                         15.181    
                         arrival time                         -13.333    
  -------------------------------------------------------------------
                         slack                                  1.849    

Slack (MET) :             1.855ns  (required time - arrival time)
  Source:                 <hidden>
                            (rising edge-triggered cell FDRE clocked by sys_clk_pin  {rise@0.000ns fall@5.000ns period=10.000ns})
  Destination:            <hidden>
                            (rising edge-triggered cell RAMB36E1 clocked by sys_clk_pin  {rise@0.000ns fall@5.000ns period=10.000ns})
  Path Group:             sys_clk_pin
  Path Type:              Setup (Max at Slow Process Corner)
  Requirement:            10.000ns  (sys_clk_pin rise@10.000ns - sys_clk_pin rise@0.000ns)
  Data Path Delay:        7.817ns  (logic 1.744ns (22.311%)  route 6.073ns (77.689%))
  Logic Levels:           6  (CARRY4=3 LUT2=1 LUT6=2)
  Clock Path Skew:        0.150ns (DCD - SCD + CPR)
    Destination Clock Delay (DCD):    5.187ns = ( 15.187 - 10.000 ) 
    Source Clock Delay      (SCD):    5.224ns
    Clock Pessimism Removal (CPR):    0.187ns
  Clock Uncertainty:      0.035ns  ((TSJ^2 + TIJ^2)^1/2 + DJ) / 2 + PE
    Total System Jitter     (TSJ):    0.071ns
    Total Input Jitter      (TIJ):    0.000ns
    Discrete Jitter          (DJ):    0.000ns
    Phase Error              (PE):    0.000ns

    Location             Delay type                Incr(ns)  Path(ns)    Netlist Resource(s)
  -------------------------------------------------------------------    -------------------
                         (clock sys_clk_pin rise edge)
                                                      0.000     0.000 r  
    E3                                                0.000     0.000 r  clock (IN)
                         net (fo=0)                   0.000     0.000    clock
    E3                   IBUF (Prop_ibuf_I_O)         1.482     1.482 r  clock_IBUF_inst/O
                         net (fo=1, routed)           2.025     3.506    clock_IBUF
    BUFGCTRL_X0Y16       BUFG (Prop_bufg_I_O)         0.096     3.602 r  clock_IBUF_BUFG_inst/O
                         net (fo=666, routed)         1.621     5.224    <hidden>
    SLICE_X63Y68         FDRE                                         r  <hidden>
  -------------------------------------------------------------------    -------------------
    SLICE_X63Y68         FDRE (Prop_fdre_C_Q)         0.419     5.643 f  <hidden>
                         net (fo=3, routed)           1.320     6.963    <hidden>
    SLICE_X64Y65         LUT6 (Prop_lut6_I1_O)        0.299     7.262 r  <hidden>
                         net (fo=1, routed)           0.000     7.262    <hidden>
    SLICE_X64Y65         CARRY4 (Prop_carry4_S[1]_CO[3])
                                                      0.550     7.812 r  <hidden>
                         net (fo=1, routed)           0.000     7.812    <hidden>
    SLICE_X64Y66         CARRY4 (Prop_carry4_CI_CO[3])
                                                      0.114     7.926 r  <hidden>
                         net (fo=1, routed)           0.000     7.926    <hidden>
    SLICE_X64Y67         CARRY4 (Prop_carry4_CI_CO[3])
                                                      0.114     8.040 r  <hidden>
                         net (fo=2, routed)           1.152     9.192    <hidden>
    SLICE_X58Y69         LUT6 (Prop_lut6_I5_O)        0.124     9.316 r  <hidden>
                         net (fo=6, routed)           0.787    10.102    <hidden>
    SLICE_X62Y74         LUT2 (Prop_lut2_I1_O)        0.124    10.226 r  <hidden>
                         net (fo=32, routed)          2.814    13.040    <hidden>
    RAMB36_X2Y7          RAMB36E1                                     r  <hidden>
  -------------------------------------------------------------------    -------------------

                         (clock sys_clk_pin rise edge)
                                                     10.000    10.000 r  
    E3                                                0.000    10.000 r  clock (IN)
                         net (fo=0)                   0.000    10.000    clock
    E3                   IBUF (Prop_ibuf_I_O)         1.411    11.411 r  clock_IBUF_inst/O
                         net (fo=1, routed)           1.920    13.331    clock_IBUF
    BUFGCTRL_X0Y16       BUFG (Prop_bufg_I_O)         0.091    13.422 r  clock_IBUF_BUFG_inst/O
                         net (fo=666, routed)         1.764    15.187    <hidden>
    RAMB36_X2Y7          RAMB36E1                                     r  <hidden>
                         clock pessimism              0.187    15.374    
                         clock uncertainty           -0.035    15.338    
    RAMB36_X2Y7          RAMB36E1 (Setup_ramb36e1_CLKBWRCLK_ENBWREN)
                                                     -0.443    14.895    <hidden>
  -------------------------------------------------------------------
                         required time                         14.895    
                         arrival time                         -13.040    
  -------------------------------------------------------------------
                         slack                                  1.855    

Slack (MET) :             1.867ns  (required time - arrival time)
  Source:                 <hidden>
                            (rising edge-triggered cell RAMB36E1 clocked by sys_clk_pin  {rise@0.000ns fall@5.000ns period=10.000ns})
  Destination:            <hidden>
                            (rising edge-triggered cell FDRE clocked by sys_clk_pin  {rise@0.000ns fall@5.000ns period=10.000ns})
  Path Group:             sys_clk_pin
  Path Type:              Setup (Max at Slow Process Corner)
  Requirement:            10.000ns  (sys_clk_pin rise@10.000ns - sys_clk_pin rise@0.000ns)
  Data Path Delay:        8.082ns  (logic 3.214ns (39.765%)  route 4.868ns (60.235%))
  Logic Levels:           4  (LUT3=1 LUT4=1 LUT5=1 LUT6=1)
  Clock Path Skew:        -0.090ns (DCD - SCD + CPR)
    Destination Clock Delay (DCD):    4.929ns = ( 14.929 - 10.000 ) 
    Source Clock Delay      (SCD):    5.278ns
    Clock Pessimism Removal (CPR):    0.259ns
  Clock Uncertainty:      0.035ns  ((TSJ^2 + TIJ^2)^1/2 + DJ) / 2 + PE
    Total System Jitter     (TSJ):    0.071ns
    Total Input Jitter      (TIJ):    0.000ns
    Discrete Jitter          (DJ):    0.000ns
    Phase Error              (PE):    0.000ns

    Location             Delay type                Incr(ns)  Path(ns)    Netlist Resource(s)
  -------------------------------------------------------------------    -------------------
                         (clock sys_clk_pin rise edge)
                                                      0.000     0.000 r  
    E3                                                0.000     0.000 r  clock (IN)
                         net (fo=0)                   0.000     0.000    clock
    E3                   IBUF (Prop_ibuf_I_O)         1.482     1.482 r  clock_IBUF_inst/O
                         net (fo=1, routed)           2.025     3.506    clock_IBUF
    BUFGCTRL_X0Y16       BUFG (Prop_bufg_I_O)         0.096     3.602 r  clock_IBUF_BUFG_inst/O
                         net (fo=666, routed)         1.676     5.278    <hidden>
    RAMB36_X1Y19         RAMB36E1                                     r  <hidden>
  -------------------------------------------------------------------    -------------------
    RAMB36_X1Y19         RAMB36E1 (Prop_ramb36e1_CLKARDCLK_DOADO[0])
                                                      2.454     7.732 r  <hidden>
                         net (fo=1, routed)           2.037     9.769    your_instance_name/inst/dlmb/U0/Sl_DBus[0]
    SLICE_X69Y70         LUT4 (Prop_lut4_I0_O)        0.124     9.893 r  your_instance_name/inst/dlmb/U0/LMB_ReadDBus[0]_INST_0/O
                         net (fo=3, routed)           1.288    11.181    <hidden>
    SLICE_X71Y61         LUT3 (Prop_lut3_I2_O)        0.152    11.333 r  <hidden>
                         net (fo=1, routed)           0.410    11.743    <hidden>
    SLICE_X71Y63         LUT6 (Prop_lut6_I3_O)        0.332    12.075 r  <hidden>
                         net (fo=7, routed)           1.133    13.209    <hidden>
    SLICE_X63Y64         LUT5 (Prop_lut5_I1_O)        0.152    13.361 r  <hidden>
                         net (fo=1, routed)           0.000    13.361    <hidden>
    SLICE_X63Y64         FDRE                                         r  <hidden>
  -------------------------------------------------------------------    -------------------

                         (clock sys_clk_pin rise edge)
                                                     10.000    10.000 r  
    E3                                                0.000    10.000 r  clock (IN)
                         net (fo=0)                   0.000    10.000    clock
    E3                   IBUF (Prop_ibuf_I_O)         1.411    11.411 r  clock_IBUF_inst/O
                         net (fo=1, routed)           1.920    13.331    clock_IBUF
    BUFGCTRL_X0Y16       BUFG (Prop_bufg_I_O)         0.091    13.422 r  clock_IBUF_BUFG_inst/O
                         net (fo=666, routed)         1.506    14.929    <hidden>
    SLICE_X63Y64         FDRE                                         r  <hidden>
                         clock pessimism              0.259    15.188    
                         clock uncertainty           -0.035    15.152    
    SLICE_X63Y64         FDRE (Setup_fdre_C_D)        0.075    15.227    <hidden>
  -------------------------------------------------------------------
                         required time                         15.227    
                         arrival time                         -13.361    
  -------------------------------------------------------------------
                         slack                                  1.867    

Slack (MET) :             1.893ns  (required time - arrival time)
  Source:                 <hidden>
                            (rising edge-triggered cell FDRE clocked by sys_clk_pin  {rise@0.000ns fall@5.000ns period=10.000ns})
  Destination:            <hidden>
                            (rising edge-triggered cell RAMB36E1 clocked by sys_clk_pin  {rise@0.000ns fall@5.000ns period=10.000ns})
  Path Group:             sys_clk_pin
  Path Type:              Setup (Max at Slow Process Corner)
  Requirement:            10.000ns  (sys_clk_pin rise@10.000ns - sys_clk_pin rise@0.000ns)
  Data Path Delay:        7.728ns  (logic 1.744ns (22.567%)  route 5.984ns (77.433%))
  Logic Levels:           6  (CARRY4=3 LUT2=1 LUT6=2)
  Clock Path Skew:        0.099ns (DCD - SCD + CPR)
    Destination Clock Delay (DCD):    5.136ns = ( 15.136 - 10.000 ) 
    Source Clock Delay      (SCD):    5.224ns
    Clock Pessimism Removal (CPR):    0.187ns
  Clock Uncertainty:      0.035ns  ((TSJ^2 + TIJ^2)^1/2 + DJ) / 2 + PE
    Total System Jitter     (TSJ):    0.071ns
    Total Input Jitter      (TIJ):    0.000ns
    Discrete Jitter          (DJ):    0.000ns
    Phase Error              (PE):    0.000ns

    Location             Delay type                Incr(ns)  Path(ns)    Netlist Resource(s)
  -------------------------------------------------------------------    -------------------
                         (clock sys_clk_pin rise edge)
                                                      0.000     0.000 r  
    E3                                                0.000     0.000 r  clock (IN)
                         net (fo=0)                   0.000     0.000    clock
    E3                   IBUF (Prop_ibuf_I_O)         1.482     1.482 r  clock_IBUF_inst/O
                         net (fo=1, routed)           2.025     3.506    clock_IBUF
    BUFGCTRL_X0Y16       BUFG (Prop_bufg_I_O)         0.096     3.602 r  clock_IBUF_BUFG_inst/O
                         net (fo=666, routed)         1.621     5.224    <hidden>
    SLICE_X63Y68         FDRE                                         r  <hidden>
  -------------------------------------------------------------------    -------------------
    SLICE_X63Y68         FDRE (Prop_fdre_C_Q)         0.419     5.643 f  <hidden>
                         net (fo=3, routed)           1.320     6.963    <hidden>
    SLICE_X64Y65         LUT6 (Prop_lut6_I1_O)        0.299     7.262 r  <hidden>
                         net (fo=1, routed)           0.000     7.262    <hidden>
    SLICE_X64Y65         CARRY4 (Prop_carry4_S[1]_CO[3])
                                                      0.550     7.812 r  <hidden>
                         net (fo=1, routed)           0.000     7.812    <hidden>
    SLICE_X64Y66         CARRY4 (Prop_carry4_CI_CO[3])
                                                      0.114     7.926 r  <hidden>
                         net (fo=1, routed)           0.000     7.926    <hidden>
    SLICE_X64Y67         CARRY4 (Prop_carry4_CI_CO[3])
                                                      0.114     8.040 r  <hidden>
                         net (fo=2, routed)           1.152     9.192    <hidden>
    SLICE_X58Y69         LUT6 (Prop_lut6_I5_O)        0.124     9.316 r  <hidden>
                         net (fo=6, routed)           0.787    10.102    <hidden>
    SLICE_X62Y74         LUT2 (Prop_lut2_I1_O)        0.124    10.226 r  <hidden>
                         net (fo=32, routed)          2.725    12.952    <hidden>
    RAMB36_X1Y7          RAMB36E1                                     r  <hidden>
  -------------------------------------------------------------------    -------------------

                         (clock sys_clk_pin rise edge)
                                                     10.000    10.000 r  
    E3                                                0.000    10.000 r  clock (IN)
                         net (fo=0)                   0.000    10.000    clock
    E3                   IBUF (Prop_ibuf_I_O)         1.411    11.411 r  clock_IBUF_inst/O
                         net (fo=1, routed)           1.920    13.331    clock_IBUF
    BUFGCTRL_X0Y16       BUFG (Prop_bufg_I_O)         0.091    13.422 r  clock_IBUF_BUFG_inst/O
                         net (fo=666, routed)         1.713    15.136    <hidden>
    RAMB36_X1Y7          RAMB36E1                                     r  <hidden>
                         clock pessimism              0.187    15.323    
                         clock uncertainty           -0.035    15.287    
    RAMB36_X1Y7          RAMB36E1 (Setup_ramb36e1_CLKBWRCLK_ENBWREN)
                                                     -0.443    14.844    <hidden>
  -------------------------------------------------------------------
                         required time                         14.844    
                         arrival time                         -12.952    
  -------------------------------------------------------------------
                         slack                                  1.893    

Slack (MET) :             2.038ns  (required time - arrival time)
  Source:                 <hidden>
                            (rising edge-triggered cell FDRE clocked by sys_clk_pin  {rise@0.000ns fall@5.000ns period=10.000ns})
  Destination:            <hidden>
                            (rising edge-triggered cell RAMB36E1 clocked by sys_clk_pin  {rise@0.000ns fall@5.000ns period=10.000ns})
  Path Group:             sys_clk_pin
  Path Type:              Setup (Max at Slow Process Corner)
  Requirement:            10.000ns  (sys_clk_pin rise@10.000ns - sys_clk_pin rise@0.000ns)
  Data Path Delay:        7.205ns  (logic 2.607ns (36.185%)  route 4.598ns (63.815%))
  Logic Levels:           11  (CARRY4=9 LUT4=1 LUT6=1)
  Clock Path Skew:        0.012ns (DCD - SCD + CPR)
    Destination Clock Delay (DCD):    4.977ns = ( 14.977 - 10.000 ) 
    Source Clock Delay      (SCD):    5.224ns
    Clock Pessimism Removal (CPR):    0.259ns
  Clock Uncertainty:      0.035ns  ((TSJ^2 + TIJ^2)^1/2 + DJ) / 2 + PE
    Total System Jitter     (TSJ):    0.071ns
    Total Input Jitter      (TIJ):    0.000ns
    Discrete Jitter          (DJ):    0.000ns
    Phase Error              (PE):    0.000ns

    Location             Delay type                Incr(ns)  Path(ns)    Netlist Resource(s)
  -------------------------------------------------------------------    -------------------
                         (clock sys_clk_pin rise edge)
                                                      0.000     0.000 r  
    E3                                                0.000     0.000 r  clock (IN)
                         net (fo=0)                   0.000     0.000    clock
    E3                   IBUF (Prop_ibuf_I_O)         1.482     1.482 r  clock_IBUF_inst/O
                         net (fo=1, routed)           2.025     3.506    clock_IBUF
    BUFGCTRL_X0Y16       BUFG (Prop_bufg_I_O)         0.096     3.602 r  clock_IBUF_BUFG_inst/O
                         net (fo=666, routed)         1.621     5.224    <hidden>
    SLICE_X67Y69         FDRE                                         r  <hidden>
  -------------------------------------------------------------------    -------------------
    SLICE_X67Y69         FDRE (Prop_fdre_C_Q)         0.456     5.680 r  <hidden>
                         net (fo=64, routed)          1.390     7.070    <hidden>
    SLICE_X67Y60         LUT6 (Prop_lut6_I1_O)        0.124     7.194 r  <hidden>
                         net (fo=1, routed)           0.000     7.194    <hidden>
    SLICE_X67Y60         CARRY4 (Prop_carry4_S[1]_CO[3])
                                                      0.550     7.744 r  <hidden>
                         net (fo=1, routed)           0.000     7.744    <hidden>
    SLICE_X67Y61         CARRY4 (Prop_carry4_CI_CO[3])
                                                      0.114     7.858 r  <hidden>
                         net (fo=1, routed)           0.000     7.858    <hidden>
    SLICE_X67Y62         CARRY4 (Prop_carry4_CI_CO[3])
                                                      0.114     7.972 r  <hidden>
                         net (fo=1, routed)           0.000     7.972    <hidden>
    SLICE_X67Y63         CARRY4 (Prop_carry4_CI_CO[3])
                                                      0.114     8.086 r  <hidden>
                         net (fo=1, routed)           0.000     8.086    <hidden>
    SLICE_X67Y64         CARRY4 (Prop_carry4_CI_CO[3])
                                                      0.114     8.200 r  <hidden>
                         net (fo=1, routed)           0.000     8.200    <hidden>
    SLICE_X67Y65         CARRY4 (Prop_carry4_CI_CO[3])
                                                      0.114     8.314 r  <hidden>
                         net (fo=1, routed)           0.000     8.314    <hidden>
    SLICE_X67Y66         CARRY4 (Prop_carry4_CI_CO[3])
                                                      0.114     8.428 r  <hidden>
                         net (fo=1, routed)           0.000     8.428    <hidden>
    SLICE_X67Y67         CARRY4 (Prop_carry4_CI_CO[3])
                                                      0.114     8.542 r  <hidden>
                         net (fo=1, routed)           0.000     8.542    <hidden>
    SLICE_X67Y68         CARRY4 (Prop_carry4_CI_O[1])
                                                      0.348     8.890 f  <hidden>
                         net (fo=14, routed)          1.124    10.014    your_instance_name/inst/dlmb_cntlr/U0/LMB_ABus[1]
    SLICE_X72Y67         LUT4 (Prop_lut4_I2_O)        0.331    10.345 r  your_instance_name/inst/dlmb_cntlr/U0/BRAM_WEN_A[0]_INST_0/O
                         net (fo=8, routed)           2.084    12.428    <hidden>
    RAMB36_X1Y19         RAMB36E1                                     r  <hidden>
  -------------------------------------------------------------------    -------------------

                         (clock sys_clk_pin rise edge)
                                                     10.000    10.000 r  
    E3                                                0.000    10.000 r  clock (IN)
                         net (fo=0)                   0.000    10.000    clock
    E3                   IBUF (Prop_ibuf_I_O)         1.411    11.411 r  clock_IBUF_inst/O
                         net (fo=1, routed)           1.920    13.331    clock_IBUF
    BUFGCTRL_X0Y16       BUFG (Prop_bufg_I_O)         0.091    13.422 r  clock_IBUF_BUFG_inst/O
                         net (fo=666, routed)         1.555    14.977    <hidden>
    RAMB36_X1Y19         RAMB36E1                                     r  <hidden>
                         clock pessimism              0.259    15.236    
                         clock uncertainty           -0.035    15.201    
    RAMB36_X1Y19         RAMB36E1 (Setup_ramb36e1_CLKARDCLK_WEA[0])
                                                     -0.734    14.467    <hidden>
  -------------------------------------------------------------------
                         required time                         14.467    
                         arrival time                         -12.428    
  -------------------------------------------------------------------
                         slack                                  2.038    

Slack (MET) :             2.111ns  (required time - arrival time)
  Source:                 <hidden>
                            (rising edge-triggered cell FDRE clocked by sys_clk_pin  {rise@0.000ns fall@5.000ns period=10.000ns})
  Destination:            <hidden>
                            (rising edge-triggered cell RAMB36E1 clocked by sys_clk_pin  {rise@0.000ns fall@5.000ns period=10.000ns})
  Path Group:             sys_clk_pin
  Path Type:              Setup (Max at Slow Process Corner)
  Requirement:            10.000ns  (sys_clk_pin rise@10.000ns - sys_clk_pin rise@0.000ns)
  Data Path Delay:        7.555ns  (logic 1.744ns (23.083%)  route 5.811ns (76.917%))
  Logic Levels:           6  (CARRY4=3 LUT2=1 LUT6=2)
  Clock Path Skew:        0.145ns (DCD - SCD + CPR)
    Destination Clock Delay (DCD):    5.182ns = ( 15.182 - 10.000 ) 
    Source Clock Delay      (SCD):    5.224ns
    Clock Pessimism Removal (CPR):    0.187ns
  Clock Uncertainty:      0.035ns  ((TSJ^2 + TIJ^2)^1/2 + DJ) / 2 + PE
    Total System Jitter     (TSJ):    0.071ns
    Total Input Jitter      (TIJ):    0.000ns
    Discrete Jitter          (DJ):    0.000ns
    Phase Error              (PE):    0.000ns

    Location             Delay type                Incr(ns)  Path(ns)    Netlist Resource(s)
  -------------------------------------------------------------------    -------------------
                         (clock sys_clk_pin rise edge)
                                                      0.000     0.000 r  
    E3                                                0.000     0.000 r  clock (IN)
                         net (fo=0)                   0.000     0.000    clock
    E3                   IBUF (Prop_ibuf_I_O)         1.482     1.482 r  clock_IBUF_inst/O
                         net (fo=1, routed)           2.025     3.506    clock_IBUF
    BUFGCTRL_X0Y16       BUFG (Prop_bufg_I_O)         0.096     3.602 r  clock_IBUF_BUFG_inst/O
                         net (fo=666, routed)         1.621     5.224    <hidden>
    SLICE_X63Y68         FDRE                                         r  <hidden>
  -------------------------------------------------------------------    -------------------
    SLICE_X63Y68         FDRE (Prop_fdre_C_Q)         0.419     5.643 f  <hidden>
                         net (fo=3, routed)           1.320     6.963    <hidden>
    SLICE_X64Y65         LUT6 (Prop_lut6_I1_O)        0.299     7.262 r  <hidden>
                         net (fo=1, routed)           0.000     7.262    <hidden>
    SLICE_X64Y65         CARRY4 (Prop_carry4_S[1]_CO[3])
                                                      0.550     7.812 r  <hidden>
                         net (fo=1, routed)           0.000     7.812    <hidden>
    SLICE_X64Y66         CARRY4 (Prop_carry4_CI_CO[3])
                                                      0.114     7.926 r  <hidden>
                         net (fo=1, routed)           0.000     7.926    <hidden>
    SLICE_X64Y67         CARRY4 (Prop_carry4_CI_CO[3])
                                                      0.114     8.040 r  <hidden>
                         net (fo=2, routed)           1.152     9.192    <hidden>
    SLICE_X58Y69         LUT6 (Prop_lut6_I5_O)        0.124     9.316 r  <hidden>
                         net (fo=6, routed)           0.787    10.102    <hidden>
    SLICE_X62Y74         LUT2 (Prop_lut2_I1_O)        0.124    10.226 r  <hidden>
                         net (fo=32, routed)          2.552    12.779    <hidden>
    RAMB36_X2Y6          RAMB36E1                                     r  <hidden>
  -------------------------------------------------------------------    -------------------

                         (clock sys_clk_pin rise edge)
                                                     10.000    10.000 r  
    E3                                                0.000    10.000 r  clock (IN)
                         net (fo=0)                   0.000    10.000    clock
    E3                   IBUF (Prop_ibuf_I_O)         1.411    11.411 r  clock_IBUF_inst/O
                         net (fo=1, routed)           1.920    13.331    clock_IBUF
    BUFGCTRL_X0Y16       BUFG (Prop_bufg_I_O)         0.091    13.422 r  clock_IBUF_BUFG_inst/O
                         net (fo=666, routed)         1.759    15.182    <hidden>
    RAMB36_X2Y6          RAMB36E1                                     r  <hidden>
                         clock pessimism              0.187    15.369    
                         clock uncertainty           -0.035    15.333    
    RAMB36_X2Y6          RAMB36E1 (Setup_ramb36e1_CLKBWRCLK_ENBWREN)
                                                     -0.443    14.890    <hidden>
  -------------------------------------------------------------------
                         required time                         14.890    
                         arrival time                         -12.779    
  -------------------------------------------------------------------
                         slack                                  2.111    

Slack (MET) :             2.132ns  (required time - arrival time)
  Source:                 <hidden>
                            (rising edge-triggered cell RAMB36E1 clocked by sys_clk_pin  {rise@0.000ns fall@5.000ns period=10.000ns})
  Destination:            <hidden>
                            (rising edge-triggered cell RAMD32 clocked by sys_clk_pin  {rise@0.000ns fall@5.000ns period=10.000ns})
  Path Group:             sys_clk_pin
  Path Type:              Setup (Max at Slow Process Corner)
  Requirement:            10.000ns  (sys_clk_pin rise@10.000ns - sys_clk_pin rise@0.000ns)
  Data Path Delay:        7.493ns  (logic 3.062ns (40.863%)  route 4.431ns (59.137%))
  Logic Levels:           3  (LUT3=1 LUT4=1 LUT6=1)
  Clock Path Skew:        -0.090ns (DCD - SCD + CPR)
    Destination Clock Delay (DCD):    4.929ns = ( 14.929 - 10.000 ) 
    Source Clock Delay      (SCD):    5.278ns
    Clock Pessimism Removal (CPR):    0.259ns
  Clock Uncertainty:      0.035ns  ((TSJ^2 + TIJ^2)^1/2 + DJ) / 2 + PE
    Total System Jitter     (TSJ):    0.071ns
    Total Input Jitter      (TIJ):    0.000ns
    Discrete Jitter          (DJ):    0.000ns
    Phase Error              (PE):    0.000ns

    Location             Delay type                Incr(ns)  Path(ns)    Netlist Resource(s)
  -------------------------------------------------------------------    -------------------
                         (clock sys_clk_pin rise edge)
                                                      0.000     0.000 r  
    E3                                                0.000     0.000 r  clock (IN)
                         net (fo=0)                   0.000     0.000    clock
    E3                   IBUF (Prop_ibuf_I_O)         1.482     1.482 r  clock_IBUF_inst/O
                         net (fo=1, routed)           2.025     3.506    clock_IBUF
    BUFGCTRL_X0Y16       BUFG (Prop_bufg_I_O)         0.096     3.602 r  clock_IBUF_BUFG_inst/O
                         net (fo=666, routed)         1.676     5.278    <hidden>
    RAMB36_X1Y19         RAMB36E1                                     r  <hidden>
  -------------------------------------------------------------------    -------------------
    RAMB36_X1Y19         RAMB36E1 (Prop_ramb36e1_CLKARDCLK_DOADO[0])
                                                      2.454     7.732 r  <hidden>
                         net (fo=1, routed)           2.037     9.769    your_instance_name/inst/dlmb/U0/Sl_DBus[0]
    SLICE_X69Y70         LUT4 (Prop_lut4_I0_O)        0.124     9.893 r  your_instance_name/inst/dlmb/U0/LMB_ReadDBus[0]_INST_0/O
                         net (fo=3, routed)           1.288    11.181    <hidden>
    SLICE_X71Y61         LUT3 (Prop_lut3_I2_O)        0.152    11.333 r  <hidden>
                         net (fo=1, routed)           0.410    11.743    <hidden>
    SLICE_X71Y63         LUT6 (Prop_lut6_I3_O)        0.332    12.075 r  <hidden>
                         net (fo=7, routed)           0.696    12.771    <hidden>
    SLICE_X62Y64         RAMD32                                       r  <hidden>
  -------------------------------------------------------------------    -------------------

                         (clock sys_clk_pin rise edge)
                                                     10.000    10.000 r  
    E3                                                0.000    10.000 r  clock (IN)
                         net (fo=0)                   0.000    10.000    clock
    E3                   IBUF (Prop_ibuf_I_O)         1.411    11.411 r  clock_IBUF_inst/O
                         net (fo=1, routed)           1.920    13.331    clock_IBUF
    BUFGCTRL_X0Y16       BUFG (Prop_bufg_I_O)         0.091    13.422 r  clock_IBUF_BUFG_inst/O
                         net (fo=666, routed)         1.506    14.929    <hidden>
    SLICE_X62Y64         RAMD32                                       r  <hidden>
                         clock pessimism              0.259    15.188    
                         clock uncertainty           -0.035    15.152    
    SLICE_X62Y64         RAMD32 (Setup_ramd32_CLK_I)
                                                     -0.249    14.903    <hidden>
  -------------------------------------------------------------------
                         required time                         14.903    
                         arrival time                         -12.771    
  -------------------------------------------------------------------
                         slack                                  2.132    

Slack (MET) :             2.155ns  (required time - arrival time)
  Source:                 <hidden>
                            (rising edge-triggered cell RAMB36E1 clocked by sys_clk_pin  {rise@0.000ns fall@5.000ns period=10.000ns})
  Destination:            <hidden>
                            (rising edge-triggered cell FDRE clocked by sys_clk_pin  {rise@0.000ns fall@5.000ns period=10.000ns})
  Path Group:             sys_clk_pin
  Path Type:              Setup (Max at Slow Process Corner)
  Requirement:            10.000ns  (sys_clk_pin rise@10.000ns - sys_clk_pin rise@0.000ns)
  Data Path Delay:        7.513ns  (logic 2.950ns (39.268%)  route 4.563ns (60.732%))
  Logic Levels:           4  (LUT4=1 LUT5=1 LUT6=2)
  Clock Path Skew:        -0.328ns (DCD - SCD + CPR)
    Destination Clock Delay (DCD):    4.932ns = ( 14.932 - 10.000 ) 
    Source Clock Delay      (SCD):    5.447ns
    Clock Pessimism Removal (CPR):    0.187ns
  Clock Uncertainty:      0.035ns  ((TSJ^2 + TIJ^2)^1/2 + DJ) / 2 + PE
    Total System Jitter     (TSJ):    0.071ns
    Total Input Jitter      (TIJ):    0.000ns
    Discrete Jitter          (DJ):    0.000ns
    Phase Error              (PE):    0.000ns

    Location             Delay type                Incr(ns)  Path(ns)    Netlist Resource(s)
  -------------------------------------------------------------------    -------------------
                         (clock sys_clk_pin rise edge)
                                                      0.000     0.000 r  
    E3                                                0.000     0.000 r  clock (IN)
                         net (fo=0)                   0.000     0.000    clock
    E3                   IBUF (Prop_ibuf_I_O)         1.482     1.482 r  clock_IBUF_inst/O
                         net (fo=1, routed)           2.025     3.506    clock_IBUF
    BUFGCTRL_X0Y16       BUFG (Prop_bufg_I_O)         0.096     3.602 r  clock_IBUF_BUFG_inst/O
                         net (fo=666, routed)         1.845     5.447    <hidden>
    RAMB36_X1Y7          RAMB36E1                                     r  <hidden>
  -------------------------------------------------------------------    -------------------
    RAMB36_X1Y7          RAMB36E1 (Prop_ramb36e1_CLKARDCLK_DOADO[0])
                                                      2.454     7.901 r  <hidden>
                         net (fo=1, routed)           2.188    10.089    your_instance_name/inst/dlmb/U0/Sl_DBus[29]
    SLICE_X72Y65         LUT4 (Prop_lut4_I0_O)        0.124    10.213 r  your_instance_name/inst/dlmb/U0/LMB_ReadDBus[29]_INST_0/O
                         net (fo=1, routed)           0.488    10.701    <hidden>
    SLICE_X72Y65         LUT6 (Prop_lut6_I2_O)        0.124    10.825 r  <hidden>
                         net (fo=1, routed)           0.306    11.131    <hidden>
    SLICE_X72Y63         LUT5 (Prop_lut5_I2_O)        0.124    11.255 r  <hidden>
                         net (fo=7, routed)           1.581    12.836    <hidden>
    SLICE_X64Y61         LUT6 (Prop_lut6_I1_O)        0.124    12.960 r  <hidden>
                         net (fo=1, routed)           0.000    12.960    <hidden>
    SLICE_X64Y61         FDRE                                         r  <hidden>
  -------------------------------------------------------------------    -------------------

                         (clock sys_clk_pin rise edge)
                                                     10.000    10.000 r  
    E3                                                0.000    10.000 r  clock (IN)
                         net (fo=0)                   0.000    10.000    clock
    E3                   IBUF (Prop_ibuf_I_O)         1.411    11.411 r  clock_IBUF_inst/O
                         net (fo=1, routed)           1.920    13.331    clock_IBUF
    BUFGCTRL_X0Y16       BUFG (Prop_bufg_I_O)         0.091    13.422 r  clock_IBUF_BUFG_inst/O
                         net (fo=666, routed)         1.509    14.932    <hidden>
    SLICE_X64Y61         FDRE                                         r  <hidden>
                         clock pessimism              0.187    15.119    
                         clock uncertainty           -0.035    15.083    
    SLICE_X64Y61         FDRE (Setup_fdre_C_D)        0.031    15.114    <hidden>
  -------------------------------------------------------------------
                         required time                         15.114    
                         arrival time                         -12.960    
  -------------------------------------------------------------------
                         slack                                  2.155    

Slack (MET) :             2.171ns  (required time - arrival time)
  Source:                 <hidden>
                            (rising edge-triggered cell RAMB36E1 clocked by sys_clk_pin  {rise@0.000ns fall@5.000ns period=10.000ns})
  Destination:            <hidden>
                            (rising edge-triggered cell FDRE clocked by sys_clk_pin  {rise@0.000ns fall@5.000ns period=10.000ns})
  Path Group:             sys_clk_pin
  Path Type:              Setup (Max at Slow Process Corner)
  Requirement:            10.000ns  (sys_clk_pin rise@10.000ns - sys_clk_pin rise@0.000ns)
  Data Path Delay:        7.541ns  (logic 2.978ns (39.493%)  route 4.563ns (60.507%))
  Logic Levels:           4  (LUT4=1 LUT5=2 LUT6=1)
  Clock Path Skew:        -0.328ns (DCD - SCD + CPR)
    Destination Clock Delay (DCD):    4.932ns = ( 14.932 - 10.000 ) 
    Source Clock Delay      (SCD):    5.447ns
    Clock Pessimism Removal (CPR):    0.187ns
  Clock Uncertainty:      0.035ns  ((TSJ^2 + TIJ^2)^1/2 + DJ) / 2 + PE
    Total System Jitter     (TSJ):    0.071ns
    Total Input Jitter      (TIJ):    0.000ns
    Discrete Jitter          (DJ):    0.000ns
    Phase Error              (PE):    0.000ns

    Location             Delay type                Incr(ns)  Path(ns)    Netlist Resource(s)
  -------------------------------------------------------------------    -------------------
                         (clock sys_clk_pin rise edge)
                                                      0.000     0.000 r  
    E3                                                0.000     0.000 r  clock (IN)
                         net (fo=0)                   0.000     0.000    clock
    E3                   IBUF (Prop_ibuf_I_O)         1.482     1.482 r  clock_IBUF_inst/O
                         net (fo=1, routed)           2.025     3.506    clock_IBUF
    BUFGCTRL_X0Y16       BUFG (Prop_bufg_I_O)         0.096     3.602 r  clock_IBUF_BUFG_inst/O
                         net (fo=666, routed)         1.845     5.447    <hidden>
    RAMB36_X1Y7          RAMB36E1                                     r  <hidden>
  -------------------------------------------------------------------    -------------------
    RAMB36_X1Y7          RAMB36E1 (Prop_ramb36e1_CLKARDCLK_DOADO[0])
                                                      2.454     7.901 r  <hidden>
                         net (fo=1, routed)           2.188    10.089    your_instance_name/inst/dlmb/U0/Sl_DBus[29]
    SLICE_X72Y65         LUT4 (Prop_lut4_I0_O)        0.124    10.213 r  your_instance_name/inst/dlmb/U0/LMB_ReadDBus[29]_INST_0/O
                         net (fo=1, routed)           0.488    10.701    <hidden>
    SLICE_X72Y65         LUT6 (Prop_lut6_I2_O)        0.124    10.825 r  <hidden>
                         net (fo=1, routed)           0.306    11.131    <hidden>
    SLICE_X72Y63         LUT5 (Prop_lut5_I2_O)        0.124    11.255 r  <hidden>
                         net (fo=7, routed)           1.581    12.836    <hidden>
    SLICE_X64Y61         LUT5 (Prop_lut5_I1_O)        0.152    12.988 r  <hidden>
                         net (fo=1, routed)           0.000    12.988    <hidden>
    SLICE_X64Y61         FDRE                                         r  <hidden>
  -------------------------------------------------------------------    -------------------

                         (clock sys_clk_pin rise edge)
                                                     10.000    10.000 r  
    E3                                                0.000    10.000 r  clock (IN)
                         net (fo=0)                   0.000    10.000    clock
    E3                   IBUF (Prop_ibuf_I_O)         1.411    11.411 r  clock_IBUF_inst/O
                         net (fo=1, routed)           1.920    13.331    clock_IBUF
    BUFGCTRL_X0Y16       BUFG (Prop_bufg_I_O)         0.091    13.422 r  clock_IBUF_BUFG_inst/O
                         net (fo=666, routed)         1.509    14.932    <hidden>
    SLICE_X64Y61         FDRE                                         r  <hidden>
                         clock pessimism              0.187    15.119    
                         clock uncertainty           -0.035    15.083    
    SLICE_X64Y61         FDRE (Setup_fdre_C_D)        0.075    15.158    <hidden>
  -------------------------------------------------------------------
                         required time                         15.158    
                         arrival time                         -12.988    
  -------------------------------------------------------------------
                         slack                                  2.171    

Slack (MET) :             2.173ns  (required time - arrival time)
  Source:                 <hidden>
                            (rising edge-triggered cell RAMB36E1 clocked by sys_clk_pin  {rise@0.000ns fall@5.000ns period=10.000ns})
  Destination:            <hidden>
                            (rising edge-triggered cell RAMD32 clocked by sys_clk_pin  {rise@0.000ns fall@5.000ns period=10.000ns})
  Path Group:             sys_clk_pin
  Path Type:              Setup (Max at Slow Process Corner)
  Requirement:            10.000ns  (sys_clk_pin rise@10.000ns - sys_clk_pin rise@0.000ns)
  Data Path Delay:        7.493ns  (logic 3.062ns (40.863%)  route 4.431ns (59.137%))
  Logic Levels:           3  (LUT3=1 LUT4=1 LUT6=1)
  Clock Path Skew:        -0.090ns (DCD - SCD + CPR)
    Destination Clock Delay (DCD):    4.929ns = ( 14.929 - 10.000 ) 
    Source Clock Delay      (SCD):    5.278ns
    Clock Pessimism Removal (CPR):    0.259ns
  Clock Uncertainty:      0.035ns  ((TSJ^2 + TIJ^2)^1/2 + DJ) / 2 + PE
    Total System Jitter     (TSJ):    0.071ns
    Total Input Jitter      (TIJ):    0.000ns
    Discrete Jitter          (DJ):    0.000ns
    Phase Error              (PE):    0.000ns

    Location             Delay type                Incr(ns)  Path(ns)    Netlist Resource(s)
  -------------------------------------------------------------------    -------------------
                         (clock sys_clk_pin rise edge)
                                                      0.000     0.000 r  
    E3                                                0.000     0.000 r  clock (IN)
                         net (fo=0)                   0.000     0.000    clock
    E3                   IBUF (Prop_ibuf_I_O)         1.482     1.482 r  clock_IBUF_inst/O
                         net (fo=1, routed)           2.025     3.506    clock_IBUF
    BUFGCTRL_X0Y16       BUFG (Prop_bufg_I_O)         0.096     3.602 r  clock_IBUF_BUFG_inst/O
                         net (fo=666, routed)         1.676     5.278    <hidden>
    RAMB36_X1Y19         RAMB36E1                                     r  <hidden>
  -------------------------------------------------------------------    -------------------
    RAMB36_X1Y19         RAMB36E1 (Prop_ramb36e1_CLKARDCLK_DOADO[0])
                                                      2.454     7.732 r  <hidden>
                         net (fo=1, routed)           2.037     9.769    your_instance_name/inst/dlmb/U0/Sl_DBus[0]
    SLICE_X69Y70         LUT4 (Prop_lut4_I0_O)        0.124     9.893 r  your_instance_name/inst/dlmb/U0/LMB_ReadDBus[0]_INST_0/O
                         net (fo=3, routed)           1.288    11.181    <hidden>
    SLICE_X71Y61         LUT3 (Prop_lut3_I2_O)        0.152    11.333 r  <hidden>
                         net (fo=1, routed)           0.410    11.743    <hidden>
    SLICE_X71Y63         LUT6 (Prop_lut6_I3_O)        0.332    12.075 r  <hidden>
                         net (fo=7, routed)           0.696    12.771    <hidden>
    SLICE_X62Y64         RAMD32                                       r  <hidden>
  -------------------------------------------------------------------    -------------------

                         (clock sys_clk_pin rise edge)
                                                     10.000    10.000 r  
    E3                                                0.000    10.000 r  clock (IN)
                         net (fo=0)                   0.000    10.000    clock
    E3                   IBUF (Prop_ibuf_I_O)         1.411    11.411 r  clock_IBUF_inst/O
                         net (fo=1, routed)           1.920    13.331    clock_IBUF
    BUFGCTRL_X0Y16       BUFG (Prop_bufg_I_O)         0.091    13.422 r  clock_IBUF_BUFG_inst/O
                         net (fo=666, routed)         1.506    14.929    <hidden>
    SLICE_X62Y64         RAMD32                                       r  <hidden>
                         clock pessimism              0.259    15.188    
                         clock uncertainty           -0.035    15.152    
    SLICE_X62Y64         RAMD32 (Setup_ramd32_CLK_I)
                                                     -0.208    14.944    <hidden>
  -------------------------------------------------------------------
                         required time                         14.944    
                         arrival time                         -12.771    
  -------------------------------------------------------------------
                         slack                                  2.173    





Min Delay Paths
--------------------------------------------------------------------------------------
Slack (MET) :             0.100ns  (arrival time - required time)
  Source:                 <hidden>
                            (rising edge-triggered cell FDRE clocked by sys_clk_pin  {rise@0.000ns fall@5.000ns period=10.000ns})
  Destination:            <hidden>
                            (rising edge-triggered cell RAMD32 clocked by sys_clk_pin  {rise@0.000ns fall@5.000ns period=10.000ns})
  Path Group:             sys_clk_pin
  Path Type:              Hold (Min at Fast Process Corner)
  Requirement:            0.000ns  (sys_clk_pin rise@0.000ns - sys_clk_pin rise@0.000ns)
  Data Path Delay:        0.315ns  (logic 0.141ns (44.775%)  route 0.174ns (55.225%))
  Logic Levels:           0  
  Clock Path Skew:        0.015ns (DCD - SCD - CPR)
    Destination Clock Delay (DCD):    1.995ns
    Source Clock Delay      (SCD):    1.478ns
    Clock Pessimism Removal (CPR):    0.501ns

    Location             Delay type                Incr(ns)  Path(ns)    Netlist Resource(s)
  -------------------------------------------------------------------    -------------------
                         (clock sys_clk_pin rise edge)
                                                      0.000     0.000 r  
    E3                                                0.000     0.000 r  clock (IN)
                         net (fo=0)                   0.000     0.000    clock
    E3                   IBUF (Prop_ibuf_I_O)         0.250     0.250 r  clock_IBUF_inst/O
                         net (fo=1, routed)           0.644     0.894    clock_IBUF
    BUFGCTRL_X0Y16       BUFG (Prop_bufg_I_O)         0.026     0.920 r  clock_IBUF_BUFG_inst/O
                         net (fo=666, routed)         0.559     1.478    <hidden>
    SLICE_X64Y70         FDRE                                         r  <hidden>
  -------------------------------------------------------------------    -------------------
    SLICE_X64Y70         FDRE (Prop_fdre_C_Q)         0.141     1.619 r  <hidden>
                         net (fo=199, routed)         0.174     1.793    <hidden>
    SLICE_X66Y69         RAMD32                                       r  <hidden>
  -------------------------------------------------------------------    -------------------

                         (clock sys_clk_pin rise edge)
                                                      0.000     0.000 r  
    E3                                                0.000     0.000 r  clock (IN)
                         net (fo=0)                   0.000     0.000    clock
    E3                   IBUF (Prop_ibuf_I_O)         0.438     0.438 r  clock_IBUF_inst/O
                         net (fo=1, routed)           0.699     1.136    clock_IBUF
    BUFGCTRL_X0Y16       BUFG (Prop_bufg_I_O)         0.029     1.165 r  clock_IBUF_BUFG_inst/O
                         net (fo=666, routed)         0.830     1.995    <hidden>
    SLICE_X66Y69         RAMD32                                       r  <hidden>
                         clock pessimism             -0.501     1.493    
    SLICE_X66Y69         RAMD32 (Hold_ramd32_CLK_WADR4)
                                                      0.200     1.693    <hidden>
  -------------------------------------------------------------------
                         required time                         -1.693    
                         arrival time                           1.793    
  -------------------------------------------------------------------
                         slack                                  0.100    

Slack (MET) :             0.100ns  (arrival time - required time)
  Source:                 <hidden>
                            (rising edge-triggered cell FDRE clocked by sys_clk_pin  {rise@0.000ns fall@5.000ns period=10.000ns})
  Destination:            <hidden>
                            (rising edge-triggered cell RAMD32 clocked by sys_clk_pin  {rise@0.000ns fall@5.000ns period=10.000ns})
  Path Group:             sys_clk_pin
  Path Type:              Hold (Min at Fast Process Corner)
  Requirement:            0.000ns  (sys_clk_pin rise@0.000ns - sys_clk_pin rise@0.000ns)
  Data Path Delay:        0.315ns  (logic 0.141ns (44.775%)  route 0.174ns (55.225%))
  Logic Levels:           0  
  Clock Path Skew:        0.015ns (DCD - SCD - CPR)
    Destination Clock Delay (DCD):    1.995ns
    Source Clock Delay      (SCD):    1.478ns
    Clock Pessimism Removal (CPR):    0.501ns

    Location             Delay type                Incr(ns)  Path(ns)    Netlist Resource(s)
  -------------------------------------------------------------------    -------------------
                         (clock sys_clk_pin rise edge)
                                                      0.000     0.000 r  
    E3                                                0.000     0.000 r  clock (IN)
                         net (fo=0)                   0.000     0.000    clock
    E3                   IBUF (Prop_ibuf_I_O)         0.250     0.250 r  clock_IBUF_inst/O
                         net (fo=1, routed)           0.644     0.894    clock_IBUF
    BUFGCTRL_X0Y16       BUFG (Prop_bufg_I_O)         0.026     0.920 r  clock_IBUF_BUFG_inst/O
                         net (fo=666, routed)         0.559     1.478    <hidden>
    SLICE_X64Y70         FDRE                                         r  <hidden>
  -------------------------------------------------------------------    -------------------
    SLICE_X64Y70         FDRE (Prop_fdre_C_Q)         0.141     1.619 r  <hidden>
                         net (fo=199, routed)         0.174     1.793    <hidden>
    SLICE_X66Y69         RAMD32                                       r  <hidden>
  -------------------------------------------------------------------    -------------------

                         (clock sys_clk_pin rise edge)
                                                      0.000     0.000 r  
    E3                                                0.000     0.000 r  clock (IN)
                         net (fo=0)                   0.000     0.000    clock
    E3                   IBUF (Prop_ibuf_I_O)         0.438     0.438 r  clock_IBUF_inst/O
                         net (fo=1, routed)           0.699     1.136    clock_IBUF
    BUFGCTRL_X0Y16       BUFG (Prop_bufg_I_O)         0.029     1.165 r  clock_IBUF_BUFG_inst/O
                         net (fo=666, routed)         0.830     1.995    <hidden>
    SLICE_X66Y69         RAMD32                                       r  <hidden>
                         clock pessimism             -0.501     1.493    
    SLICE_X66Y69         RAMD32 (Hold_ramd32_CLK_WADR4)
                                                      0.200     1.693    <hidden>
  -------------------------------------------------------------------
                         required time                         -1.693    
                         arrival time                           1.793    
  -------------------------------------------------------------------
                         slack                                  0.100    

Slack (MET) :             0.100ns  (arrival time - required time)
  Source:                 <hidden>
                            (rising edge-triggered cell FDRE clocked by sys_clk_pin  {rise@0.000ns fall@5.000ns period=10.000ns})
  Destination:            <hidden>
                            (rising edge-triggered cell RAMD32 clocked by sys_clk_pin  {rise@0.000ns fall@5.000ns period=10.000ns})
  Path Group:             sys_clk_pin
  Path Type:              Hold (Min at Fast Process Corner)
  Requirement:            0.000ns  (sys_clk_pin rise@0.000ns - sys_clk_pin rise@0.000ns)
  Data Path Delay:        0.315ns  (logic 0.141ns (44.775%)  route 0.174ns (55.225%))
  Logic Levels:           0  
  Clock Path Skew:        0.015ns (DCD - SCD - CPR)
    Destination Clock Delay (DCD):    1.995ns
    Source Clock Delay      (SCD):    1.478ns
    Clock Pessimism Removal (CPR):    0.501ns

    Location             Delay type                Incr(ns)  Path(ns)    Netlist Resource(s)
  -------------------------------------------------------------------    -------------------
                         (clock sys_clk_pin rise edge)
                                                      0.000     0.000 r  
    E3                                                0.000     0.000 r  clock (IN)
                         net (fo=0)                   0.000     0.000    clock
    E3                   IBUF (Prop_ibuf_I_O)         0.250     0.250 r  clock_IBUF_inst/O
                         net (fo=1, routed)           0.644     0.894    clock_IBUF
    BUFGCTRL_X0Y16       BUFG (Prop_bufg_I_O)         0.026     0.920 r  clock_IBUF_BUFG_inst/O
                         net (fo=666, routed)         0.559     1.478    <hidden>
    SLICE_X64Y70         FDRE                                         r  <hidden>
  -------------------------------------------------------------------    -------------------
    SLICE_X64Y70         FDRE (Prop_fdre_C_Q)         0.141     1.619 r  <hidden>
                         net (fo=199, routed)         0.174     1.793    <hidden>
    SLICE_X66Y69         RAMD32                                       r  <hidden>
  -------------------------------------------------------------------    -------------------

                         (clock sys_clk_pin rise edge)
                                                      0.000     0.000 r  
    E3                                                0.000     0.000 r  clock (IN)
                         net (fo=0)                   0.000     0.000    clock
    E3                   IBUF (Prop_ibuf_I_O)         0.438     0.438 r  clock_IBUF_inst/O
                         net (fo=1, routed)           0.699     1.136    clock_IBUF
    BUFGCTRL_X0Y16       BUFG (Prop_bufg_I_O)         0.029     1.165 r  clock_IBUF_BUFG_inst/O
                         net (fo=666, routed)         0.830     1.995    <hidden>
    SLICE_X66Y69         RAMD32                                       r  <hidden>
                         clock pessimism             -0.501     1.493    
    SLICE_X66Y69         RAMD32 (Hold_ramd32_CLK_WADR4)
                                                      0.200     1.693    <hidden>
  -------------------------------------------------------------------
                         required time                         -1.693    
                         arrival time                           1.793    
  -------------------------------------------------------------------
                         slack                                  0.100    

Slack (MET) :             0.100ns  (arrival time - required time)
  Source:                 <hidden>
                            (rising edge-triggered cell FDRE clocked by sys_clk_pin  {rise@0.000ns fall@5.000ns period=10.000ns})
  Destination:            <hidden>
                            (rising edge-triggered cell RAMD32 clocked by sys_clk_pin  {rise@0.000ns fall@5.000ns period=10.000ns})
  Path Group:             sys_clk_pin
  Path Type:              Hold (Min at Fast Process Corner)
  Requirement:            0.000ns  (sys_clk_pin rise@0.000ns - sys_clk_pin rise@0.000ns)
  Data Path Delay:        0.315ns  (logic 0.141ns (44.775%)  route 0.174ns (55.225%))
  Logic Levels:           0  
  Clock Path Skew:        0.015ns (DCD - SCD - CPR)
    Destination Clock Delay (DCD):    1.995ns
    Source Clock Delay      (SCD):    1.478ns
    Clock Pessimism Removal (CPR):    0.501ns

    Location             Delay type                Incr(ns)  Path(ns)    Netlist Resource(s)
  -------------------------------------------------------------------    -------------------
                         (clock sys_clk_pin rise edge)
                                                      0.000     0.000 r  
    E3                                                0.000     0.000 r  clock (IN)
                         net (fo=0)                   0.000     0.000    clock
    E3                   IBUF (Prop_ibuf_I_O)         0.250     0.250 r  clock_IBUF_inst/O
                         net (fo=1, routed)           0.644     0.894    clock_IBUF
    BUFGCTRL_X0Y16       BUFG (Prop_bufg_I_O)         0.026     0.920 r  clock_IBUF_BUFG_inst/O
                         net (fo=666, routed)         0.559     1.478    <hidden>
    SLICE_X64Y70         FDRE                                         r  <hidden>
  -------------------------------------------------------------------    -------------------
    SLICE_X64Y70         FDRE (Prop_fdre_C_Q)         0.141     1.619 r  <hidden>
                         net (fo=199, routed)         0.174     1.793    <hidden>
    SLICE_X66Y69         RAMD32                                       r  <hidden>
  -------------------------------------------------------------------    -------------------

                         (clock sys_clk_pin rise edge)
                                                      0.000     0.000 r  
    E3                                                0.000     0.000 r  clock (IN)
                         net (fo=0)                   0.000     0.000    clock
    E3                   IBUF (Prop_ibuf_I_O)         0.438     0.438 r  clock_IBUF_inst/O
                         net (fo=1, routed)           0.699     1.136    clock_IBUF
    BUFGCTRL_X0Y16       BUFG (Prop_bufg_I_O)         0.029     1.165 r  clock_IBUF_BUFG_inst/O
                         net (fo=666, routed)         0.830     1.995    <hidden>
    SLICE_X66Y69         RAMD32                                       r  <hidden>
                         clock pessimism             -0.501     1.493    
    SLICE_X66Y69         RAMD32 (Hold_ramd32_CLK_WADR4)
                                                      0.200     1.693    <hidden>
  -------------------------------------------------------------------
                         required time                         -1.693    
                         arrival time                           1.793    
  -------------------------------------------------------------------
                         slack                                  0.100    

Slack (MET) :             0.122ns  (arrival time - required time)
  Source:                 <hidden>
                            (rising edge-triggered cell FDRE clocked by sys_clk_pin  {rise@0.000ns fall@5.000ns period=10.000ns})
  Destination:            <hidden>
                            (rising edge-triggered cell FDRE clocked by sys_clk_pin  {rise@0.000ns fall@5.000ns period=10.000ns})
  Path Group:             sys_clk_pin
  Path Type:              Hold (Min at Fast Process Corner)
  Requirement:            0.000ns  (sys_clk_pin rise@0.000ns - sys_clk_pin rise@0.000ns)
  Data Path Delay:        0.197ns  (logic 0.141ns (71.611%)  route 0.056ns (28.389%))
  Logic Levels:           0  
  Clock Path Skew:        0.000ns (DCD - SCD - CPR)
    Destination Clock Delay (DCD):    1.990ns
    Source Clock Delay      (SCD):    1.475ns
    Clock Pessimism Removal (CPR):    0.514ns

    Location             Delay type                Incr(ns)  Path(ns)    Netlist Resource(s)
  -------------------------------------------------------------------    -------------------
                         (clock sys_clk_pin rise edge)
                                                      0.000     0.000 r  
    E3                                                0.000     0.000 r  clock (IN)
                         net (fo=0)                   0.000     0.000    clock
    E3                   IBUF (Prop_ibuf_I_O)         0.250     0.250 r  clock_IBUF_inst/O
                         net (fo=1, routed)           0.644     0.894    clock_IBUF
    BUFGCTRL_X0Y16       BUFG (Prop_bufg_I_O)         0.026     0.920 r  clock_IBUF_BUFG_inst/O
                         net (fo=666, routed)         0.556     1.475    <hidden>
    SLICE_X65Y73         FDRE                                         r  <hidden>
  -------------------------------------------------------------------    -------------------
    SLICE_X65Y73         FDRE (Prop_fdre_C_Q)         0.141     1.616 r  <hidden>
                         net (fo=1, routed)           0.056     1.672    <hidden>
    SLICE_X65Y73         FDRE                                         r  <hidden>
  -------------------------------------------------------------------    -------------------

                         (clock sys_clk_pin rise edge)
                                                      0.000     0.000 r  
    E3                                                0.000     0.000 r  clock (IN)
                         net (fo=0)                   0.000     0.000    clock
    E3                   IBUF (Prop_ibuf_I_O)         0.438     0.438 r  clock_IBUF_inst/O
                         net (fo=1, routed)           0.699     1.136    clock_IBUF
    BUFGCTRL_X0Y16       BUFG (Prop_bufg_I_O)         0.029     1.165 r  clock_IBUF_BUFG_inst/O
                         net (fo=666, routed)         0.825     1.990    <hidden>
    SLICE_X65Y73         FDRE                                         r  <hidden>
                         clock pessimism             -0.514     1.475    
    SLICE_X65Y73         FDRE (Hold_fdre_C_D)         0.075     1.550    <hidden>
  -------------------------------------------------------------------
                         required time                         -1.550    
                         arrival time                           1.672    
  -------------------------------------------------------------------
                         slack                                  0.122    

Slack (MET) :             0.122ns  (arrival time - required time)
  Source:                 your_instance_name/inst/rst_0/U0/EXT_LPF/ACTIVE_HIGH_EXT.ACT_HI_EXT/syncstages_ff_reg[0]/C
                            (rising edge-triggered cell FDRE clocked by sys_clk_pin  {rise@0.000ns fall@5.000ns period=10.000ns})
  Destination:            your_instance_name/inst/rst_0/U0/EXT_LPF/ACTIVE_HIGH_EXT.ACT_HI_EXT/syncstages_ff_reg[1]/D
                            (rising edge-triggered cell FDRE clocked by sys_clk_pin  {rise@0.000ns fall@5.000ns period=10.000ns})
  Path Group:             sys_clk_pin
  Path Type:              Hold (Min at Fast Process Corner)
  Requirement:            0.000ns  (sys_clk_pin rise@0.000ns - sys_clk_pin rise@0.000ns)
  Data Path Delay:        0.197ns  (logic 0.141ns (71.611%)  route 0.056ns (28.389%))
  Logic Levels:           0  
  Clock Path Skew:        0.000ns (DCD - SCD - CPR)
    Destination Clock Delay (DCD):    1.990ns
    Source Clock Delay      (SCD):    1.475ns
    Clock Pessimism Removal (CPR):    0.514ns

    Location             Delay type                Incr(ns)  Path(ns)    Netlist Resource(s)
  -------------------------------------------------------------------    -------------------
                         (clock sys_clk_pin rise edge)
                                                      0.000     0.000 r  
    E3                                                0.000     0.000 r  clock (IN)
                         net (fo=0)                   0.000     0.000    clock
    E3                   IBUF (Prop_ibuf_I_O)         0.250     0.250 r  clock_IBUF_inst/O
                         net (fo=1, routed)           0.644     0.894    clock_IBUF
    BUFGCTRL_X0Y16       BUFG (Prop_bufg_I_O)         0.026     0.920 r  clock_IBUF_BUFG_inst/O
                         net (fo=666, routed)         0.556     1.475    your_instance_name/inst/rst_0/U0/EXT_LPF/ACTIVE_HIGH_EXT.ACT_HI_EXT/dest_clk
    SLICE_X59Y71         FDRE                                         r  your_instance_name/inst/rst_0/U0/EXT_LPF/ACTIVE_HIGH_EXT.ACT_HI_EXT/syncstages_ff_reg[0]/C
  -------------------------------------------------------------------    -------------------
    SLICE_X59Y71         FDRE (Prop_fdre_C_Q)         0.141     1.616 r  your_instance_name/inst/rst_0/U0/EXT_LPF/ACTIVE_HIGH_EXT.ACT_HI_EXT/syncstages_ff_reg[0]/Q
                         net (fo=1, routed)           0.056     1.672    your_instance_name/inst/rst_0/U0/EXT_LPF/ACTIVE_HIGH_EXT.ACT_HI_EXT/syncstages_ff[0]
    SLICE_X59Y71         FDRE                                         r  your_instance_name/inst/rst_0/U0/EXT_LPF/ACTIVE_HIGH_EXT.ACT_HI_EXT/syncstages_ff_reg[1]/D
  -------------------------------------------------------------------    -------------------

                         (clock sys_clk_pin rise edge)
                                                      0.000     0.000 r  
    E3                                                0.000     0.000 r  clock (IN)
                         net (fo=0)                   0.000     0.000    clock
    E3                   IBUF (Prop_ibuf_I_O)         0.438     0.438 r  clock_IBUF_inst/O
                         net (fo=1, routed)           0.699     1.136    clock_IBUF
    BUFGCTRL_X0Y16       BUFG (Prop_bufg_I_O)         0.029     1.165 r  clock_IBUF_BUFG_inst/O
                         net (fo=666, routed)         0.825     1.990    your_instance_name/inst/rst_0/U0/EXT_LPF/ACTIVE_HIGH_EXT.ACT_HI_EXT/dest_clk
    SLICE_X59Y71         FDRE                                         r  your_instance_name/inst/rst_0/U0/EXT_LPF/ACTIVE_HIGH_EXT.ACT_HI_EXT/syncstages_ff_reg[1]/C
                         clock pessimism             -0.514     1.475    
    SLICE_X59Y71         FDRE (Hold_fdre_C_D)         0.075     1.550    your_instance_name/inst/rst_0/U0/EXT_LPF/ACTIVE_HIGH_EXT.ACT_HI_EXT/syncstages_ff_reg[1]
  -------------------------------------------------------------------
                         required time                         -1.550    
                         arrival time                           1.672    
  -------------------------------------------------------------------
                         slack                                  0.122    

Slack (MET) :             0.129ns  (arrival time - required time)
  Source:                 <hidden>
                            (rising edge-triggered cell FDRE clocked by sys_clk_pin  {rise@0.000ns fall@5.000ns period=10.000ns})
  Destination:            <hidden>
                            (rising edge-triggered cell FDSE clocked by sys_clk_pin  {rise@0.000ns fall@5.000ns period=10.000ns})
  Path Group:             sys_clk_pin
  Path Type:              Hold (Min at Fast Process Corner)
  Requirement:            0.000ns  (sys_clk_pin rise@0.000ns - sys_clk_pin rise@0.000ns)
  Data Path Delay:        0.263ns  (logic 0.186ns (70.613%)  route 0.077ns (29.387%))
  Logic Levels:           1  (LUT6=1)
  Clock Path Skew:        0.013ns (DCD - SCD - CPR)
    Destination Clock Delay (DCD):    1.992ns
    Source Clock Delay      (SCD):    1.477ns
    Clock Pessimism Removal (CPR):    0.501ns

    Location             Delay type                Incr(ns)  Path(ns)    Netlist Resource(s)
  -------------------------------------------------------------------    -------------------
                         (clock sys_clk_pin rise edge)
                                                      0.000     0.000 r  
    E3                                                0.000     0.000 r  clock (IN)
                         net (fo=0)                   0.000     0.000    clock
    E3                   IBUF (Prop_ibuf_I_O)         0.250     0.250 r  clock_IBUF_inst/O
                         net (fo=1, routed)           0.644     0.894    clock_IBUF
    BUFGCTRL_X0Y16       BUFG (Prop_bufg_I_O)         0.026     0.920 r  clock_IBUF_BUFG_inst/O
                         net (fo=666, routed)         0.558     1.477    <hidden>
    SLICE_X59Y69         FDRE                                         r  <hidden>
  -------------------------------------------------------------------    -------------------
    SLICE_X59Y69         FDRE (Prop_fdre_C_Q)         0.141     1.618 f  <hidden>
                         net (fo=6, routed)           0.077     1.696    <hidden>
    SLICE_X58Y69         LUT6 (Prop_lut6_I1_O)        0.045     1.741 r  <hidden>
                         net (fo=1, routed)           0.000     1.741    <hidden>
    SLICE_X58Y69         FDSE                                         r  <hidden>
  -------------------------------------------------------------------    -------------------

                         (clock sys_clk_pin rise edge)
                                                      0.000     0.000 r  
    E3                                                0.000     0.000 r  clock (IN)
                         net (fo=0)                   0.000     0.000    clock
    E3                   IBUF (Prop_ibuf_I_O)         0.438     0.438 r  clock_IBUF_inst/O
                         net (fo=1, routed)           0.699     1.136    clock_IBUF
    BUFGCTRL_X0Y16       BUFG (Prop_bufg_I_O)         0.029     1.165 r  clock_IBUF_BUFG_inst/O
                         net (fo=666, routed)         0.827     1.992    <hidden>
    SLICE_X58Y69         FDSE                                         r  <hidden>
                         clock pessimism             -0.501     1.490    
    SLICE_X58Y69         FDSE (Hold_fdse_C_D)         0.121     1.611    <hidden>
  -------------------------------------------------------------------
                         required time                         -1.611    
                         arrival time                           1.741    
  -------------------------------------------------------------------
                         slack                                  0.129    

Slack (MET) :             0.130ns  (arrival time - required time)
  Source:                 your_instance_name/inst/rst_0/U0/EXT_LPF/EXT_LPF[2].exr_lpf_reg[2]/C
                            (rising edge-triggered cell FDRE clocked by sys_clk_pin  {rise@0.000ns fall@5.000ns period=10.000ns})
  Destination:            your_instance_name/inst/rst_0/U0/EXT_LPF/EXT_LPF[3].exr_lpf_reg[3]/D
                            (rising edge-triggered cell FDRE clocked by sys_clk_pin  {rise@0.000ns fall@5.000ns period=10.000ns})
  Path Group:             sys_clk_pin
  Path Type:              Hold (Min at Fast Process Corner)
  Requirement:            0.000ns  (sys_clk_pin rise@0.000ns - sys_clk_pin rise@0.000ns)
  Data Path Delay:        0.208ns  (logic 0.141ns (67.788%)  route 0.067ns (32.212%))
  Logic Levels:           0  
  Clock Path Skew:        0.000ns (DCD - SCD - CPR)
    Destination Clock Delay (DCD):    1.990ns
    Source Clock Delay      (SCD):    1.475ns
    Clock Pessimism Removal (CPR):    0.514ns

    Location             Delay type                Incr(ns)  Path(ns)    Netlist Resource(s)
  -------------------------------------------------------------------    -------------------
                         (clock sys_clk_pin rise edge)
                                                      0.000     0.000 r  
    E3                                                0.000     0.000 r  clock (IN)
                         net (fo=0)                   0.000     0.000    clock
    E3                   IBUF (Prop_ibuf_I_O)         0.250     0.250 r  clock_IBUF_inst/O
                         net (fo=1, routed)           0.644     0.894    clock_IBUF
    BUFGCTRL_X0Y16       BUFG (Prop_bufg_I_O)         0.026     0.920 r  clock_IBUF_BUFG_inst/O
                         net (fo=666, routed)         0.556     1.475    your_instance_name/inst/rst_0/U0/EXT_LPF/slowest_sync_clk
    SLICE_X59Y71         FDRE                                         r  your_instance_name/inst/rst_0/U0/EXT_LPF/EXT_LPF[2].exr_lpf_reg[2]/C
  -------------------------------------------------------------------    -------------------
    SLICE_X59Y71         FDRE (Prop_fdre_C_Q)         0.141     1.616 r  your_instance_name/inst/rst_0/U0/EXT_LPF/EXT_LPF[2].exr_lpf_reg[2]/Q
                         net (fo=2, routed)           0.067     1.683    your_instance_name/inst/rst_0/U0/EXT_LPF/p_1_in4_in
    SLICE_X59Y71         FDRE                                         r  your_instance_name/inst/rst_0/U0/EXT_LPF/EXT_LPF[3].exr_lpf_reg[3]/D
  -------------------------------------------------------------------    -------------------

                         (clock sys_clk_pin rise edge)
                                                      0.000     0.000 r  
    E3                                                0.000     0.000 r  clock (IN)
                         net (fo=0)                   0.000     0.000    clock
    E3                   IBUF (Prop_ibuf_I_O)         0.438     0.438 r  clock_IBUF_inst/O
                         net (fo=1, routed)           0.699     1.136    clock_IBUF
    BUFGCTRL_X0Y16       BUFG (Prop_bufg_I_O)         0.029     1.165 r  clock_IBUF_BUFG_inst/O
                         net (fo=666, routed)         0.825     1.990    your_instance_name/inst/rst_0/U0/EXT_LPF/slowest_sync_clk
    SLICE_X59Y71         FDRE                                         r  your_instance_name/inst/rst_0/U0/EXT_LPF/EXT_LPF[3].exr_lpf_reg[3]/C
                         clock pessimism             -0.514     1.475    
    SLICE_X59Y71         FDRE (Hold_fdre_C_D)         0.078     1.553    your_instance_name/inst/rst_0/U0/EXT_LPF/EXT_LPF[3].exr_lpf_reg[3]
  -------------------------------------------------------------------
                         required time                         -1.553    
                         arrival time                           1.683    
  -------------------------------------------------------------------
                         slack                                  0.130    

Slack (MET) :             0.138ns  (arrival time - required time)
  Source:                 <hidden>
                            (rising edge-triggered cell FDSE clocked by sys_clk_pin  {rise@0.000ns fall@5.000ns period=10.000ns})
  Destination:            <hidden>
                            (rising edge-triggered cell SRL16E clocked by sys_clk_pin  {rise@0.000ns fall@5.000ns period=10.000ns})
  Path Group:             sys_clk_pin
  Path Type:              Hold (Min at Fast Process Corner)
  Requirement:            0.000ns  (sys_clk_pin rise@0.000ns - sys_clk_pin rise@0.000ns)
  Data Path Delay:        0.263ns  (logic 0.141ns (53.571%)  route 0.122ns (46.429%))
  Logic Levels:           0  
  Clock Path Skew:        0.016ns (DCD - SCD - CPR)
    Destination Clock Delay (DCD):    2.000ns
    Source Clock Delay      (SCD):    1.483ns
    Clock Pessimism Removal (CPR):    0.500ns

    Location             Delay type                Incr(ns)  Path(ns)    Netlist Resource(s)
  -------------------------------------------------------------------    -------------------
                         (clock sys_clk_pin rise edge)
                                                      0.000     0.000 r  
    E3                                                0.000     0.000 r  clock (IN)
                         net (fo=0)                   0.000     0.000    clock
    E3                   IBUF (Prop_ibuf_I_O)         0.250     0.250 r  clock_IBUF_inst/O
                         net (fo=1, routed)           0.644     0.894    clock_IBUF
    BUFGCTRL_X0Y16       BUFG (Prop_bufg_I_O)         0.026     0.920 r  clock_IBUF_BUFG_inst/O
                         net (fo=666, routed)         0.564     1.483    <hidden>
    SLICE_X63Y63         FDSE                                         r  <hidden>
  -------------------------------------------------------------------    -------------------
    SLICE_X63Y63         FDSE (Prop_fdse_C_Q)         0.141     1.624 r  <hidden>
                         net (fo=2, routed)           0.122     1.747    <hidden>
    SLICE_X62Y62         SRL16E                                       r  <hidden>
  -------------------------------------------------------------------    -------------------

                         (clock sys_clk_pin rise edge)
                                                      0.000     0.000 r  
    E3                                                0.000     0.000 r  clock (IN)
                         net (fo=0)                   0.000     0.000    clock
    E3                   IBUF (Prop_ibuf_I_O)         0.438     0.438 r  clock_IBUF_inst/O
                         net (fo=1, routed)           0.699     1.136    clock_IBUF
    BUFGCTRL_X0Y16       BUFG (Prop_bufg_I_O)         0.029     1.165 r  clock_IBUF_BUFG_inst/O
                         net (fo=666, routed)         0.835     2.000    <hidden>
    SLICE_X62Y62         SRL16E                                       r  <hidden>
                         clock pessimism             -0.500     1.499    
    SLICE_X62Y62         SRL16E (Hold_srl16e_CLK_D)
                                                      0.109     1.608    <hidden>
  -------------------------------------------------------------------
                         required time                         -1.608    
                         arrival time                           1.747    
  -------------------------------------------------------------------
                         slack                                  0.138    

Slack (MET) :             0.141ns  (arrival time - required time)
  Source:                 <hidden>
                            (rising edge-triggered cell FDSE clocked by sys_clk_pin  {rise@0.000ns fall@5.000ns period=10.000ns})
  Destination:            <hidden>
                            (rising edge-triggered cell SRL16E clocked by sys_clk_pin  {rise@0.000ns fall@5.000ns period=10.000ns})
  Path Group:             sys_clk_pin
  Path Type:              Hold (Min at Fast Process Corner)
  Requirement:            0.000ns  (sys_clk_pin rise@0.000ns - sys_clk_pin rise@0.000ns)
  Data Path Delay:        0.265ns  (logic 0.141ns (53.167%)  route 0.124ns (46.833%))
  Logic Levels:           0  
  Clock Path Skew:        0.016ns (DCD - SCD - CPR)
    Destination Clock Delay (DCD):    2.000ns
    Source Clock Delay      (SCD):    1.483ns
    Clock Pessimism Removal (CPR):    0.500ns

    Location             Delay type                Incr(ns)  Path(ns)    Netlist Resource(s)
  -------------------------------------------------------------------    -------------------
                         (clock sys_clk_pin rise edge)
                                                      0.000     0.000 r  
    E3                                                0.000     0.000 r  clock (IN)
                         net (fo=0)                   0.000     0.000    clock
    E3                   IBUF (Prop_ibuf_I_O)         0.250     0.250 r  clock_IBUF_inst/O
                         net (fo=1, routed)           0.644     0.894    clock_IBUF
    BUFGCTRL_X0Y16       BUFG (Prop_bufg_I_O)         0.026     0.920 r  clock_IBUF_BUFG_inst/O
                         net (fo=666, routed)         0.564     1.483    <hidden>
    SLICE_X61Y60         FDSE                                         r  <hidden>
  -------------------------------------------------------------------    -------------------
    SLICE_X61Y60         FDSE (Prop_fdse_C_Q)         0.141     1.624 r  <hidden>
                         net (fo=2, routed)           0.124     1.749    <hidden>
    SLICE_X60Y61         SRL16E                                       r  <hidden>
  -------------------------------------------------------------------    -------------------

                         (clock sys_clk_pin rise edge)
                                                      0.000     0.000 r  
    E3                                                0.000     0.000 r  clock (IN)
                         net (fo=0)                   0.000     0.000    clock
    E3                   IBUF (Prop_ibuf_I_O)         0.438     0.438 r  clock_IBUF_inst/O
                         net (fo=1, routed)           0.699     1.136    clock_IBUF
    BUFGCTRL_X0Y16       BUFG (Prop_bufg_I_O)         0.029     1.165 r  clock_IBUF_BUFG_inst/O
                         net (fo=666, routed)         0.835     2.000    <hidden>
    SLICE_X60Y61         SRL16E                                       r  <hidden>
                         clock pessimism             -0.500     1.499    
    SLICE_X60Y61         SRL16E (Hold_srl16e_CLK_D)
                                                      0.108     1.607    <hidden>
  -------------------------------------------------------------------
                         required time                         -1.607    
                         arrival time                           1.749    
  -------------------------------------------------------------------
                         slack                                  0.141    





Pulse Width Checks
--------------------------------------------------------------------------------------
Clock Name:         sys_clk_pin
Waveform(ns):       { 0.000 5.000 }
Period(ns):         10.000
Sources:            { clock }

Check Type        Corner  Lib Pin             Reference Pin  Required(ns)  Actual(ns)  Slack(ns)  Location      Pin
Min Period        n/a     RAMB36E1/CLKARDCLK  n/a            2.576         10.000      7.424      RAMB36_X1Y8   <hidden>
Min Period        n/a     RAMB36E1/CLKBWRCLK  n/a            2.576         10.000      7.424      RAMB36_X1Y8   <hidden>
Min Period        n/a     RAMB36E1/CLKARDCLK  n/a            2.576         10.000      7.424      RAMB36_X3Y10  <hidden>
Min Period        n/a     RAMB36E1/CLKBWRCLK  n/a            2.576         10.000      7.424      RAMB36_X3Y10  <hidden>
Min Period        n/a     RAMB36E1/CLKARDCLK  n/a            2.576         10.000      7.424      RAMB36_X2Y13  <hidden>
Min Period        n/a     RAMB36E1/CLKBWRCLK  n/a            2.576         10.000      7.424      RAMB36_X2Y13  <hidden>
Min Period        n/a     RAMB36E1/CLKARDCLK  n/a            2.576         10.000      7.424      RAMB36_X3Y11  <hidden>
Min Period        n/a     RAMB36E1/CLKBWRCLK  n/a            2.576         10.000      7.424      RAMB36_X3Y11  <hidden>
Min Period        n/a     RAMB36E1/CLKARDCLK  n/a            2.576         10.000      7.424      RAMB36_X2Y10  <hidden>
Min Period        n/a     RAMB36E1/CLKBWRCLK  n/a            2.576         10.000      7.424      RAMB36_X2Y10  <hidden>
Low Pulse Width   Slow    RAMD32/CLK          n/a            1.250         5.000       3.750      SLICE_X62Y69  <hidden>
Low Pulse Width   Fast    RAMD32/CLK          n/a            1.250         5.000       3.750      SLICE_X62Y69  <hidden>
Low Pulse Width   Slow    RAMD32/CLK          n/a            1.250         5.000       3.750      SLICE_X62Y69  <hidden>
Low Pulse Width   Fast    RAMD32/CLK          n/a            1.250         5.000       3.750      SLICE_X62Y69  <hidden>
Low Pulse Width   Slow    RAMD32/CLK          n/a            1.250         5.000       3.750      SLICE_X62Y69  <hidden>
Low Pulse Width   Fast    RAMD32/CLK          n/a            1.250         5.000       3.750      SLICE_X62Y69  <hidden>
Low Pulse Width   Slow    RAMD32/CLK          n/a            1.250         5.000       3.750      SLICE_X62Y69  <hidden>
Low Pulse Width   Fast    RAMD32/CLK          n/a            1.250         5.000       3.750      SLICE_X62Y69  <hidden>
Low Pulse Width   Slow    RAMD32/CLK          n/a            1.250         5.000       3.750      SLICE_X66Y67  <hidden>
Low Pulse Width   Fast    RAMD32/CLK          n/a            1.250         5.000       3.750      SLICE_X66Y67  <hidden>
High Pulse Width  Slow    RAMD32/CLK          n/a            1.250         5.000       3.750      SLICE_X62Y69  <hidden>
High Pulse Width  Fast    RAMD32/CLK          n/a            1.250         5.000       3.750      SLICE_X62Y69  <hidden>
High Pulse Width  Slow    RAMD32/CLK          n/a            1.250         5.000       3.750      SLICE_X62Y69  <hidden>
High Pulse Width  Fast    RAMD32/CLK          n/a            1.250         5.000       3.750      SLICE_X62Y69  <hidden>
High Pulse Width  Slow    RAMD32/CLK          n/a            1.250         5.000       3.750      SLICE_X62Y69  <hidden>
High Pulse Width  Fast    RAMD32/CLK          n/a            1.250         5.000       3.750      SLICE_X62Y69  <hidden>
High Pulse Width  Slow    RAMD32/CLK          n/a            1.250         5.000       3.750      SLICE_X62Y69  <hidden>
High Pulse Width  Fast    RAMD32/CLK          n/a            1.250         5.000       3.750      SLICE_X62Y69  <hidden>
High Pulse Width  Slow    RAMD32/CLK          n/a            1.250         5.000       3.750      SLICE_X66Y67  <hidden>
High Pulse Width  Fast    RAMD32/CLK          n/a            1.250         5.000       3.750      SLICE_X66Y67  <hidden>



--------------------------------------------------------------------------------------
Path Group:  (none)
From Clock:  
  To Clock:  sys_clk_pin

Max Delay             1 Endpoint
Min Delay             1 Endpoint
--------------------------------------------------------------------------------------


Max Delay Paths
--------------------------------------------------------------------------------------
Slack:                    inf
  Source:                 resetn
                            (input port)
  Destination:            your_instance_name/inst/rst_0/U0/EXT_LPF/ACTIVE_HIGH_EXT.ACT_HI_EXT/syncstages_ff_reg[0]/D
                            (rising edge-triggered cell FDRE clocked by sys_clk_pin  {rise@0.000ns fall@5.000ns period=10.000ns})
  Path Group:             (none)
  Path Type:              Setup (Max at Slow Process Corner)
  Data Path Delay:        6.572ns  (logic 1.631ns (24.819%)  route 4.941ns (75.181%))
  Logic Levels:           2  (IBUF=1 LUT1=1)
  Clock Path Skew:        4.920ns (DCD - SCD + CPR)
    Destination Clock Delay (DCD):    4.920ns
    Source Clock Delay      (SCD):    0.000ns
    Clock Pessimism Removal (CPR):    0.000ns
  Clock Uncertainty:      0.025ns  ((TSJ^2 + TIJ^2)^1/2 + DJ) / 2 + PE
    Total System Jitter     (TSJ):    0.050ns
    Total Input Jitter      (TIJ):    0.000ns
    Discrete Jitter          (DJ):    0.000ns
    Phase Error              (PE):    0.000ns
  Timing Exception:       False Path

    Location             Delay type                Incr(ns)  Path(ns)    Netlist Resource(s)
  -------------------------------------------------------------------    -------------------
    C12                                               0.000     0.000 f  resetn (IN)
                         net (fo=0)                   0.000     0.000    resetn
    C12                  IBUF (Prop_ibuf_I_O)         1.507     1.507 f  resetn_IBUF_inst/O
                         net (fo=10, routed)          4.624     6.131    u_apb_gpio/resetn_IBUF
    SLICE_X58Y71         LUT1 (Prop_lut1_I0_O)        0.124     6.255 r  u_apb_gpio/your_instance_name_i_1/O
                         net (fo=17, routed)          0.317     6.572    your_instance_name/inst/rst_0/U0/EXT_LPF/ACTIVE_HIGH_EXT.ACT_HI_EXT/src_in
    SLICE_X59Y71         FDRE                                         r  your_instance_name/inst/rst_0/U0/EXT_LPF/ACTIVE_HIGH_EXT.ACT_HI_EXT/syncstages_ff_reg[0]/D
  -------------------------------------------------------------------    -------------------

                         (clock sys_clk_pin rise edge)
                                                      0.000     0.000 r  
    E3                                                0.000     0.000 r  clock (IN)
                         net (fo=0)                   0.000     0.000    clock
    E3                   IBUF (Prop_ibuf_I_O)         1.411     1.411 r  clock_IBUF_inst/O
                         net (fo=1, routed)           1.920     3.331    clock_IBUF
    BUFGCTRL_X0Y16       BUFG (Prop_bufg_I_O)         0.091     3.422 r  clock_IBUF_BUFG_inst/O
                         net (fo=666, routed)         1.497     4.920    your_instance_name/inst/rst_0/U0/EXT_LPF/ACTIVE_HIGH_EXT.ACT_HI_EXT/dest_clk
    SLICE_X59Y71         FDRE                                         r  your_instance_name/inst/rst_0/U0/EXT_LPF/ACTIVE_HIGH_EXT.ACT_HI_EXT/syncstages_ff_reg[0]/C





Min Delay Paths
--------------------------------------------------------------------------------------
Slack:                    inf
  Source:                 resetn
                            (input port)
  Destination:            your_instance_name/inst/rst_0/U0/EXT_LPF/ACTIVE_HIGH_EXT.ACT_HI_EXT/syncstages_ff_reg[0]/D
                            (rising edge-triggered cell FDRE clocked by sys_clk_pin  {rise@0.000ns fall@5.000ns period=10.000ns})
  Path Group:             (none)
  Path Type:              Hold (Min at Fast Process Corner)
  Data Path Delay:        2.440ns  (logic 0.320ns (13.097%)  route 2.121ns (86.903%))
  Logic Levels:           2  (IBUF=1 LUT1=1)
  Clock Path Skew:        1.990ns (DCD - SCD - CPR)
    Destination Clock Delay (DCD):    1.990ns
    Source Clock Delay      (SCD):    0.000ns
    Clock Pessimism Removal (CPR):    -0.000ns
  Timing Exception:       False Path

    Location             Delay type                Incr(ns)  Path(ns)    Netlist Resource(s)
  -------------------------------------------------------------------    -------------------
    C12                                               0.000     0.000 f  resetn (IN)
                         net (fo=0)                   0.000     0.000    resetn
    C12                  IBUF (Prop_ibuf_I_O)         0.275     0.275 f  resetn_IBUF_inst/O
                         net (fo=10, routed)          1.994     2.268    u_apb_gpio/resetn_IBUF
    SLICE_X58Y71         LUT1 (Prop_lut1_I0_O)        0.045     2.313 r  u_apb_gpio/your_instance_name_i_1/O
                         net (fo=17, routed)          0.127     2.440    your_instance_name/inst/rst_0/U0/EXT_LPF/ACTIVE_HIGH_EXT.ACT_HI_EXT/src_in
    SLICE_X59Y71         FDRE                                         r  your_instance_name/inst/rst_0/U0/EXT_LPF/ACTIVE_HIGH_EXT.ACT_HI_EXT/syncstages_ff_reg[0]/D
  -------------------------------------------------------------------    -------------------

                         (clock sys_clk_pin rise edge)
                                                      0.000     0.000 r  
    E3                                                0.000     0.000 r  clock (IN)
                         net (fo=0)                   0.000     0.000    clock
    E3                   IBUF (Prop_ibuf_I_O)         0.438     0.438 r  clock_IBUF_inst/O
                         net (fo=1, routed)           0.699     1.136    clock_IBUF
    BUFGCTRL_X0Y16       BUFG (Prop_bufg_I_O)         0.029     1.165 r  clock_IBUF_BUFG_inst/O
                         net (fo=666, routed)         0.825     1.990    your_instance_name/inst/rst_0/U0/EXT_LPF/ACTIVE_HIGH_EXT.ACT_HI_EXT/dest_clk
    SLICE_X59Y71         FDRE                                         r  your_instance_name/inst/rst_0/U0/EXT_LPF/ACTIVE_HIGH_EXT.ACT_HI_EXT/syncstages_ff_reg[0]/C





--------------------------------------------------------------------------------------
Path Group:  (none)
From Clock:  sys_clk_pin
  To Clock:  sys_clk_pin

Max Delay             1 Endpoint
Min Delay             1 Endpoint
--------------------------------------------------------------------------------------


Max Delay Paths
--------------------------------------------------------------------------------------
Slack:                    inf
  Source:                 your_instance_name/inst/rst_0/U0/FDRE_inst/C
                            (rising edge-triggered cell FDRE clocked by sys_clk_pin  {rise@0.000ns fall@5.000ns period=10.000ns})
  Destination:            <hidden>
                            (rising edge-triggered cell FDRE clocked by sys_clk_pin  {rise@0.000ns fall@5.000ns period=10.000ns})
  Path Group:             (none)
  Path Type:              Setup (Max at Slow Process Corner)
  Data Path Delay:        1.043ns  (logic 0.456ns (43.712%)  route 0.587ns (56.288%))
  Logic Levels:           0  
  Clock Path Skew:        -0.298ns (DCD - SCD + CPR)
    Destination Clock Delay (DCD):    4.920ns
    Source Clock Delay      (SCD):    5.218ns
    Clock Pessimism Removal (CPR):    0.000ns
  Clock Uncertainty:      0.035ns  ((TSJ^2 + TIJ^2)^1/2 + DJ) / 2 + PE
    Total System Jitter     (TSJ):    0.071ns
    Total Input Jitter      (TIJ):    0.000ns
    Discrete Jitter          (DJ):    0.000ns
    Phase Error              (PE):    0.000ns
  Timing Exception:       False Path

    Location             Delay type                Incr(ns)  Path(ns)    Netlist Resource(s)
  -------------------------------------------------------------------    -------------------
                         (clock sys_clk_pin rise edge)
                                                      0.000     0.000 r  
    E3                                                0.000     0.000 r  clock (IN)
                         net (fo=0)                   0.000     0.000    clock
    E3                   IBUF (Prop_ibuf_I_O)         1.482     1.482 r  clock_IBUF_inst/O
                         net (fo=1, routed)           2.025     3.506    clock_IBUF
    BUFGCTRL_X0Y16       BUFG (Prop_bufg_I_O)         0.096     3.602 r  clock_IBUF_BUFG_inst/O
                         net (fo=666, routed)         1.615     5.218    your_instance_name/inst/rst_0/U0/slowest_sync_clk
    SLICE_X65Y73         FDRE                                         r  your_instance_name/inst/rst_0/U0/FDRE_inst/C
  -------------------------------------------------------------------    -------------------
    SLICE_X65Y73         FDRE (Prop_fdre_C_Q)         0.456     5.674 r  your_instance_name/inst/rst_0/U0/FDRE_inst/Q
                         net (fo=1, routed)           0.587     6.261    <hidden>
    SLICE_X65Y73         FDRE                                         r  <hidden>
  -------------------------------------------------------------------    -------------------

                         (clock sys_clk_pin rise edge)
                                                      0.000     0.000 r  
    E3                                                0.000     0.000 r  clock (IN)
                         net (fo=0)                   0.000     0.000    clock
    E3                   IBUF (Prop_ibuf_I_O)         1.411     1.411 r  clock_IBUF_inst/O
                         net (fo=1, routed)           1.920     3.331    clock_IBUF
    BUFGCTRL_X0Y16       BUFG (Prop_bufg_I_O)         0.091     3.422 r  clock_IBUF_BUFG_inst/O
                         net (fo=666, routed)         1.497     4.920    <hidden>
    SLICE_X65Y73         FDRE                                         r  <hidden>





Min Delay Paths
--------------------------------------------------------------------------------------
Slack:                    inf
  Source:                 your_instance_name/inst/rst_0/U0/FDRE_inst/C
                            (rising edge-triggered cell FDRE clocked by sys_clk_pin  {rise@0.000ns fall@5.000ns period=10.000ns})
  Destination:            <hidden>
                            (rising edge-triggered cell FDRE clocked by sys_clk_pin  {rise@0.000ns fall@5.000ns period=10.000ns})
  Path Group:             (none)
  Path Type:              Hold (Min at Fast Process Corner)
  Data Path Delay:        0.361ns  (logic 0.141ns (39.037%)  route 0.220ns (60.963%))
  Logic Levels:           0  
  Clock Path Skew:        0.514ns (DCD - SCD - CPR)
    Destination Clock Delay (DCD):    1.990ns
    Source Clock Delay      (SCD):    1.475ns
    Clock Pessimism Removal (CPR):    -0.000ns
  Clock Uncertainty:      0.035ns  ((TSJ^2 + TIJ^2)^1/2 + DJ) / 2 + PE
    Total System Jitter     (TSJ):    0.071ns
    Total Input Jitter      (TIJ):    0.000ns
    Discrete Jitter          (DJ):    0.000ns
    Phase Error              (PE):    0.000ns
  Timing Exception:       False Path

    Location             Delay type                Incr(ns)  Path(ns)    Netlist Resource(s)
  -------------------------------------------------------------------    -------------------
                         (clock sys_clk_pin rise edge)
                                                      0.000     0.000 r  
    E3                                                0.000     0.000 r  clock (IN)
                         net (fo=0)                   0.000     0.000    clock
    E3                   IBUF (Prop_ibuf_I_O)         0.250     0.250 r  clock_IBUF_inst/O
                         net (fo=1, routed)           0.644     0.894    clock_IBUF
    BUFGCTRL_X0Y16       BUFG (Prop_bufg_I_O)         0.026     0.920 r  clock_IBUF_BUFG_inst/O
                         net (fo=666, routed)         0.556     1.475    your_instance_name/inst/rst_0/U0/slowest_sync_clk
    SLICE_X65Y73         FDRE                                         r  your_instance_name/inst/rst_0/U0/FDRE_inst/C
  -------------------------------------------------------------------    -------------------
    SLICE_X65Y73         FDRE (Prop_fdre_C_Q)         0.141     1.616 r  your_instance_name/inst/rst_0/U0/FDRE_inst/Q
                         net (fo=1, routed)           0.220     1.837    <hidden>
    SLICE_X65Y73         FDRE                                         r  <hidden>
  -------------------------------------------------------------------    -------------------

                         (clock sys_clk_pin rise edge)
                                                      0.000     0.000 r  
    E3                                                0.000     0.000 r  clock (IN)
                         net (fo=0)                   0.000     0.000    clock
    E3                   IBUF (Prop_ibuf_I_O)         0.438     0.438 r  clock_IBUF_inst/O
                         net (fo=1, routed)           0.699     1.136    clock_IBUF
    BUFGCTRL_X0Y16       BUFG (Prop_bufg_I_O)         0.029     1.165 r  clock_IBUF_BUFG_inst/O
                         net (fo=666, routed)         0.825     1.990    <hidden>
    SLICE_X65Y73         FDRE                                         r  <hidden>





--------------------------------------------------------------------------------------
Path Group:  (none)
From Clock:  sys_clk_pin
  To Clock:  

Max Delay            16 Endpoints
Min Delay            16 Endpoints
--------------------------------------------------------------------------------------


Max Delay Paths
--------------------------------------------------------------------------------------
Slack:                    inf
  Source:                 u_apb_gpio/buf_gpo_reg[2]/C
                            (rising edge-triggered cell FDRE clocked by sys_clk_pin  {rise@0.000ns fall@5.000ns period=10.000ns})
  Destination:            leds[2]
                            (output port)
  Path Group:             (none)
  Path Type:              Max at Slow Process Corner
  Data Path Delay:        8.370ns  (logic 4.071ns (48.635%)  route 4.299ns (51.365%))
  Logic Levels:           1  (OBUF=1)
  Clock Uncertainty:      0.025ns  ((TSJ^2 + TIJ^2)^1/2 + DJ) / 2 + PE
    Total System Jitter     (TSJ):    0.050ns
    Total Input Jitter      (TIJ):    0.000ns
    Discrete Jitter          (DJ):    0.000ns
    Phase Error              (PE):    0.000ns

    Location             Delay type                Incr(ns)  Path(ns)    Netlist Resource(s)
  -------------------------------------------------------------------    -------------------
                         (clock sys_clk_pin rise edge)
                                                      0.000     0.000 r  
    E3                                                0.000     0.000 r  clock (IN)
                         net (fo=0)                   0.000     0.000    clock
    E3                   IBUF (Prop_ibuf_I_O)         1.482     1.482 r  clock_IBUF_inst/O
                         net (fo=1, routed)           2.025     3.506    clock_IBUF
    BUFGCTRL_X0Y16       BUFG (Prop_bufg_I_O)         0.096     3.602 r  clock_IBUF_BUFG_inst/O
                         net (fo=666, routed)         1.616     5.219    u_apb_gpio/clock_IBUF_BUFG
    SLICE_X58Y71         FDRE                                         r  u_apb_gpio/buf_gpo_reg[2]/C
  -------------------------------------------------------------------    -------------------
    SLICE_X58Y71         FDRE (Prop_fdre_C_Q)         0.518     5.737 r  u_apb_gpio/buf_gpo_reg[2]/Q
                         net (fo=1, routed)           4.299    10.036    leds_OBUF[2]
    J13                  OBUF (Prop_obuf_I_O)         3.553    13.588 r  leds_OBUF[2]_inst/O
                         net (fo=0)                   0.000    13.588    leds[2]
    J13                                                               r  leds[2] (OUT)
  -------------------------------------------------------------------    -------------------

Slack:                    inf
  Source:                 u_apb_gpio/buf_gpo_reg[0]/C
                            (rising edge-triggered cell FDRE clocked by sys_clk_pin  {rise@0.000ns fall@5.000ns period=10.000ns})
  Destination:            leds[0]
                            (output port)
  Path Group:             (none)
  Path Type:              Max at Slow Process Corner
  Data Path Delay:        8.300ns  (logic 4.038ns (48.657%)  route 4.261ns (51.343%))
  Logic Levels:           1  (OBUF=1)
  Clock Uncertainty:      0.025ns  ((TSJ^2 + TIJ^2)^1/2 + DJ) / 2 + PE
    Total System Jitter     (TSJ):    0.050ns
    Total Input Jitter      (TIJ):    0.000ns
    Discrete Jitter          (DJ):    0.000ns
    Phase Error              (PE):    0.000ns

    Location             Delay type                Incr(ns)  Path(ns)    Netlist Resource(s)
  -------------------------------------------------------------------    -------------------
                         (clock sys_clk_pin rise edge)
                                                      0.000     0.000 r  
    E3                                                0.000     0.000 r  clock (IN)
                         net (fo=0)                   0.000     0.000    clock
    E3                   IBUF (Prop_ibuf_I_O)         1.482     1.482 r  clock_IBUF_inst/O
                         net (fo=1, routed)           2.025     3.506    clock_IBUF
    BUFGCTRL_X0Y16       BUFG (Prop_bufg_I_O)         0.096     3.602 r  clock_IBUF_BUFG_inst/O
                         net (fo=666, routed)         1.616     5.219    u_apb_gpio/clock_IBUF_BUFG
    SLICE_X58Y71         FDRE                                         r  u_apb_gpio/buf_gpo_reg[0]/C
  -------------------------------------------------------------------    -------------------
    SLICE_X58Y71         FDRE (Prop_fdre_C_Q)         0.518     5.737 r  u_apb_gpio/buf_gpo_reg[0]/Q
                         net (fo=1, routed)           4.261     9.998    leds_OBUF[0]
    H17                  OBUF (Prop_obuf_I_O)         3.520    13.518 r  leds_OBUF[0]_inst/O
                         net (fo=0)                   0.000    13.518    leds[0]
    H17                                                               r  leds[0] (OUT)
  -------------------------------------------------------------------    -------------------

Slack:                    inf
  Source:                 u_apb_gpio/buf_gpo_reg[1]/C
                            (rising edge-triggered cell FDRE clocked by sys_clk_pin  {rise@0.000ns fall@5.000ns period=10.000ns})
  Destination:            leds[1]
                            (output port)
  Path Group:             (none)
  Path Type:              Max at Slow Process Corner
  Data Path Delay:        7.961ns  (logic 4.053ns (50.912%)  route 3.908ns (49.088%))
  Logic Levels:           1  (OBUF=1)
  Clock Uncertainty:      0.025ns  ((TSJ^2 + TIJ^2)^1/2 + DJ) / 2 + PE
    Total System Jitter     (TSJ):    0.050ns
    Total Input Jitter      (TIJ):    0.000ns
    Discrete Jitter          (DJ):    0.000ns
    Phase Error              (PE):    0.000ns

    Location             Delay type                Incr(ns)  Path(ns)    Netlist Resource(s)
  -------------------------------------------------------------------    -------------------
                         (clock sys_clk_pin rise edge)
                                                      0.000     0.000 r  
    E3                                                0.000     0.000 r  clock (IN)
                         net (fo=0)                   0.000     0.000    clock
    E3                   IBUF (Prop_ibuf_I_O)         1.482     1.482 r  clock_IBUF_inst/O
                         net (fo=1, routed)           2.025     3.506    clock_IBUF
    BUFGCTRL_X0Y16       BUFG (Prop_bufg_I_O)         0.096     3.602 r  clock_IBUF_BUFG_inst/O
                         net (fo=666, routed)         1.616     5.219    u_apb_gpio/clock_IBUF_BUFG
    SLICE_X58Y71         FDRE                                         r  u_apb_gpio/buf_gpo_reg[1]/C
  -------------------------------------------------------------------    -------------------
    SLICE_X58Y71         FDRE (Prop_fdre_C_Q)         0.518     5.737 r  u_apb_gpio/buf_gpo_reg[1]/Q
                         net (fo=1, routed)           3.908     9.645    leds_OBUF[1]
    K15                  OBUF (Prop_obuf_I_O)         3.535    13.180 r  leds_OBUF[1]_inst/O
                         net (fo=0)                   0.000    13.180    leds[1]
    K15                                                               r  leds[1] (OUT)
  -------------------------------------------------------------------    -------------------

Slack:                    inf
  Source:                 u_apb_gpio/buf_gpo_reg[3]/C
                            (rising edge-triggered cell FDRE clocked by sys_clk_pin  {rise@0.000ns fall@5.000ns period=10.000ns})
  Destination:            leds[3]
                            (output port)
  Path Group:             (none)
  Path Type:              Max at Slow Process Corner
  Data Path Delay:        7.848ns  (logic 4.069ns (51.841%)  route 3.779ns (48.159%))
  Logic Levels:           1  (OBUF=1)
  Clock Uncertainty:      0.025ns  ((TSJ^2 + TIJ^2)^1/2 + DJ) / 2 + PE
    Total System Jitter     (TSJ):    0.050ns
    Total Input Jitter      (TIJ):    0.000ns
    Discrete Jitter          (DJ):    0.000ns
    Phase Error              (PE):    0.000ns

    Location             Delay type                Incr(ns)  Path(ns)    Netlist Resource(s)
  -------------------------------------------------------------------    -------------------
                         (clock sys_clk_pin rise edge)
                                                      0.000     0.000 r  
    E3                                                0.000     0.000 r  clock (IN)
                         net (fo=0)                   0.000     0.000    clock
    E3                   IBUF (Prop_ibuf_I_O)         1.482     1.482 r  clock_IBUF_inst/O
                         net (fo=1, routed)           2.025     3.506    clock_IBUF
    BUFGCTRL_X0Y16       BUFG (Prop_bufg_I_O)         0.096     3.602 r  clock_IBUF_BUFG_inst/O
                         net (fo=666, routed)         1.625     5.228    u_apb_gpio/clock_IBUF_BUFG
    SLICE_X58Y63         FDRE                                         r  u_apb_gpio/buf_gpo_reg[3]/C
  -------------------------------------------------------------------    -------------------
    SLICE_X58Y63         FDRE (Prop_fdre_C_Q)         0.518     5.746 r  u_apb_gpio/buf_gpo_reg[3]/Q
                         net (fo=1, routed)           3.779     9.525    leds_OBUF[3]
    N14                  OBUF (Prop_obuf_I_O)         3.551    13.076 r  leds_OBUF[3]_inst/O
                         net (fo=0)                   0.000    13.076    leds[3]
    N14                                                               r  leds[3] (OUT)
  -------------------------------------------------------------------    -------------------

Slack:                    inf
  Source:                 u_apb_gpio/buf_gpo_reg[4]/C
                            (rising edge-triggered cell FDRE clocked by sys_clk_pin  {rise@0.000ns fall@5.000ns period=10.000ns})
  Destination:            leds[4]
                            (output port)
  Path Group:             (none)
  Path Type:              Max at Slow Process Corner
  Data Path Delay:        7.651ns  (logic 4.070ns (53.192%)  route 3.581ns (46.808%))
  Logic Levels:           1  (OBUF=1)
  Clock Uncertainty:      0.025ns  ((TSJ^2 + TIJ^2)^1/2 + DJ) / 2 + PE
    Total System Jitter     (TSJ):    0.050ns
    Total Input Jitter      (TIJ):    0.000ns
    Discrete Jitter          (DJ):    0.000ns
    Phase Error              (PE):    0.000ns

    Location             Delay type                Incr(ns)  Path(ns)    Netlist Resource(s)
  -------------------------------------------------------------------    -------------------
                         (clock sys_clk_pin rise edge)
                                                      0.000     0.000 r  
    E3                                                0.000     0.000 r  clock (IN)
                         net (fo=0)                   0.000     0.000    clock
    E3                   IBUF (Prop_ibuf_I_O)         1.482     1.482 r  clock_IBUF_inst/O
                         net (fo=1, routed)           2.025     3.506    clock_IBUF
    BUFGCTRL_X0Y16       BUFG (Prop_bufg_I_O)         0.096     3.602 r  clock_IBUF_BUFG_inst/O
                         net (fo=666, routed)         1.616     5.219    u_apb_gpio/clock_IBUF_BUFG
    SLICE_X58Y71         FDRE                                         r  u_apb_gpio/buf_gpo_reg[4]/C
  -------------------------------------------------------------------    -------------------
    SLICE_X58Y71         FDRE (Prop_fdre_C_Q)         0.518     5.737 r  u_apb_gpio/buf_gpo_reg[4]/Q
                         net (fo=1, routed)           3.581     9.318    leds_OBUF[4]
    R18                  OBUF (Prop_obuf_I_O)         3.552    12.870 r  leds_OBUF[4]_inst/O
                         net (fo=0)                   0.000    12.870    leds[4]
    R18                                                               r  leds[4] (OUT)
  -------------------------------------------------------------------    -------------------

Slack:                    inf
  Source:                 u_apb_gpio/buf_gpo_reg[12]/C
                            (rising edge-triggered cell FDRE clocked by sys_clk_pin  {rise@0.000ns fall@5.000ns period=10.000ns})
  Destination:            leds[12]
                            (output port)
  Path Group:             (none)
  Path Type:              Max at Slow Process Corner
  Data Path Delay:        7.593ns  (logic 4.070ns (53.601%)  route 3.523ns (46.399%))
  Logic Levels:           1  (OBUF=1)
  Clock Uncertainty:      0.025ns  ((TSJ^2 + TIJ^2)^1/2 + DJ) / 2 + PE
    Total System Jitter     (TSJ):    0.050ns
    Total Input Jitter      (TIJ):    0.000ns
    Discrete Jitter          (DJ):    0.000ns
    Phase Error              (PE):    0.000ns

    Location             Delay type                Incr(ns)  Path(ns)    Netlist Resource(s)
  -------------------------------------------------------------------    -------------------
                         (clock sys_clk_pin rise edge)
                                                      0.000     0.000 r  
    E3                                                0.000     0.000 r  clock (IN)
                         net (fo=0)                   0.000     0.000    clock
    E3                   IBUF (Prop_ibuf_I_O)         1.482     1.482 r  clock_IBUF_inst/O
                         net (fo=1, routed)           2.025     3.506    clock_IBUF
    BUFGCTRL_X0Y16       BUFG (Prop_bufg_I_O)         0.096     3.602 r  clock_IBUF_BUFG_inst/O
                         net (fo=666, routed)         1.628     5.231    u_apb_gpio/clock_IBUF_BUFG
    SLICE_X58Y59         FDRE                                         r  u_apb_gpio/buf_gpo_reg[12]/C
  -------------------------------------------------------------------    -------------------
    SLICE_X58Y59         FDRE (Prop_fdre_C_Q)         0.518     5.749 r  u_apb_gpio/buf_gpo_reg[12]/Q
                         net (fo=1, routed)           3.523     9.272    leds_OBUF[12]
    V15                  OBUF (Prop_obuf_I_O)         3.552    12.823 r  leds_OBUF[12]_inst/O
                         net (fo=0)                   0.000    12.823    leds[12]
    V15                                                               r  leds[12] (OUT)
  -------------------------------------------------------------------    -------------------

Slack:                    inf
  Source:                 u_apb_gpio/buf_gpo_reg[9]/C
                            (rising edge-triggered cell FDRE clocked by sys_clk_pin  {rise@0.000ns fall@5.000ns period=10.000ns})
  Destination:            leds[9]
                            (output port)
  Path Group:             (none)
  Path Type:              Max at Slow Process Corner
  Data Path Delay:        7.428ns  (logic 4.072ns (54.820%)  route 3.356ns (45.180%))
  Logic Levels:           1  (OBUF=1)
  Clock Uncertainty:      0.025ns  ((TSJ^2 + TIJ^2)^1/2 + DJ) / 2 + PE
    Total System Jitter     (TSJ):    0.050ns
    Total Input Jitter      (TIJ):    0.000ns
    Discrete Jitter          (DJ):    0.000ns
    Phase Error              (PE):    0.000ns

    Location             Delay type                Incr(ns)  Path(ns)    Netlist Resource(s)
  -------------------------------------------------------------------    -------------------
                         (clock sys_clk_pin rise edge)
                                                      0.000     0.000 r  
    E3                                                0.000     0.000 r  clock (IN)
                         net (fo=0)                   0.000     0.000    clock
    E3                   IBUF (Prop_ibuf_I_O)         1.482     1.482 r  clock_IBUF_inst/O
                         net (fo=1, routed)           2.025     3.506    clock_IBUF
    BUFGCTRL_X0Y16       BUFG (Prop_bufg_I_O)         0.096     3.602 r  clock_IBUF_BUFG_inst/O
                         net (fo=666, routed)         1.626     5.229    u_apb_gpio/clock_IBUF_BUFG
    SLICE_X58Y62         FDRE                                         r  u_apb_gpio/buf_gpo_reg[9]/C
  -------------------------------------------------------------------    -------------------
    SLICE_X58Y62         FDRE (Prop_fdre_C_Q)         0.518     5.747 r  u_apb_gpio/buf_gpo_reg[9]/Q
                         net (fo=1, routed)           3.356     9.103    leds_OBUF[9]
    T15                  OBUF (Prop_obuf_I_O)         3.554    12.657 r  leds_OBUF[9]_inst/O
                         net (fo=0)                   0.000    12.657    leds[9]
    T15                                                               r  leds[9] (OUT)
  -------------------------------------------------------------------    -------------------

Slack:                    inf
  Source:                 u_apb_gpio/buf_gpo_reg[13]/C
                            (rising edge-triggered cell FDRE clocked by sys_clk_pin  {rise@0.000ns fall@5.000ns period=10.000ns})
  Destination:            leds[13]
                            (output port)
  Path Group:             (none)
  Path Type:              Max at Slow Process Corner
  Data Path Delay:        7.382ns  (logic 4.072ns (55.160%)  route 3.310ns (44.840%))
  Logic Levels:           1  (OBUF=1)
  Clock Uncertainty:      0.025ns  ((TSJ^2 + TIJ^2)^1/2 + DJ) / 2 + PE
    Total System Jitter     (TSJ):    0.050ns
    Total Input Jitter      (TIJ):    0.000ns
    Discrete Jitter          (DJ):    0.000ns
    Phase Error              (PE):    0.000ns

    Location             Delay type                Incr(ns)  Path(ns)    Netlist Resource(s)
  -------------------------------------------------------------------    -------------------
                         (clock sys_clk_pin rise edge)
                                                      0.000     0.000 r  
    E3                                                0.000     0.000 r  clock (IN)
                         net (fo=0)                   0.000     0.000    clock
    E3                   IBUF (Prop_ibuf_I_O)         1.482     1.482 r  clock_IBUF_inst/O
                         net (fo=1, routed)           2.025     3.506    clock_IBUF
    BUFGCTRL_X0Y16       BUFG (Prop_bufg_I_O)         0.096     3.602 r  clock_IBUF_BUFG_inst/O
                         net (fo=666, routed)         1.628     5.231    u_apb_gpio/clock_IBUF_BUFG
    SLICE_X58Y59         FDRE                                         r  u_apb_gpio/buf_gpo_reg[13]/C
  -------------------------------------------------------------------    -------------------
    SLICE_X58Y59         FDRE (Prop_fdre_C_Q)         0.518     5.749 r  u_apb_gpio/buf_gpo_reg[13]/Q
                         net (fo=1, routed)           3.310     9.059    leds_OBUF[13]
    V14                  OBUF (Prop_obuf_I_O)         3.554    12.613 r  leds_OBUF[13]_inst/O
                         net (fo=0)                   0.000    12.613    leds[13]
    V14                                                               r  leds[13] (OUT)
  -------------------------------------------------------------------    -------------------

Slack:                    inf
  Source:                 u_apb_gpio/buf_gpo_reg[15]/C
                            (rising edge-triggered cell FDRE clocked by sys_clk_pin  {rise@0.000ns fall@5.000ns period=10.000ns})
  Destination:            leds[15]
                            (output port)
  Path Group:             (none)
  Path Type:              Max at Slow Process Corner
  Data Path Delay:        7.370ns  (logic 4.087ns (55.457%)  route 3.283ns (44.543%))
  Logic Levels:           1  (OBUF=1)
  Clock Uncertainty:      0.025ns  ((TSJ^2 + TIJ^2)^1/2 + DJ) / 2 + PE
    Total System Jitter     (TSJ):    0.050ns
    Total Input Jitter      (TIJ):    0.000ns
    Discrete Jitter          (DJ):    0.000ns
    Phase Error              (PE):    0.000ns

    Location             Delay type                Incr(ns)  Path(ns)    Netlist Resource(s)
  -------------------------------------------------------------------    -------------------
                         (clock sys_clk_pin rise edge)
                                                      0.000     0.000 r  
    E3                                                0.000     0.000 r  clock (IN)
                         net (fo=0)                   0.000     0.000    clock
    E3                   IBUF (Prop_ibuf_I_O)         1.482     1.482 r  clock_IBUF_inst/O
                         net (fo=1, routed)           2.025     3.506    clock_IBUF
    BUFGCTRL_X0Y16       BUFG (Prop_bufg_I_O)         0.096     3.602 r  clock_IBUF_BUFG_inst/O
                         net (fo=666, routed)         1.628     5.231    u_apb_gpio/clock_IBUF_BUFG
    SLICE_X58Y59         FDRE                                         r  u_apb_gpio/buf_gpo_reg[15]/C
  -------------------------------------------------------------------    -------------------
    SLICE_X58Y59         FDRE (Prop_fdre_C_Q)         0.518     5.749 r  u_apb_gpio/buf_gpo_reg[15]/Q
                         net (fo=1, routed)           3.283     9.031    leds_OBUF[15]
    V11                  OBUF (Prop_obuf_I_O)         3.569    12.600 r  leds_OBUF[15]_inst/O
                         net (fo=0)                   0.000    12.600    leds[15]
    V11                                                               r  leds[15] (OUT)
  -------------------------------------------------------------------    -------------------

Slack:                    inf
  Source:                 u_apb_gpio/buf_gpo_reg[14]/C
                            (rising edge-triggered cell FDRE clocked by sys_clk_pin  {rise@0.000ns fall@5.000ns period=10.000ns})
  Destination:            leds[14]
                            (output port)
  Path Group:             (none)
  Path Type:              Max at Slow Process Corner
  Data Path Delay:        7.354ns  (logic 4.088ns (55.592%)  route 3.266ns (44.408%))
  Logic Levels:           1  (OBUF=1)
  Clock Uncertainty:      0.025ns  ((TSJ^2 + TIJ^2)^1/2 + DJ) / 2 + PE
    Total System Jitter     (TSJ):    0.050ns
    Total Input Jitter      (TIJ):    0.000ns
    Discrete Jitter          (DJ):    0.000ns
    Phase Error              (PE):    0.000ns

    Location             Delay type                Incr(ns)  Path(ns)    Netlist Resource(s)
  -------------------------------------------------------------------    -------------------
                         (clock sys_clk_pin rise edge)
                                                      0.000     0.000 r  
    E3                                                0.000     0.000 r  clock (IN)
                         net (fo=0)                   0.000     0.000    clock
    E3                   IBUF (Prop_ibuf_I_O)         1.482     1.482 r  clock_IBUF_inst/O
                         net (fo=1, routed)           2.025     3.506    clock_IBUF
    BUFGCTRL_X0Y16       BUFG (Prop_bufg_I_O)         0.096     3.602 r  clock_IBUF_BUFG_inst/O
                         net (fo=666, routed)         1.628     5.231    u_apb_gpio/clock_IBUF_BUFG
    SLICE_X58Y59         FDRE                                         r  u_apb_gpio/buf_gpo_reg[14]/C
  -------------------------------------------------------------------    -------------------
    SLICE_X58Y59         FDRE (Prop_fdre_C_Q)         0.518     5.749 r  u_apb_gpio/buf_gpo_reg[14]/Q
                         net (fo=1, routed)           3.266     9.015    leds_OBUF[14]
    V12                  OBUF (Prop_obuf_I_O)         3.570    12.585 r  leds_OBUF[14]_inst/O
                         net (fo=0)                   0.000    12.585    leds[14]
    V12                                                               r  leds[14] (OUT)
  -------------------------------------------------------------------    -------------------





Min Delay Paths
--------------------------------------------------------------------------------------
Slack:                    inf
  Source:                 u_apb_gpio/buf_gpo_reg[5]/C
                            (rising edge-triggered cell FDRE clocked by sys_clk_pin  {rise@0.000ns fall@5.000ns period=10.000ns})
  Destination:            leds[5]
                            (output port)
  Path Group:             (none)
  Path Type:              Min at Fast Process Corner
  Data Path Delay:        2.431ns  (logic 1.393ns (57.317%)  route 1.038ns (42.683%))
  Logic Levels:           1  (OBUF=1)
  Clock Uncertainty:      0.025ns  ((TSJ^2 + TIJ^2)^1/2 + DJ) / 2 + PE
    Total System Jitter     (TSJ):    0.050ns
    Total Input Jitter      (TIJ):    0.000ns
    Discrete Jitter          (DJ):    0.000ns
    Phase Error              (PE):    0.000ns

    Location             Delay type                Incr(ns)  Path(ns)    Netlist Resource(s)
  -------------------------------------------------------------------    -------------------
                         (clock sys_clk_pin rise edge)
                                                      0.000     0.000 r  
    E3                                                0.000     0.000 r  clock (IN)
                         net (fo=0)                   0.000     0.000    clock
    E3                   IBUF (Prop_ibuf_I_O)         0.250     0.250 r  clock_IBUF_inst/O
                         net (fo=1, routed)           0.644     0.894    clock_IBUF
    BUFGCTRL_X0Y16       BUFG (Prop_bufg_I_O)         0.026     0.920 r  clock_IBUF_BUFG_inst/O
                         net (fo=666, routed)         0.563     1.482    u_apb_gpio/clock_IBUF_BUFG
    SLICE_X59Y62         FDRE                                         r  u_apb_gpio/buf_gpo_reg[5]/C
  -------------------------------------------------------------------    -------------------
    SLICE_X59Y62         FDRE (Prop_fdre_C_Q)         0.141     1.623 r  u_apb_gpio/buf_gpo_reg[5]/Q
                         net (fo=1, routed)           1.038     2.661    leds_OBUF[5]
    V17                  OBUF (Prop_obuf_I_O)         1.252     3.914 r  leds_OBUF[5]_inst/O
                         net (fo=0)                   0.000     3.914    leds[5]
    V17                                                               r  leds[5] (OUT)
  -------------------------------------------------------------------    -------------------

Slack:                    inf
  Source:                 u_apb_gpio/buf_gpo_reg[11]/C
                            (rising edge-triggered cell FDRE clocked by sys_clk_pin  {rise@0.000ns fall@5.000ns period=10.000ns})
  Destination:            leds[11]
                            (output port)
  Path Group:             (none)
  Path Type:              Min at Fast Process Corner
  Data Path Delay:        2.475ns  (logic 1.396ns (56.411%)  route 1.079ns (43.589%))
  Logic Levels:           1  (OBUF=1)
  Clock Uncertainty:      0.025ns  ((TSJ^2 + TIJ^2)^1/2 + DJ) / 2 + PE
    Total System Jitter     (TSJ):    0.050ns
    Total Input Jitter      (TIJ):    0.000ns
    Discrete Jitter          (DJ):    0.000ns
    Phase Error              (PE):    0.000ns

    Location             Delay type                Incr(ns)  Path(ns)    Netlist Resource(s)
  -------------------------------------------------------------------    -------------------
                         (clock sys_clk_pin rise edge)
                                                      0.000     0.000 r  
    E3                                                0.000     0.000 r  clock (IN)
                         net (fo=0)                   0.000     0.000    clock
    E3                   IBUF (Prop_ibuf_I_O)         0.250     0.250 r  clock_IBUF_inst/O
                         net (fo=1, routed)           0.644     0.894    clock_IBUF
    BUFGCTRL_X0Y16       BUFG (Prop_bufg_I_O)         0.026     0.920 r  clock_IBUF_BUFG_inst/O
                         net (fo=666, routed)         0.560     1.479    u_apb_gpio/clock_IBUF_BUFG
    SLICE_X58Y67         FDRE                                         r  u_apb_gpio/buf_gpo_reg[11]/C
  -------------------------------------------------------------------    -------------------
    SLICE_X58Y67         FDRE (Prop_fdre_C_Q)         0.164     1.643 r  u_apb_gpio/buf_gpo_reg[11]/Q
                         net (fo=1, routed)           1.079     2.722    leds_OBUF[11]
    T16                  OBUF (Prop_obuf_I_O)         1.232     3.954 r  leds_OBUF[11]_inst/O
                         net (fo=0)                   0.000     3.954    leds[11]
    T16                                                               r  leds[11] (OUT)
  -------------------------------------------------------------------    -------------------

Slack:                    inf
  Source:                 u_apb_gpio/buf_gpo_reg[6]/C
                            (rising edge-triggered cell FDRE clocked by sys_clk_pin  {rise@0.000ns fall@5.000ns period=10.000ns})
  Destination:            leds[6]
                            (output port)
  Path Group:             (none)
  Path Type:              Min at Fast Process Corner
  Data Path Delay:        2.475ns  (logic 1.397ns (56.438%)  route 1.078ns (43.562%))
  Logic Levels:           1  (OBUF=1)
  Clock Uncertainty:      0.025ns  ((TSJ^2 + TIJ^2)^1/2 + DJ) / 2 + PE
    Total System Jitter     (TSJ):    0.050ns
    Total Input Jitter      (TIJ):    0.000ns
    Discrete Jitter          (DJ):    0.000ns
    Phase Error              (PE):    0.000ns

    Location             Delay type                Incr(ns)  Path(ns)    Netlist Resource(s)
  -------------------------------------------------------------------    -------------------
                         (clock sys_clk_pin rise edge)
                                                      0.000     0.000 r  
    E3                                                0.000     0.000 r  clock (IN)
                         net (fo=0)                   0.000     0.000    clock
    E3                   IBUF (Prop_ibuf_I_O)         0.250     0.250 r  clock_IBUF_inst/O
                         net (fo=1, routed)           0.644     0.894    clock_IBUF
    BUFGCTRL_X0Y16       BUFG (Prop_bufg_I_O)         0.026     0.920 r  clock_IBUF_BUFG_inst/O
                         net (fo=666, routed)         0.563     1.482    u_apb_gpio/clock_IBUF_BUFG
    SLICE_X59Y62         FDRE                                         r  u_apb_gpio/buf_gpo_reg[6]/C
  -------------------------------------------------------------------    -------------------
    SLICE_X59Y62         FDRE (Prop_fdre_C_Q)         0.141     1.623 r  u_apb_gpio/buf_gpo_reg[6]/Q
                         net (fo=1, routed)           1.078     2.701    leds_OBUF[6]
    U17                  OBUF (Prop_obuf_I_O)         1.256     3.957 r  leds_OBUF[6]_inst/O
                         net (fo=0)                   0.000     3.957    leds[6]
    U17                                                               r  leds[6] (OUT)
  -------------------------------------------------------------------    -------------------

Slack:                    inf
  Source:                 u_apb_gpio/buf_gpo_reg[7]/C
                            (rising edge-triggered cell FDRE clocked by sys_clk_pin  {rise@0.000ns fall@5.000ns period=10.000ns})
  Destination:            leds[7]
                            (output port)
  Path Group:             (none)
  Path Type:              Min at Fast Process Corner
  Data Path Delay:        2.486ns  (logic 1.397ns (56.187%)  route 1.089ns (43.813%))
  Logic Levels:           1  (OBUF=1)
  Clock Uncertainty:      0.025ns  ((TSJ^2 + TIJ^2)^1/2 + DJ) / 2 + PE
    Total System Jitter     (TSJ):    0.050ns
    Total Input Jitter      (TIJ):    0.000ns
    Discrete Jitter          (DJ):    0.000ns
    Phase Error              (PE):    0.000ns

    Location             Delay type                Incr(ns)  Path(ns)    Netlist Resource(s)
  -------------------------------------------------------------------    -------------------
                         (clock sys_clk_pin rise edge)
                                                      0.000     0.000 r  
    E3                                                0.000     0.000 r  clock (IN)
                         net (fo=0)                   0.000     0.000    clock
    E3                   IBUF (Prop_ibuf_I_O)         0.250     0.250 r  clock_IBUF_inst/O
                         net (fo=1, routed)           0.644     0.894    clock_IBUF
    BUFGCTRL_X0Y16       BUFG (Prop_bufg_I_O)         0.026     0.920 r  clock_IBUF_BUFG_inst/O
                         net (fo=666, routed)         0.563     1.482    u_apb_gpio/clock_IBUF_BUFG
    SLICE_X59Y62         FDRE                                         r  u_apb_gpio/buf_gpo_reg[7]/C
  -------------------------------------------------------------------    -------------------
    SLICE_X59Y62         FDRE (Prop_fdre_C_Q)         0.141     1.623 r  u_apb_gpio/buf_gpo_reg[7]/Q
                         net (fo=1, routed)           1.089     2.713    leds_OBUF[7]
    U16                  OBUF (Prop_obuf_I_O)         1.256     3.968 r  leds_OBUF[7]_inst/O
                         net (fo=0)                   0.000     3.968    leds[7]
    U16                                                               r  leds[7] (OUT)
  -------------------------------------------------------------------    -------------------

Slack:                    inf
  Source:                 u_apb_gpio/buf_gpo_reg[8]/C
                            (rising edge-triggered cell FDRE clocked by sys_clk_pin  {rise@0.000ns fall@5.000ns period=10.000ns})
  Destination:            leds[8]
                            (output port)
  Path Group:             (none)
  Path Type:              Min at Fast Process Corner
  Data Path Delay:        2.490ns  (logic 1.412ns (56.712%)  route 1.078ns (43.288%))
  Logic Levels:           1  (OBUF=1)
  Clock Uncertainty:      0.025ns  ((TSJ^2 + TIJ^2)^1/2 + DJ) / 2 + PE
    Total System Jitter     (TSJ):    0.050ns
    Total Input Jitter      (TIJ):    0.000ns
    Discrete Jitter          (DJ):    0.000ns
    Phase Error              (PE):    0.000ns

    Location             Delay type                Incr(ns)  Path(ns)    Netlist Resource(s)
  -------------------------------------------------------------------    -------------------
                         (clock sys_clk_pin rise edge)
                                                      0.000     0.000 r  
    E3                                                0.000     0.000 r  clock (IN)
                         net (fo=0)                   0.000     0.000    clock
    E3                   IBUF (Prop_ibuf_I_O)         0.250     0.250 r  clock_IBUF_inst/O
                         net (fo=1, routed)           0.644     0.894    clock_IBUF
    BUFGCTRL_X0Y16       BUFG (Prop_bufg_I_O)         0.026     0.920 r  clock_IBUF_BUFG_inst/O
                         net (fo=666, routed)         0.562     1.481    u_apb_gpio/clock_IBUF_BUFG
    SLICE_X58Y63         FDRE                                         r  u_apb_gpio/buf_gpo_reg[8]/C
  -------------------------------------------------------------------    -------------------
    SLICE_X58Y63         FDRE (Prop_fdre_C_Q)         0.164     1.645 r  u_apb_gpio/buf_gpo_reg[8]/Q
                         net (fo=1, routed)           1.078     2.723    leds_OBUF[8]
    V16                  OBUF (Prop_obuf_I_O)         1.248     3.972 r  leds_OBUF[8]_inst/O
                         net (fo=0)                   0.000     3.972    leds[8]
    V16                                                               r  leds[8] (OUT)
  -------------------------------------------------------------------    -------------------

Slack:                    inf
  Source:                 u_apb_gpio/buf_gpo_reg[10]/C
                            (rising edge-triggered cell FDRE clocked by sys_clk_pin  {rise@0.000ns fall@5.000ns period=10.000ns})
  Destination:            leds[10]
                            (output port)
  Path Group:             (none)
  Path Type:              Min at Fast Process Corner
  Data Path Delay:        2.520ns  (logic 1.394ns (55.331%)  route 1.125ns (44.669%))
  Logic Levels:           1  (OBUF=1)
  Clock Uncertainty:      0.025ns  ((TSJ^2 + TIJ^2)^1/2 + DJ) / 2 + PE
    Total System Jitter     (TSJ):    0.050ns
    Total Input Jitter      (TIJ):    0.000ns
    Discrete Jitter          (DJ):    0.000ns
    Phase Error              (PE):    0.000ns

    Location             Delay type                Incr(ns)  Path(ns)    Netlist Resource(s)
  -------------------------------------------------------------------    -------------------
                         (clock sys_clk_pin rise edge)
                                                      0.000     0.000 r  
    E3                                                0.000     0.000 r  clock (IN)
                         net (fo=0)                   0.000     0.000    clock
    E3                   IBUF (Prop_ibuf_I_O)         0.250     0.250 r  clock_IBUF_inst/O
                         net (fo=1, routed)           0.644     0.894    clock_IBUF
    BUFGCTRL_X0Y16       BUFG (Prop_bufg_I_O)         0.026     0.920 r  clock_IBUF_BUFG_inst/O
                         net (fo=666, routed)         0.565     1.484    u_apb_gpio/clock_IBUF_BUFG
    SLICE_X59Y59         FDRE                                         r  u_apb_gpio/buf_gpo_reg[10]/C
  -------------------------------------------------------------------    -------------------
    SLICE_X59Y59         FDRE (Prop_fdre_C_Q)         0.141     1.625 r  u_apb_gpio/buf_gpo_reg[10]/Q
                         net (fo=1, routed)           1.125     2.751    leds_OBUF[10]
    U14                  OBUF (Prop_obuf_I_O)         1.253     4.004 r  leds_OBUF[10]_inst/O
                         net (fo=0)                   0.000     4.004    leds[10]
    U14                                                               r  leds[10] (OUT)
  -------------------------------------------------------------------    -------------------

Slack:                    inf
  Source:                 u_apb_gpio/buf_gpo_reg[14]/C
                            (rising edge-triggered cell FDRE clocked by sys_clk_pin  {rise@0.000ns fall@5.000ns period=10.000ns})
  Destination:            leds[14]
                            (output port)
  Path Group:             (none)
  Path Type:              Min at Fast Process Corner
  Data Path Delay:        2.538ns  (logic 1.435ns (56.540%)  route 1.103ns (43.460%))
  Logic Levels:           1  (OBUF=1)
  Clock Uncertainty:      0.025ns  ((TSJ^2 + TIJ^2)^1/2 + DJ) / 2 + PE
    Total System Jitter     (TSJ):    0.050ns
    Total Input Jitter      (TIJ):    0.000ns
    Discrete Jitter          (DJ):    0.000ns
    Phase Error              (PE):    0.000ns

    Location             Delay type                Incr(ns)  Path(ns)    Netlist Resource(s)
  -------------------------------------------------------------------    -------------------
                         (clock sys_clk_pin rise edge)
                                                      0.000     0.000 r  
    E3                                                0.000     0.000 r  clock (IN)
                         net (fo=0)                   0.000     0.000    clock
    E3                   IBUF (Prop_ibuf_I_O)         0.250     0.250 r  clock_IBUF_inst/O
                         net (fo=1, routed)           0.644     0.894    clock_IBUF
    BUFGCTRL_X0Y16       BUFG (Prop_bufg_I_O)         0.026     0.920 r  clock_IBUF_BUFG_inst/O
                         net (fo=666, routed)         0.565     1.484    u_apb_gpio/clock_IBUF_BUFG
    SLICE_X58Y59         FDRE                                         r  u_apb_gpio/buf_gpo_reg[14]/C
  -------------------------------------------------------------------    -------------------
    SLICE_X58Y59         FDRE (Prop_fdre_C_Q)         0.164     1.648 r  u_apb_gpio/buf_gpo_reg[14]/Q
                         net (fo=1, routed)           1.103     2.751    leds_OBUF[14]
    V12                  OBUF (Prop_obuf_I_O)         1.271     4.022 r  leds_OBUF[14]_inst/O
                         net (fo=0)                   0.000     4.022    leds[14]
    V12                                                               r  leds[14] (OUT)
  -------------------------------------------------------------------    -------------------

Slack:                    inf
  Source:                 u_apb_gpio/buf_gpo_reg[15]/C
                            (rising edge-triggered cell FDRE clocked by sys_clk_pin  {rise@0.000ns fall@5.000ns period=10.000ns})
  Destination:            leds[15]
                            (output port)
  Path Group:             (none)
  Path Type:              Min at Fast Process Corner
  Data Path Delay:        2.543ns  (logic 1.433ns (56.367%)  route 1.110ns (43.633%))
  Logic Levels:           1  (OBUF=1)
  Clock Uncertainty:      0.025ns  ((TSJ^2 + TIJ^2)^1/2 + DJ) / 2 + PE
    Total System Jitter     (TSJ):    0.050ns
    Total Input Jitter      (TIJ):    0.000ns
    Discrete Jitter          (DJ):    0.000ns
    Phase Error              (PE):    0.000ns

    Location             Delay type                Incr(ns)  Path(ns)    Netlist Resource(s)
  -------------------------------------------------------------------    -------------------
                         (clock sys_clk_pin rise edge)
                                                      0.000     0.000 r  
    E3                                                0.000     0.000 r  clock (IN)
                         net (fo=0)                   0.000     0.000    clock
    E3                   IBUF (Prop_ibuf_I_O)         0.250     0.250 r  clock_IBUF_inst/O
                         net (fo=1, routed)           0.644     0.894    clock_IBUF
    BUFGCTRL_X0Y16       BUFG (Prop_bufg_I_O)         0.026     0.920 r  clock_IBUF_BUFG_inst/O
                         net (fo=666, routed)         0.565     1.484    u_apb_gpio/clock_IBUF_BUFG
    SLICE_X58Y59         FDRE                                         r  u_apb_gpio/buf_gpo_reg[15]/C
  -------------------------------------------------------------------    -------------------
    SLICE_X58Y59         FDRE (Prop_fdre_C_Q)         0.164     1.648 r  u_apb_gpio/buf_gpo_reg[15]/Q
                         net (fo=1, routed)           1.110     2.758    leds_OBUF[15]
    V11                  OBUF (Prop_obuf_I_O)         1.269     4.027 r  leds_OBUF[15]_inst/O
                         net (fo=0)                   0.000     4.027    leds[15]
    V11                                                               r  leds[15] (OUT)
  -------------------------------------------------------------------    -------------------

Slack:                    inf
  Source:                 u_apb_gpio/buf_gpo_reg[13]/C
                            (rising edge-triggered cell FDRE clocked by sys_clk_pin  {rise@0.000ns fall@5.000ns period=10.000ns})
  Destination:            leds[13]
                            (output port)
  Path Group:             (none)
  Path Type:              Min at Fast Process Corner
  Data Path Delay:        2.544ns  (logic 1.419ns (55.770%)  route 1.125ns (44.230%))
  Logic Levels:           1  (OBUF=1)
  Clock Uncertainty:      0.025ns  ((TSJ^2 + TIJ^2)^1/2 + DJ) / 2 + PE
    Total System Jitter     (TSJ):    0.050ns
    Total Input Jitter      (TIJ):    0.000ns
    Discrete Jitter          (DJ):    0.000ns
    Phase Error              (PE):    0.000ns

    Location             Delay type                Incr(ns)  Path(ns)    Netlist Resource(s)
  -------------------------------------------------------------------    -------------------
                         (clock sys_clk_pin rise edge)
                                                      0.000     0.000 r  
    E3                                                0.000     0.000 r  clock (IN)
                         net (fo=0)                   0.000     0.000    clock
    E3                   IBUF (Prop_ibuf_I_O)         0.250     0.250 r  clock_IBUF_inst/O
                         net (fo=1, routed)           0.644     0.894    clock_IBUF
    BUFGCTRL_X0Y16       BUFG (Prop_bufg_I_O)         0.026     0.920 r  clock_IBUF_BUFG_inst/O
                         net (fo=666, routed)         0.565     1.484    u_apb_gpio/clock_IBUF_BUFG
    SLICE_X58Y59         FDRE                                         r  u_apb_gpio/buf_gpo_reg[13]/C
  -------------------------------------------------------------------    -------------------
    SLICE_X58Y59         FDRE (Prop_fdre_C_Q)         0.164     1.648 r  u_apb_gpio/buf_gpo_reg[13]/Q
                         net (fo=1, routed)           1.125     2.774    leds_OBUF[13]
    V14                  OBUF (Prop_obuf_I_O)         1.255     4.028 r  leds_OBUF[13]_inst/O
                         net (fo=0)                   0.000     4.028    leds[13]
    V14                                                               r  leds[13] (OUT)
  -------------------------------------------------------------------    -------------------

Slack:                    inf
  Source:                 u_apb_gpio/buf_gpo_reg[9]/C
                            (rising edge-triggered cell FDRE clocked by sys_clk_pin  {rise@0.000ns fall@5.000ns period=10.000ns})
  Destination:            leds[9]
                            (output port)
  Path Group:             (none)
  Path Type:              Min at Fast Process Corner
  Data Path Delay:        2.546ns  (logic 1.419ns (55.729%)  route 1.127ns (44.271%))
  Logic Levels:           1  (OBUF=1)
  Clock Uncertainty:      0.025ns  ((TSJ^2 + TIJ^2)^1/2 + DJ) / 2 + PE
    Total System Jitter     (TSJ):    0.050ns
    Total Input Jitter      (TIJ):    0.000ns
    Discrete Jitter          (DJ):    0.000ns
    Phase Error              (PE):    0.000ns

    Location             Delay type                Incr(ns)  Path(ns)    Netlist Resource(s)
  -------------------------------------------------------------------    -------------------
                         (clock sys_clk_pin rise edge)
                                                      0.000     0.000 r  
    E3                                                0.000     0.000 r  clock (IN)
                         net (fo=0)                   0.000     0.000    clock
    E3                   IBUF (Prop_ibuf_I_O)         0.250     0.250 r  clock_IBUF_inst/O
                         net (fo=1, routed)           0.644     0.894    clock_IBUF
    BUFGCTRL_X0Y16       BUFG (Prop_bufg_I_O)         0.026     0.920 r  clock_IBUF_BUFG_inst/O
                         net (fo=666, routed)         0.563     1.482    u_apb_gpio/clock_IBUF_BUFG
    SLICE_X58Y62         FDRE                                         r  u_apb_gpio/buf_gpo_reg[9]/C
  -------------------------------------------------------------------    -------------------
    SLICE_X58Y62         FDRE (Prop_fdre_C_Q)         0.164     1.646 r  u_apb_gpio/buf_gpo_reg[9]/Q
                         net (fo=1, routed)           1.127     2.774    leds_OBUF[9]
    T15                  OBUF (Prop_obuf_I_O)         1.255     4.028 r  leds_OBUF[9]_inst/O
                         net (fo=0)                   0.000     4.028    leds[9]
    T15                                                               r  leds[9] (OUT)
  -------------------------------------------------------------------    -------------------





--------------------------------------------------------------------------------------
Path Group:  (none)
From Clock:  
  To Clock:  sys_clk_pin

Max Delay           104 Endpoints
Min Delay           104 Endpoints
--------------------------------------------------------------------------------------


Max Delay Paths
--------------------------------------------------------------------------------------
Slack:                    inf
  Source:                 resetn
                            (input port)
  Destination:            u_apb_timer/count_reg_reg[0]/R
                            (rising edge-triggered cell FDRE clocked by sys_clk_pin  {rise@0.000ns fall@5.000ns period=10.000ns})
  Path Group:             (none)
  Path Type:              Setup (Max at Slow Process Corner)
  Data Path Delay:        8.907ns  (logic 1.631ns (18.312%)  route 7.276ns (81.688%))
  Logic Levels:           2  (IBUF=1 LUT3=1)
  Clock Path Skew:        5.019ns (DCD - SCD + CPR)
    Destination Clock Delay (DCD):    5.019ns
    Source Clock Delay      (SCD):    0.000ns
    Clock Pessimism Removal (CPR):    0.000ns
  Clock Uncertainty:      0.025ns  ((TSJ^2 + TIJ^2)^1/2 + DJ) / 2 + PE
    Total System Jitter     (TSJ):    0.050ns
    Total Input Jitter      (TIJ):    0.000ns
    Discrete Jitter          (DJ):    0.000ns
    Phase Error              (PE):    0.000ns

    Location             Delay type                Incr(ns)  Path(ns)    Netlist Resource(s)
  -------------------------------------------------------------------    -------------------
    C12                                               0.000     0.000 f  resetn (IN)
                         net (fo=0)                   0.000     0.000    resetn
    C12                  IBUF (Prop_ibuf_I_O)         1.507     1.507 f  resetn_IBUF_inst/O
                         net (fo=10, routed)          5.468     6.975    u_apb_timer/resetn_IBUF
    SLICE_X75Y71         LUT3 (Prop_lut3_I2_O)        0.124     7.099 r  u_apb_timer/count_reg[0]_i_1/O
                         net (fo=64, routed)          1.808     8.907    u_apb_timer/count_reg[0]_i_1_n_0
    SLICE_X76Y57         FDRE                                         r  u_apb_timer/count_reg_reg[0]/R
  -------------------------------------------------------------------    -------------------

                         (clock sys_clk_pin rise edge)
                                                      0.000     0.000 r  
    E3                                                0.000     0.000 r  clock (IN)
                         net (fo=0)                   0.000     0.000    clock
    E3                   IBUF (Prop_ibuf_I_O)         1.411     1.411 r  clock_IBUF_inst/O
                         net (fo=1, routed)           1.920     3.331    clock_IBUF
    BUFGCTRL_X0Y16       BUFG (Prop_bufg_I_O)         0.091     3.422 r  clock_IBUF_BUFG_inst/O
                         net (fo=666, routed)         1.596     5.019    u_apb_timer/clock_IBUF_BUFG
    SLICE_X76Y57         FDRE                                         r  u_apb_timer/count_reg_reg[0]/C

Slack:                    inf
  Source:                 resetn
                            (input port)
  Destination:            u_apb_timer/count_reg_reg[1]/R
                            (rising edge-triggered cell FDRE clocked by sys_clk_pin  {rise@0.000ns fall@5.000ns period=10.000ns})
  Path Group:             (none)
  Path Type:              Setup (Max at Slow Process Corner)
  Data Path Delay:        8.907ns  (logic 1.631ns (18.312%)  route 7.276ns (81.688%))
  Logic Levels:           2  (IBUF=1 LUT3=1)
  Clock Path Skew:        5.019ns (DCD - SCD + CPR)
    Destination Clock Delay (DCD):    5.019ns
    Source Clock Delay      (SCD):    0.000ns
    Clock Pessimism Removal (CPR):    0.000ns
  Clock Uncertainty:      0.025ns  ((TSJ^2 + TIJ^2)^1/2 + DJ) / 2 + PE
    Total System Jitter     (TSJ):    0.050ns
    Total Input Jitter      (TIJ):    0.000ns
    Discrete Jitter          (DJ):    0.000ns
    Phase Error              (PE):    0.000ns

    Location             Delay type                Incr(ns)  Path(ns)    Netlist Resource(s)
  -------------------------------------------------------------------    -------------------
    C12                                               0.000     0.000 f  resetn (IN)
                         net (fo=0)                   0.000     0.000    resetn
    C12                  IBUF (Prop_ibuf_I_O)         1.507     1.507 f  resetn_IBUF_inst/O
                         net (fo=10, routed)          5.468     6.975    u_apb_timer/resetn_IBUF
    SLICE_X75Y71         LUT3 (Prop_lut3_I2_O)        0.124     7.099 r  u_apb_timer/count_reg[0]_i_1/O
                         net (fo=64, routed)          1.808     8.907    u_apb_timer/count_reg[0]_i_1_n_0
    SLICE_X76Y57         FDRE                                         r  u_apb_timer/count_reg_reg[1]/R
  -------------------------------------------------------------------    -------------------

                         (clock sys_clk_pin rise edge)
                                                      0.000     0.000 r  
    E3                                                0.000     0.000 r  clock (IN)
                         net (fo=0)                   0.000     0.000    clock
    E3                   IBUF (Prop_ibuf_I_O)         1.411     1.411 r  clock_IBUF_inst/O
                         net (fo=1, routed)           1.920     3.331    clock_IBUF
    BUFGCTRL_X0Y16       BUFG (Prop_bufg_I_O)         0.091     3.422 r  clock_IBUF_BUFG_inst/O
                         net (fo=666, routed)         1.596     5.019    u_apb_timer/clock_IBUF_BUFG
    SLICE_X76Y57         FDRE                                         r  u_apb_timer/count_reg_reg[1]/C

Slack:                    inf
  Source:                 resetn
                            (input port)
  Destination:            u_apb_timer/count_reg_reg[2]/R
                            (rising edge-triggered cell FDRE clocked by sys_clk_pin  {rise@0.000ns fall@5.000ns period=10.000ns})
  Path Group:             (none)
  Path Type:              Setup (Max at Slow Process Corner)
  Data Path Delay:        8.907ns  (logic 1.631ns (18.312%)  route 7.276ns (81.688%))
  Logic Levels:           2  (IBUF=1 LUT3=1)
  Clock Path Skew:        5.019ns (DCD - SCD + CPR)
    Destination Clock Delay (DCD):    5.019ns
    Source Clock Delay      (SCD):    0.000ns
    Clock Pessimism Removal (CPR):    0.000ns
  Clock Uncertainty:      0.025ns  ((TSJ^2 + TIJ^2)^1/2 + DJ) / 2 + PE
    Total System Jitter     (TSJ):    0.050ns
    Total Input Jitter      (TIJ):    0.000ns
    Discrete Jitter          (DJ):    0.000ns
    Phase Error              (PE):    0.000ns

    Location             Delay type                Incr(ns)  Path(ns)    Netlist Resource(s)
  -------------------------------------------------------------------    -------------------
    C12                                               0.000     0.000 f  resetn (IN)
                         net (fo=0)                   0.000     0.000    resetn
    C12                  IBUF (Prop_ibuf_I_O)         1.507     1.507 f  resetn_IBUF_inst/O
                         net (fo=10, routed)          5.468     6.975    u_apb_timer/resetn_IBUF
    SLICE_X75Y71         LUT3 (Prop_lut3_I2_O)        0.124     7.099 r  u_apb_timer/count_reg[0]_i_1/O
                         net (fo=64, routed)          1.808     8.907    u_apb_timer/count_reg[0]_i_1_n_0
    SLICE_X76Y57         FDRE                                         r  u_apb_timer/count_reg_reg[2]/R
  -------------------------------------------------------------------    -------------------

                         (clock sys_clk_pin rise edge)
                                                      0.000     0.000 r  
    E3                                                0.000     0.000 r  clock (IN)
                         net (fo=0)                   0.000     0.000    clock
    E3                   IBUF (Prop_ibuf_I_O)         1.411     1.411 r  clock_IBUF_inst/O
                         net (fo=1, routed)           1.920     3.331    clock_IBUF
    BUFGCTRL_X0Y16       BUFG (Prop_bufg_I_O)         0.091     3.422 r  clock_IBUF_BUFG_inst/O
                         net (fo=666, routed)         1.596     5.019    u_apb_timer/clock_IBUF_BUFG
    SLICE_X76Y57         FDRE                                         r  u_apb_timer/count_reg_reg[2]/C

Slack:                    inf
  Source:                 resetn
                            (input port)
  Destination:            u_apb_timer/count_reg_reg[3]/R
                            (rising edge-triggered cell FDRE clocked by sys_clk_pin  {rise@0.000ns fall@5.000ns period=10.000ns})
  Path Group:             (none)
  Path Type:              Setup (Max at Slow Process Corner)
  Data Path Delay:        8.907ns  (logic 1.631ns (18.312%)  route 7.276ns (81.688%))
  Logic Levels:           2  (IBUF=1 LUT3=1)
  Clock Path Skew:        5.019ns (DCD - SCD + CPR)
    Destination Clock Delay (DCD):    5.019ns
    Source Clock Delay      (SCD):    0.000ns
    Clock Pessimism Removal (CPR):    0.000ns
  Clock Uncertainty:      0.025ns  ((TSJ^2 + TIJ^2)^1/2 + DJ) / 2 + PE
    Total System Jitter     (TSJ):    0.050ns
    Total Input Jitter      (TIJ):    0.000ns
    Discrete Jitter          (DJ):    0.000ns
    Phase Error              (PE):    0.000ns

    Location             Delay type                Incr(ns)  Path(ns)    Netlist Resource(s)
  -------------------------------------------------------------------    -------------------
    C12                                               0.000     0.000 f  resetn (IN)
                         net (fo=0)                   0.000     0.000    resetn
    C12                  IBUF (Prop_ibuf_I_O)         1.507     1.507 f  resetn_IBUF_inst/O
                         net (fo=10, routed)          5.468     6.975    u_apb_timer/resetn_IBUF
    SLICE_X75Y71         LUT3 (Prop_lut3_I2_O)        0.124     7.099 r  u_apb_timer/count_reg[0]_i_1/O
                         net (fo=64, routed)          1.808     8.907    u_apb_timer/count_reg[0]_i_1_n_0
    SLICE_X76Y57         FDRE                                         r  u_apb_timer/count_reg_reg[3]/R
  -------------------------------------------------------------------    -------------------

                         (clock sys_clk_pin rise edge)
                                                      0.000     0.000 r  
    E3                                                0.000     0.000 r  clock (IN)
                         net (fo=0)                   0.000     0.000    clock
    E3                   IBUF (Prop_ibuf_I_O)         1.411     1.411 r  clock_IBUF_inst/O
                         net (fo=1, routed)           1.920     3.331    clock_IBUF
    BUFGCTRL_X0Y16       BUFG (Prop_bufg_I_O)         0.091     3.422 r  clock_IBUF_BUFG_inst/O
                         net (fo=666, routed)         1.596     5.019    u_apb_timer/clock_IBUF_BUFG
    SLICE_X76Y57         FDRE                                         r  u_apb_timer/count_reg_reg[3]/C

Slack:                    inf
  Source:                 resetn
                            (input port)
  Destination:            u_apb_timer/count_reg_reg[4]/R
                            (rising edge-triggered cell FDRE clocked by sys_clk_pin  {rise@0.000ns fall@5.000ns period=10.000ns})
  Path Group:             (none)
  Path Type:              Setup (Max at Slow Process Corner)
  Data Path Delay:        8.858ns  (logic 1.631ns (18.413%)  route 7.227ns (81.587%))
  Logic Levels:           2  (IBUF=1 LUT3=1)
  Clock Path Skew:        5.019ns (DCD - SCD + CPR)
    Destination Clock Delay (DCD):    5.019ns
    Source Clock Delay      (SCD):    0.000ns
    Clock Pessimism Removal (CPR):    0.000ns
  Clock Uncertainty:      0.025ns  ((TSJ^2 + TIJ^2)^1/2 + DJ) / 2 + PE
    Total System Jitter     (TSJ):    0.050ns
    Total Input Jitter      (TIJ):    0.000ns
    Discrete Jitter          (DJ):    0.000ns
    Phase Error              (PE):    0.000ns

    Location             Delay type                Incr(ns)  Path(ns)    Netlist Resource(s)
  -------------------------------------------------------------------    -------------------
    C12                                               0.000     0.000 f  resetn (IN)
                         net (fo=0)                   0.000     0.000    resetn
    C12                  IBUF (Prop_ibuf_I_O)         1.507     1.507 f  resetn_IBUF_inst/O
                         net (fo=10, routed)          5.468     6.975    u_apb_timer/resetn_IBUF
    SLICE_X75Y71         LUT3 (Prop_lut3_I2_O)        0.124     7.099 r  u_apb_timer/count_reg[0]_i_1/O
                         net (fo=64, routed)          1.759     8.858    u_apb_timer/count_reg[0]_i_1_n_0
    SLICE_X76Y58         FDRE                                         r  u_apb_timer/count_reg_reg[4]/R
  -------------------------------------------------------------------    -------------------

                         (clock sys_clk_pin rise edge)
                                                      0.000     0.000 r  
    E3                                                0.000     0.000 r  clock (IN)
                         net (fo=0)                   0.000     0.000    clock
    E3                   IBUF (Prop_ibuf_I_O)         1.411     1.411 r  clock_IBUF_inst/O
                         net (fo=1, routed)           1.920     3.331    clock_IBUF
    BUFGCTRL_X0Y16       BUFG (Prop_bufg_I_O)         0.091     3.422 r  clock_IBUF_BUFG_inst/O
                         net (fo=666, routed)         1.596     5.019    u_apb_timer/clock_IBUF_BUFG
    SLICE_X76Y58         FDRE                                         r  u_apb_timer/count_reg_reg[4]/C

Slack:                    inf
  Source:                 resetn
                            (input port)
  Destination:            u_apb_timer/count_reg_reg[5]/R
                            (rising edge-triggered cell FDRE clocked by sys_clk_pin  {rise@0.000ns fall@5.000ns period=10.000ns})
  Path Group:             (none)
  Path Type:              Setup (Max at Slow Process Corner)
  Data Path Delay:        8.858ns  (logic 1.631ns (18.413%)  route 7.227ns (81.587%))
  Logic Levels:           2  (IBUF=1 LUT3=1)
  Clock Path Skew:        5.019ns (DCD - SCD + CPR)
    Destination Clock Delay (DCD):    5.019ns
    Source Clock Delay      (SCD):    0.000ns
    Clock Pessimism Removal (CPR):    0.000ns
  Clock Uncertainty:      0.025ns  ((TSJ^2 + TIJ^2)^1/2 + DJ) / 2 + PE
    Total System Jitter     (TSJ):    0.050ns
    Total Input Jitter      (TIJ):    0.000ns
    Discrete Jitter          (DJ):    0.000ns
    Phase Error              (PE):    0.000ns

    Location             Delay type                Incr(ns)  Path(ns)    Netlist Resource(s)
  -------------------------------------------------------------------    -------------------
    C12                                               0.000     0.000 f  resetn (IN)
                         net (fo=0)                   0.000     0.000    resetn
    C12                  IBUF (Prop_ibuf_I_O)         1.507     1.507 f  resetn_IBUF_inst/O
                         net (fo=10, routed)          5.468     6.975    u_apb_timer/resetn_IBUF
    SLICE_X75Y71         LUT3 (Prop_lut3_I2_O)        0.124     7.099 r  u_apb_timer/count_reg[0]_i_1/O
                         net (fo=64, routed)          1.759     8.858    u_apb_timer/count_reg[0]_i_1_n_0
    SLICE_X76Y58         FDRE                                         r  u_apb_timer/count_reg_reg[5]/R
  -------------------------------------------------------------------    -------------------

                         (clock sys_clk_pin rise edge)
                                                      0.000     0.000 r  
    E3                                                0.000     0.000 r  clock (IN)
                         net (fo=0)                   0.000     0.000    clock
    E3                   IBUF (Prop_ibuf_I_O)         1.411     1.411 r  clock_IBUF_inst/O
                         net (fo=1, routed)           1.920     3.331    clock_IBUF
    BUFGCTRL_X0Y16       BUFG (Prop_bufg_I_O)         0.091     3.422 r  clock_IBUF_BUFG_inst/O
                         net (fo=666, routed)         1.596     5.019    u_apb_timer/clock_IBUF_BUFG
    SLICE_X76Y58         FDRE                                         r  u_apb_timer/count_reg_reg[5]/C

Slack:                    inf
  Source:                 resetn
                            (input port)
  Destination:            u_apb_timer/count_reg_reg[6]/R
                            (rising edge-triggered cell FDRE clocked by sys_clk_pin  {rise@0.000ns fall@5.000ns period=10.000ns})
  Path Group:             (none)
  Path Type:              Setup (Max at Slow Process Corner)
  Data Path Delay:        8.858ns  (logic 1.631ns (18.413%)  route 7.227ns (81.587%))
  Logic Levels:           2  (IBUF=1 LUT3=1)
  Clock Path Skew:        5.019ns (DCD - SCD + CPR)
    Destination Clock Delay (DCD):    5.019ns
    Source Clock Delay      (SCD):    0.000ns
    Clock Pessimism Removal (CPR):    0.000ns
  Clock Uncertainty:      0.025ns  ((TSJ^2 + TIJ^2)^1/2 + DJ) / 2 + PE
    Total System Jitter     (TSJ):    0.050ns
    Total Input Jitter      (TIJ):    0.000ns
    Discrete Jitter          (DJ):    0.000ns
    Phase Error              (PE):    0.000ns

    Location             Delay type                Incr(ns)  Path(ns)    Netlist Resource(s)
  -------------------------------------------------------------------    -------------------
    C12                                               0.000     0.000 f  resetn (IN)
                         net (fo=0)                   0.000     0.000    resetn
    C12                  IBUF (Prop_ibuf_I_O)         1.507     1.507 f  resetn_IBUF_inst/O
                         net (fo=10, routed)          5.468     6.975    u_apb_timer/resetn_IBUF
    SLICE_X75Y71         LUT3 (Prop_lut3_I2_O)        0.124     7.099 r  u_apb_timer/count_reg[0]_i_1/O
                         net (fo=64, routed)          1.759     8.858    u_apb_timer/count_reg[0]_i_1_n_0
    SLICE_X76Y58         FDRE                                         r  u_apb_timer/count_reg_reg[6]/R
  -------------------------------------------------------------------    -------------------

                         (clock sys_clk_pin rise edge)
                                                      0.000     0.000 r  
    E3                                                0.000     0.000 r  clock (IN)
                         net (fo=0)                   0.000     0.000    clock
    E3                   IBUF (Prop_ibuf_I_O)         1.411     1.411 r  clock_IBUF_inst/O
                         net (fo=1, routed)           1.920     3.331    clock_IBUF
    BUFGCTRL_X0Y16       BUFG (Prop_bufg_I_O)         0.091     3.422 r  clock_IBUF_BUFG_inst/O
                         net (fo=666, routed)         1.596     5.019    u_apb_timer/clock_IBUF_BUFG
    SLICE_X76Y58         FDRE                                         r  u_apb_timer/count_reg_reg[6]/C

Slack:                    inf
  Source:                 resetn
                            (input port)
  Destination:            u_apb_timer/count_reg_reg[7]/R
                            (rising edge-triggered cell FDRE clocked by sys_clk_pin  {rise@0.000ns fall@5.000ns period=10.000ns})
  Path Group:             (none)
  Path Type:              Setup (Max at Slow Process Corner)
  Data Path Delay:        8.858ns  (logic 1.631ns (18.413%)  route 7.227ns (81.587%))
  Logic Levels:           2  (IBUF=1 LUT3=1)
  Clock Path Skew:        5.019ns (DCD - SCD + CPR)
    Destination Clock Delay (DCD):    5.019ns
    Source Clock Delay      (SCD):    0.000ns
    Clock Pessimism Removal (CPR):    0.000ns
  Clock Uncertainty:      0.025ns  ((TSJ^2 + TIJ^2)^1/2 + DJ) / 2 + PE
    Total System Jitter     (TSJ):    0.050ns
    Total Input Jitter      (TIJ):    0.000ns
    Discrete Jitter          (DJ):    0.000ns
    Phase Error              (PE):    0.000ns

    Location             Delay type                Incr(ns)  Path(ns)    Netlist Resource(s)
  -------------------------------------------------------------------    -------------------
    C12                                               0.000     0.000 f  resetn (IN)
                         net (fo=0)                   0.000     0.000    resetn
    C12                  IBUF (Prop_ibuf_I_O)         1.507     1.507 f  resetn_IBUF_inst/O
                         net (fo=10, routed)          5.468     6.975    u_apb_timer/resetn_IBUF
    SLICE_X75Y71         LUT3 (Prop_lut3_I2_O)        0.124     7.099 r  u_apb_timer/count_reg[0]_i_1/O
                         net (fo=64, routed)          1.759     8.858    u_apb_timer/count_reg[0]_i_1_n_0
    SLICE_X76Y58         FDRE                                         r  u_apb_timer/count_reg_reg[7]/R
  -------------------------------------------------------------------    -------------------

                         (clock sys_clk_pin rise edge)
                                                      0.000     0.000 r  
    E3                                                0.000     0.000 r  clock (IN)
                         net (fo=0)                   0.000     0.000    clock
    E3                   IBUF (Prop_ibuf_I_O)         1.411     1.411 r  clock_IBUF_inst/O
                         net (fo=1, routed)           1.920     3.331    clock_IBUF
    BUFGCTRL_X0Y16       BUFG (Prop_bufg_I_O)         0.091     3.422 r  clock_IBUF_BUFG_inst/O
                         net (fo=666, routed)         1.596     5.019    u_apb_timer/clock_IBUF_BUFG
    SLICE_X76Y58         FDRE                                         r  u_apb_timer/count_reg_reg[7]/C

Slack:                    inf
  Source:                 resetn
                            (input port)
  Destination:            u_apb_timer/count_reg_reg[12]/R
                            (rising edge-triggered cell FDRE clocked by sys_clk_pin  {rise@0.000ns fall@5.000ns period=10.000ns})
  Path Group:             (none)
  Path Type:              Setup (Max at Slow Process Corner)
  Data Path Delay:        8.709ns  (logic 1.631ns (18.727%)  route 7.078ns (81.273%))
  Logic Levels:           2  (IBUF=1 LUT3=1)
  Clock Path Skew:        5.018ns (DCD - SCD + CPR)
    Destination Clock Delay (DCD):    5.018ns
    Source Clock Delay      (SCD):    0.000ns
    Clock Pessimism Removal (CPR):    0.000ns
  Clock Uncertainty:      0.025ns  ((TSJ^2 + TIJ^2)^1/2 + DJ) / 2 + PE
    Total System Jitter     (TSJ):    0.050ns
    Total Input Jitter      (TIJ):    0.000ns
    Discrete Jitter          (DJ):    0.000ns
    Phase Error              (PE):    0.000ns

    Location             Delay type                Incr(ns)  Path(ns)    Netlist Resource(s)
  -------------------------------------------------------------------    -------------------
    C12                                               0.000     0.000 f  resetn (IN)
                         net (fo=0)                   0.000     0.000    resetn
    C12                  IBUF (Prop_ibuf_I_O)         1.507     1.507 f  resetn_IBUF_inst/O
                         net (fo=10, routed)          5.468     6.975    u_apb_timer/resetn_IBUF
    SLICE_X75Y71         LUT3 (Prop_lut3_I2_O)        0.124     7.099 r  u_apb_timer/count_reg[0]_i_1/O
                         net (fo=64, routed)          1.610     8.709    u_apb_timer/count_reg[0]_i_1_n_0
    SLICE_X76Y60         FDRE                                         r  u_apb_timer/count_reg_reg[12]/R
  -------------------------------------------------------------------    -------------------

                         (clock sys_clk_pin rise edge)
                                                      0.000     0.000 r  
    E3                                                0.000     0.000 r  clock (IN)
                         net (fo=0)                   0.000     0.000    clock
    E3                   IBUF (Prop_ibuf_I_O)         1.411     1.411 r  clock_IBUF_inst/O
                         net (fo=1, routed)           1.920     3.331    clock_IBUF
    BUFGCTRL_X0Y16       BUFG (Prop_bufg_I_O)         0.091     3.422 r  clock_IBUF_BUFG_inst/O
                         net (fo=666, routed)         1.595     5.018    u_apb_timer/clock_IBUF_BUFG
    SLICE_X76Y60         FDRE                                         r  u_apb_timer/count_reg_reg[12]/C

Slack:                    inf
  Source:                 resetn
                            (input port)
  Destination:            u_apb_timer/count_reg_reg[13]/R
                            (rising edge-triggered cell FDRE clocked by sys_clk_pin  {rise@0.000ns fall@5.000ns period=10.000ns})
  Path Group:             (none)
  Path Type:              Setup (Max at Slow Process Corner)
  Data Path Delay:        8.709ns  (logic 1.631ns (18.727%)  route 7.078ns (81.273%))
  Logic Levels:           2  (IBUF=1 LUT3=1)
  Clock Path Skew:        5.018ns (DCD - SCD + CPR)
    Destination Clock Delay (DCD):    5.018ns
    Source Clock Delay      (SCD):    0.000ns
    Clock Pessimism Removal (CPR):    0.000ns
  Clock Uncertainty:      0.025ns  ((TSJ^2 + TIJ^2)^1/2 + DJ) / 2 + PE
    Total System Jitter     (TSJ):    0.050ns
    Total Input Jitter      (TIJ):    0.000ns
    Discrete Jitter          (DJ):    0.000ns
    Phase Error              (PE):    0.000ns

    Location             Delay type                Incr(ns)  Path(ns)    Netlist Resource(s)
  -------------------------------------------------------------------    -------------------
    C12                                               0.000     0.000 f  resetn (IN)
                         net (fo=0)                   0.000     0.000    resetn
    C12                  IBUF (Prop_ibuf_I_O)         1.507     1.507 f  resetn_IBUF_inst/O
                         net (fo=10, routed)          5.468     6.975    u_apb_timer/resetn_IBUF
    SLICE_X75Y71         LUT3 (Prop_lut3_I2_O)        0.124     7.099 r  u_apb_timer/count_reg[0]_i_1/O
                         net (fo=64, routed)          1.610     8.709    u_apb_timer/count_reg[0]_i_1_n_0
    SLICE_X76Y60         FDRE                                         r  u_apb_timer/count_reg_reg[13]/R
  -------------------------------------------------------------------    -------------------

                         (clock sys_clk_pin rise edge)
                                                      0.000     0.000 r  
    E3                                                0.000     0.000 r  clock (IN)
                         net (fo=0)                   0.000     0.000    clock
    E3                   IBUF (Prop_ibuf_I_O)         1.411     1.411 r  clock_IBUF_inst/O
                         net (fo=1, routed)           1.920     3.331    clock_IBUF
    BUFGCTRL_X0Y16       BUFG (Prop_bufg_I_O)         0.091     3.422 r  clock_IBUF_BUFG_inst/O
                         net (fo=666, routed)         1.595     5.018    u_apb_timer/clock_IBUF_BUFG
    SLICE_X76Y60         FDRE                                         r  u_apb_timer/count_reg_reg[13]/C





Min Delay Paths
--------------------------------------------------------------------------------------
Slack:                    inf
  Source:                 switches[8]
                            (input port)
  Destination:            your_instance_name/inst/iomodule_0/U0/Using_IO_Bus.io_bus_read_data_reg[8]/D
                            (rising edge-triggered cell FDRE clocked by sys_clk_pin  {rise@0.000ns fall@5.000ns period=10.000ns})
  Path Group:             (none)
  Path Type:              Hold (Min at Fast Process Corner)
  Data Path Delay:        1.396ns  (logic 0.347ns (24.833%)  route 1.050ns (75.167%))
  Logic Levels:           4  (IBUF=1 LUT2=1 LUT6=2)
  Clock Path Skew:        2.030ns (DCD - SCD - CPR)
    Destination Clock Delay (DCD):    2.030ns
    Source Clock Delay      (SCD):    0.000ns
    Clock Pessimism Removal (CPR):    -0.000ns

    Location             Delay type                Incr(ns)  Path(ns)    Netlist Resource(s)
  -------------------------------------------------------------------    -------------------
    T8                                                0.000     0.000 r  switches[8] (IN)
                         net (fo=0)                   0.000     0.000    switches[8]
    T8                   IBUF (Prop_ibuf_I_O)         0.211     0.211 r  switches_IBUF[8]_inst/O
                         net (fo=1, routed)           0.787     0.998    switches_IBUF[8]
    SLICE_X77Y63         LUT6 (Prop_lut6_I5_O)        0.045     1.043 r  u_apb_interconnect_i_40/O
                         net (fo=1, routed)           0.127     1.170    u_apb_interconnect/SpRDATA[0][8]
    SLICE_X75Y63         LUT6 (Prop_lut6_I1_O)        0.045     1.215 r  u_apb_interconnect/MpRDATA[8]_INST_0/O
                         net (fo=1, routed)           0.135     1.350    apb_bridge_inst/pRDATA[8]
    SLICE_X75Y63         LUT2 (Prop_lut2_I0_O)        0.046     1.396 r  apb_bridge_inst/io_read_data[8]_INST_0/O
                         net (fo=1, routed)           0.000     1.396    your_instance_name/inst/iomodule_0/U0/IO_Read_Data[8]
    SLICE_X75Y63         FDRE                                         r  your_instance_name/inst/iomodule_0/U0/Using_IO_Bus.io_bus_read_data_reg[8]/D
  -------------------------------------------------------------------    -------------------

                         (clock sys_clk_pin rise edge)
                                                      0.000     0.000 r  
    E3                                                0.000     0.000 r  clock (IN)
                         net (fo=0)                   0.000     0.000    clock
    E3                   IBUF (Prop_ibuf_I_O)         0.438     0.438 r  clock_IBUF_inst/O
                         net (fo=1, routed)           0.699     1.136    clock_IBUF
    BUFGCTRL_X0Y16       BUFG (Prop_bufg_I_O)         0.029     1.165 r  clock_IBUF_BUFG_inst/O
                         net (fo=666, routed)         0.865     2.030    your_instance_name/inst/iomodule_0/U0/Clk
    SLICE_X75Y63         FDRE                                         r  your_instance_name/inst/iomodule_0/U0/Using_IO_Bus.io_bus_read_data_reg[8]/C

Slack:                    inf
  Source:                 switches[9]
                            (input port)
  Destination:            your_instance_name/inst/iomodule_0/U0/Using_IO_Bus.io_bus_read_data_reg[9]/D
                            (rising edge-triggered cell FDRE clocked by sys_clk_pin  {rise@0.000ns fall@5.000ns period=10.000ns})
  Path Group:             (none)
  Path Type:              Hold (Min at Fast Process Corner)
  Data Path Delay:        1.527ns  (logic 0.334ns (21.858%)  route 1.193ns (78.142%))
  Logic Levels:           4  (IBUF=1 LUT2=1 LUT6=2)
  Clock Path Skew:        2.033ns (DCD - SCD - CPR)
    Destination Clock Delay (DCD):    2.033ns
    Source Clock Delay      (SCD):    0.000ns
    Clock Pessimism Removal (CPR):    -0.000ns

    Location             Delay type                Incr(ns)  Path(ns)    Netlist Resource(s)
  -------------------------------------------------------------------    -------------------
    U8                                                0.000     0.000 r  switches[9] (IN)
                         net (fo=0)                   0.000     0.000    switches[9]
    U8                   IBUF (Prop_ibuf_I_O)         0.196     0.196 r  switches_IBUF[9]_inst/O
                         net (fo=1, routed)           0.762     0.958    switches_IBUF[9]
    SLICE_X77Y60         LUT6 (Prop_lut6_I5_O)        0.045     1.003 r  u_apb_interconnect_i_39/O
                         net (fo=1, routed)           0.277     1.280    u_apb_interconnect/SpRDATA[0][9]
    SLICE_X77Y61         LUT6 (Prop_lut6_I1_O)        0.045     1.325 r  u_apb_interconnect/MpRDATA[9]_INST_0/O
                         net (fo=1, routed)           0.154     1.479    apb_bridge_inst/pRDATA[9]
    SLICE_X77Y61         LUT2 (Prop_lut2_I1_O)        0.048     1.527 r  apb_bridge_inst/io_read_data[9]_INST_0/O
                         net (fo=1, routed)           0.000     1.527    your_instance_name/inst/iomodule_0/U0/IO_Read_Data[9]
    SLICE_X77Y61         FDRE                                         r  your_instance_name/inst/iomodule_0/U0/Using_IO_Bus.io_bus_read_data_reg[9]/D
  -------------------------------------------------------------------    -------------------

                         (clock sys_clk_pin rise edge)
                                                      0.000     0.000 r  
    E3                                                0.000     0.000 r  clock (IN)
                         net (fo=0)                   0.000     0.000    clock
    E3                   IBUF (Prop_ibuf_I_O)         0.438     0.438 r  clock_IBUF_inst/O
                         net (fo=1, routed)           0.699     1.136    clock_IBUF
    BUFGCTRL_X0Y16       BUFG (Prop_bufg_I_O)         0.029     1.165 r  clock_IBUF_BUFG_inst/O
                         net (fo=666, routed)         0.868     2.033    your_instance_name/inst/iomodule_0/U0/Clk
    SLICE_X77Y61         FDRE                                         r  your_instance_name/inst/iomodule_0/U0/Using_IO_Bus.io_bus_read_data_reg[9]/C

Slack:                    inf
  Source:                 switches[12]
                            (input port)
  Destination:            your_instance_name/inst/iomodule_0/U0/Using_IO_Bus.io_bus_read_data_reg[12]/D
                            (rising edge-triggered cell FDRE clocked by sys_clk_pin  {rise@0.000ns fall@5.000ns period=10.000ns})
  Path Group:             (none)
  Path Type:              Hold (Min at Fast Process Corner)
  Data Path Delay:        1.686ns  (logic 0.370ns (21.913%)  route 1.317ns (78.087%))
  Logic Levels:           4  (IBUF=1 LUT2=1 LUT6=2)
  Clock Path Skew:        2.031ns (DCD - SCD - CPR)
    Destination Clock Delay (DCD):    2.031ns
    Source Clock Delay      (SCD):    0.000ns
    Clock Pessimism Removal (CPR):    -0.000ns

    Location             Delay type                Incr(ns)  Path(ns)    Netlist Resource(s)
  -------------------------------------------------------------------    -------------------
    H6                                                0.000     0.000 r  switches[12] (IN)
                         net (fo=0)                   0.000     0.000    switches[12]
    H6                   IBUF (Prop_ibuf_I_O)         0.235     0.235 r  switches_IBUF[12]_inst/O
                         net (fo=1, routed)           1.024     1.259    switches_IBUF[12]
    SLICE_X77Y66         LUT6 (Prop_lut6_I5_O)        0.045     1.304 r  u_apb_interconnect_i_36/O
                         net (fo=1, routed)           0.108     1.412    u_apb_interconnect/SpRDATA[0][12]
    SLICE_X77Y65         LUT6 (Prop_lut6_I1_O)        0.045     1.457 r  u_apb_interconnect/MpRDATA[12]_INST_0/O
                         net (fo=1, routed)           0.185     1.641    apb_bridge_inst/pRDATA[12]
    SLICE_X75Y62         LUT2 (Prop_lut2_I1_O)        0.045     1.686 r  apb_bridge_inst/io_read_data[12]_INST_0/O
                         net (fo=1, routed)           0.000     1.686    your_instance_name/inst/iomodule_0/U0/IO_Read_Data[12]
    SLICE_X75Y62         FDRE                                         r  your_instance_name/inst/iomodule_0/U0/Using_IO_Bus.io_bus_read_data_reg[12]/D
  -------------------------------------------------------------------    -------------------

                         (clock sys_clk_pin rise edge)
                                                      0.000     0.000 r  
    E3                                                0.000     0.000 r  clock (IN)
                         net (fo=0)                   0.000     0.000    clock
    E3                   IBUF (Prop_ibuf_I_O)         0.438     0.438 r  clock_IBUF_inst/O
                         net (fo=1, routed)           0.699     1.136    clock_IBUF
    BUFGCTRL_X0Y16       BUFG (Prop_bufg_I_O)         0.029     1.165 r  clock_IBUF_BUFG_inst/O
                         net (fo=666, routed)         0.866     2.031    your_instance_name/inst/iomodule_0/U0/Clk
    SLICE_X75Y62         FDRE                                         r  your_instance_name/inst/iomodule_0/U0/Using_IO_Bus.io_bus_read_data_reg[12]/C

Slack:                    inf
  Source:                 switches[13]
                            (input port)
  Destination:            your_instance_name/inst/iomodule_0/U0/Using_IO_Bus.io_bus_read_data_reg[13]/D
                            (rising edge-triggered cell FDRE clocked by sys_clk_pin  {rise@0.000ns fall@5.000ns period=10.000ns})
  Path Group:             (none)
  Path Type:              Hold (Min at Fast Process Corner)
  Data Path Delay:        2.089ns  (logic 0.427ns (20.431%)  route 1.662ns (79.569%))
  Logic Levels:           4  (IBUF=1 LUT2=1 LUT6=2)
  Clock Path Skew:        2.031ns (DCD - SCD - CPR)
    Destination Clock Delay (DCD):    2.031ns
    Source Clock Delay      (SCD):    0.000ns
    Clock Pessimism Removal (CPR):    -0.000ns

    Location             Delay type                Incr(ns)  Path(ns)    Netlist Resource(s)
  -------------------------------------------------------------------    -------------------
    U12                                               0.000     0.000 r  switches[13] (IN)
                         net (fo=0)                   0.000     0.000    switches[13]
    U12                  IBUF (Prop_ibuf_I_O)         0.291     0.291 r  switches_IBUF[13]_inst/O
                         net (fo=1, routed)           1.384     1.675    switches_IBUF[13]
    SLICE_X74Y60         LUT6 (Prop_lut6_I5_O)        0.045     1.720 r  u_apb_interconnect_i_35/O
                         net (fo=1, routed)           0.143     1.863    u_apb_interconnect/SpRDATA[0][13]
    SLICE_X75Y62         LUT6 (Prop_lut6_I1_O)        0.045     1.908 r  u_apb_interconnect/MpRDATA[13]_INST_0/O
                         net (fo=1, routed)           0.135     2.043    apb_bridge_inst/pRDATA[13]
    SLICE_X75Y62         LUT2 (Prop_lut2_I1_O)        0.046     2.089 r  apb_bridge_inst/io_read_data[13]_INST_0/O
                         net (fo=1, routed)           0.000     2.089    your_instance_name/inst/iomodule_0/U0/IO_Read_Data[13]
    SLICE_X75Y62         FDRE                                         r  your_instance_name/inst/iomodule_0/U0/Using_IO_Bus.io_bus_read_data_reg[13]/D
  -------------------------------------------------------------------    -------------------

                         (clock sys_clk_pin rise edge)
                                                      0.000     0.000 r  
    E3                                                0.000     0.000 r  clock (IN)
                         net (fo=0)                   0.000     0.000    clock
    E3                   IBUF (Prop_ibuf_I_O)         0.438     0.438 r  clock_IBUF_inst/O
                         net (fo=1, routed)           0.699     1.136    clock_IBUF
    BUFGCTRL_X0Y16       BUFG (Prop_bufg_I_O)         0.029     1.165 r  clock_IBUF_BUFG_inst/O
                         net (fo=666, routed)         0.866     2.031    your_instance_name/inst/iomodule_0/U0/Clk
    SLICE_X75Y62         FDRE                                         r  your_instance_name/inst/iomodule_0/U0/Using_IO_Bus.io_bus_read_data_reg[13]/C

Slack:                    inf
  Source:                 switches[6]
                            (input port)
  Destination:            your_instance_name/inst/iomodule_0/U0/Using_IO_Bus.io_bus_read_data_reg[6]/D
                            (rising edge-triggered cell FDRE clocked by sys_clk_pin  {rise@0.000ns fall@5.000ns period=10.000ns})
  Path Group:             (none)
  Path Type:              Hold (Min at Fast Process Corner)
  Data Path Delay:        2.263ns  (logic 0.397ns (17.536%)  route 1.866ns (82.464%))
  Logic Levels:           4  (IBUF=1 LUT2=1 LUT6=2)
  Clock Path Skew:        2.028ns (DCD - SCD - CPR)
    Destination Clock Delay (DCD):    2.028ns
    Source Clock Delay      (SCD):    0.000ns
    Clock Pessimism Removal (CPR):    -0.000ns

    Location             Delay type                Incr(ns)  Path(ns)    Netlist Resource(s)
  -------------------------------------------------------------------    -------------------
    U18                                               0.000     0.000 r  switches[6] (IN)
                         net (fo=0)                   0.000     0.000    switches[6]
    U18                  IBUF (Prop_ibuf_I_O)         0.262     0.262 r  switches_IBUF[6]_inst/O
                         net (fo=1, routed)           1.533     1.794    switches_IBUF[6]
    SLICE_X74Y64         LUT6 (Prop_lut6_I5_O)        0.045     1.839 r  u_apb_interconnect_i_42/O
                         net (fo=1, routed)           0.199     2.038    u_apb_interconnect/SpRDATA[0][6]
    SLICE_X73Y62         LUT6 (Prop_lut6_I1_O)        0.045     2.083 r  u_apb_interconnect/MpRDATA[6]_INST_0/O
                         net (fo=1, routed)           0.135     2.218    apb_bridge_inst/pRDATA[6]
    SLICE_X73Y62         LUT2 (Prop_lut2_I0_O)        0.045     2.263 r  apb_bridge_inst/io_read_data[6]_INST_0/O
                         net (fo=1, routed)           0.000     2.263    your_instance_name/inst/iomodule_0/U0/IO_Read_Data[6]
    SLICE_X73Y62         FDRE                                         r  your_instance_name/inst/iomodule_0/U0/Using_IO_Bus.io_bus_read_data_reg[6]/D
  -------------------------------------------------------------------    -------------------

                         (clock sys_clk_pin rise edge)
                                                      0.000     0.000 r  
    E3                                                0.000     0.000 r  clock (IN)
                         net (fo=0)                   0.000     0.000    clock
    E3                   IBUF (Prop_ibuf_I_O)         0.438     0.438 r  clock_IBUF_inst/O
                         net (fo=1, routed)           0.699     1.136    clock_IBUF
    BUFGCTRL_X0Y16       BUFG (Prop_bufg_I_O)         0.029     1.165 r  clock_IBUF_BUFG_inst/O
                         net (fo=666, routed)         0.863     2.028    your_instance_name/inst/iomodule_0/U0/Clk
    SLICE_X73Y62         FDRE                                         r  your_instance_name/inst/iomodule_0/U0/Using_IO_Bus.io_bus_read_data_reg[6]/C

Slack:                    inf
  Source:                 switches[10]
                            (input port)
  Destination:            your_instance_name/inst/iomodule_0/U0/Using_IO_Bus.io_bus_read_data_reg[10]/D
                            (rising edge-triggered cell FDRE clocked by sys_clk_pin  {rise@0.000ns fall@5.000ns period=10.000ns})
  Path Group:             (none)
  Path Type:              Hold (Min at Fast Process Corner)
  Data Path Delay:        2.273ns  (logic 0.385ns (16.935%)  route 1.888ns (83.065%))
  Logic Levels:           4  (IBUF=1 LUT2=1 LUT6=2)
  Clock Path Skew:        2.030ns (DCD - SCD - CPR)
    Destination Clock Delay (DCD):    2.030ns
    Source Clock Delay      (SCD):    0.000ns
    Clock Pessimism Removal (CPR):    -0.000ns

    Location             Delay type                Incr(ns)  Path(ns)    Netlist Resource(s)
  -------------------------------------------------------------------    -------------------
    R16                                               0.000     0.000 r  switches[10] (IN)
                         net (fo=0)                   0.000     0.000    switches[10]
    R16                  IBUF (Prop_ibuf_I_O)         0.250     0.250 r  switches_IBUF[10]_inst/O
                         net (fo=1, routed)           1.482     1.732    switches_IBUF[10]
    SLICE_X74Y69         LUT6 (Prop_lut6_I5_O)        0.045     1.777 r  u_apb_interconnect_i_38/O
                         net (fo=1, routed)           0.144     1.920    u_apb_interconnect/SpRDATA[0][10]
    SLICE_X75Y67         LUT6 (Prop_lut6_I1_O)        0.045     1.965 r  u_apb_interconnect/MpRDATA[10]_INST_0/O
                         net (fo=1, routed)           0.263     2.228    apb_bridge_inst/pRDATA[10]
    SLICE_X75Y63         LUT2 (Prop_lut2_I0_O)        0.045     2.273 r  apb_bridge_inst/io_read_data[10]_INST_0/O
                         net (fo=1, routed)           0.000     2.273    your_instance_name/inst/iomodule_0/U0/IO_Read_Data[10]
    SLICE_X75Y63         FDRE                                         r  your_instance_name/inst/iomodule_0/U0/Using_IO_Bus.io_bus_read_data_reg[10]/D
  -------------------------------------------------------------------    -------------------

                         (clock sys_clk_pin rise edge)
                                                      0.000     0.000 r  
    E3                                                0.000     0.000 r  clock (IN)
                         net (fo=0)                   0.000     0.000    clock
    E3                   IBUF (Prop_ibuf_I_O)         0.438     0.438 r  clock_IBUF_inst/O
                         net (fo=1, routed)           0.699     1.136    clock_IBUF
    BUFGCTRL_X0Y16       BUFG (Prop_bufg_I_O)         0.029     1.165 r  clock_IBUF_BUFG_inst/O
                         net (fo=666, routed)         0.865     2.030    your_instance_name/inst/iomodule_0/U0/Clk
    SLICE_X75Y63         FDRE                                         r  your_instance_name/inst/iomodule_0/U0/Using_IO_Bus.io_bus_read_data_reg[10]/C

Slack:                    inf
  Source:                 switches[3]
                            (input port)
  Destination:            your_instance_name/inst/iomodule_0/U0/Using_IO_Bus.io_bus_read_data_reg[3]/D
                            (rising edge-triggered cell FDRE clocked by sys_clk_pin  {rise@0.000ns fall@5.000ns period=10.000ns})
  Path Group:             (none)
  Path Type:              Hold (Min at Fast Process Corner)
  Data Path Delay:        2.281ns  (logic 0.380ns (16.663%)  route 1.901ns (83.337%))
  Logic Levels:           4  (IBUF=1 LUT2=1 LUT6=2)
  Clock Path Skew:        2.029ns (DCD - SCD - CPR)
    Destination Clock Delay (DCD):    2.029ns
    Source Clock Delay      (SCD):    0.000ns
    Clock Pessimism Removal (CPR):    -0.000ns

    Location             Delay type                Incr(ns)  Path(ns)    Netlist Resource(s)
  -------------------------------------------------------------------    -------------------
    R15                                               0.000     0.000 r  switches[3] (IN)
                         net (fo=0)                   0.000     0.000    switches[3]
    R15                  IBUF (Prop_ibuf_I_O)         0.245     0.245 r  switches_IBUF[3]_inst/O
                         net (fo=1, routed)           1.548     1.793    switches_IBUF[3]
    SLICE_X74Y66         LUT6 (Prop_lut6_I5_O)        0.045     1.838 r  u_apb_interconnect_i_45/O
                         net (fo=1, routed)           0.217     2.056    u_apb_interconnect/SpRDATA[0][3]
    SLICE_X75Y65         LUT6 (Prop_lut6_I1_O)        0.045     2.101 r  u_apb_interconnect/MpRDATA[3]_INST_0/O
                         net (fo=1, routed)           0.135     2.236    apb_bridge_inst/pRDATA[3]
    SLICE_X75Y65         LUT2 (Prop_lut2_I0_O)        0.045     2.281 r  apb_bridge_inst/io_read_data[3]_INST_0/O
                         net (fo=1, routed)           0.000     2.281    your_instance_name/inst/iomodule_0/U0/IO_Read_Data[3]
    SLICE_X75Y65         FDRE                                         r  your_instance_name/inst/iomodule_0/U0/Using_IO_Bus.io_bus_read_data_reg[3]/D
  -------------------------------------------------------------------    -------------------

                         (clock sys_clk_pin rise edge)
                                                      0.000     0.000 r  
    E3                                                0.000     0.000 r  clock (IN)
                         net (fo=0)                   0.000     0.000    clock
    E3                   IBUF (Prop_ibuf_I_O)         0.438     0.438 r  clock_IBUF_inst/O
                         net (fo=1, routed)           0.699     1.136    clock_IBUF
    BUFGCTRL_X0Y16       BUFG (Prop_bufg_I_O)         0.029     1.165 r  clock_IBUF_BUFG_inst/O
                         net (fo=666, routed)         0.864     2.029    your_instance_name/inst/iomodule_0/U0/Clk
    SLICE_X75Y65         FDRE                                         r  your_instance_name/inst/iomodule_0/U0/Using_IO_Bus.io_bus_read_data_reg[3]/C

Slack:                    inf
  Source:                 switches[14]
                            (input port)
  Destination:            your_instance_name/inst/iomodule_0/U0/Using_IO_Bus.io_bus_read_data_reg[14]/D
                            (rising edge-triggered cell FDRE clocked by sys_clk_pin  {rise@0.000ns fall@5.000ns period=10.000ns})
  Path Group:             (none)
  Path Type:              Hold (Min at Fast Process Corner)
  Data Path Delay:        2.305ns  (logic 0.412ns (17.890%)  route 1.893ns (82.110%))
  Logic Levels:           4  (IBUF=1 LUT2=1 LUT6=2)
  Clock Path Skew:        2.033ns (DCD - SCD - CPR)
    Destination Clock Delay (DCD):    2.033ns
    Source Clock Delay      (SCD):    0.000ns
    Clock Pessimism Removal (CPR):    -0.000ns

    Location             Delay type                Incr(ns)  Path(ns)    Netlist Resource(s)
  -------------------------------------------------------------------    -------------------
    U11                                               0.000     0.000 r  switches[14] (IN)
                         net (fo=0)                   0.000     0.000    switches[14]
    U11                  IBUF (Prop_ibuf_I_O)         0.277     0.277 r  switches_IBUF[14]_inst/O
                         net (fo=1, routed)           1.529     1.807    switches_IBUF[14]
    SLICE_X74Y61         LUT6 (Prop_lut6_I5_O)        0.045     1.852 r  u_apb_interconnect_i_34/O
                         net (fo=1, routed)           0.224     2.076    u_apb_interconnect/SpRDATA[0][14]
    SLICE_X74Y61         LUT6 (Prop_lut6_I1_O)        0.045     2.121 r  u_apb_interconnect/MpRDATA[14]_INST_0/O
                         net (fo=1, routed)           0.140     2.260    apb_bridge_inst/pRDATA[14]
    SLICE_X74Y61         LUT2 (Prop_lut2_I1_O)        0.045     2.305 r  apb_bridge_inst/io_read_data[14]_INST_0/O
                         net (fo=1, routed)           0.000     2.305    your_instance_name/inst/iomodule_0/U0/IO_Read_Data[14]
    SLICE_X74Y61         FDRE                                         r  your_instance_name/inst/iomodule_0/U0/Using_IO_Bus.io_bus_read_data_reg[14]/D
  -------------------------------------------------------------------    -------------------

                         (clock sys_clk_pin rise edge)
                                                      0.000     0.000 r  
    E3                                                0.000     0.000 r  clock (IN)
                         net (fo=0)                   0.000     0.000    clock
    E3                   IBUF (Prop_ibuf_I_O)         0.438     0.438 r  clock_IBUF_inst/O
                         net (fo=1, routed)           0.699     1.136    clock_IBUF
    BUFGCTRL_X0Y16       BUFG (Prop_bufg_I_O)         0.029     1.165 r  clock_IBUF_BUFG_inst/O
                         net (fo=666, routed)         0.868     2.033    your_instance_name/inst/iomodule_0/U0/Clk
    SLICE_X74Y61         FDRE                                         r  your_instance_name/inst/iomodule_0/U0/Using_IO_Bus.io_bus_read_data_reg[14]/C

Slack:                    inf
  Source:                 switches[11]
                            (input port)
  Destination:            your_instance_name/inst/iomodule_0/U0/Using_IO_Bus.io_bus_read_data_reg[11]/D
                            (rising edge-triggered cell FDRE clocked by sys_clk_pin  {rise@0.000ns fall@5.000ns period=10.000ns})
  Path Group:             (none)
  Path Type:              Hold (Min at Fast Process Corner)
  Data Path Delay:        2.357ns  (logic 0.405ns (17.169%)  route 1.952ns (82.831%))
  Logic Levels:           4  (IBUF=1 LUT2=1 LUT6=2)
  Clock Path Skew:        2.033ns (DCD - SCD - CPR)
    Destination Clock Delay (DCD):    2.033ns
    Source Clock Delay      (SCD):    0.000ns
    Clock Pessimism Removal (CPR):    -0.000ns

    Location             Delay type                Incr(ns)  Path(ns)    Netlist Resource(s)
  -------------------------------------------------------------------    -------------------
    T13                                               0.000     0.000 r  switches[11] (IN)
                         net (fo=0)                   0.000     0.000    switches[11]
    T13                  IBUF (Prop_ibuf_I_O)         0.270     0.270 r  switches_IBUF[11]_inst/O
                         net (fo=1, routed)           1.582     1.851    switches_IBUF[11]
    SLICE_X74Y60         LUT6 (Prop_lut6_I5_O)        0.045     1.896 r  u_apb_interconnect_i_37/O
                         net (fo=1, routed)           0.236     2.132    u_apb_interconnect/SpRDATA[0][11]
    SLICE_X77Y61         LUT6 (Prop_lut6_I1_O)        0.045     2.177 r  u_apb_interconnect/MpRDATA[11]_INST_0/O
                         net (fo=1, routed)           0.135     2.312    apb_bridge_inst/pRDATA[11]
    SLICE_X77Y61         LUT2 (Prop_lut2_I1_O)        0.045     2.357 r  apb_bridge_inst/io_read_data[11]_INST_0/O
                         net (fo=1, routed)           0.000     2.357    your_instance_name/inst/iomodule_0/U0/IO_Read_Data[11]
    SLICE_X77Y61         FDRE                                         r  your_instance_name/inst/iomodule_0/U0/Using_IO_Bus.io_bus_read_data_reg[11]/D
  -------------------------------------------------------------------    -------------------

                         (clock sys_clk_pin rise edge)
                                                      0.000     0.000 r  
    E3                                                0.000     0.000 r  clock (IN)
                         net (fo=0)                   0.000     0.000    clock
    E3                   IBUF (Prop_ibuf_I_O)         0.438     0.438 r  clock_IBUF_inst/O
                         net (fo=1, routed)           0.699     1.136    clock_IBUF
    BUFGCTRL_X0Y16       BUFG (Prop_bufg_I_O)         0.029     1.165 r  clock_IBUF_BUFG_inst/O
                         net (fo=666, routed)         0.868     2.033    your_instance_name/inst/iomodule_0/U0/Clk
    SLICE_X77Y61         FDRE                                         r  your_instance_name/inst/iomodule_0/U0/Using_IO_Bus.io_bus_read_data_reg[11]/C

Slack:                    inf
  Source:                 switches[15]
                            (input port)
  Destination:            your_instance_name/inst/iomodule_0/U0/Using_IO_Bus.io_bus_read_data_reg[15]/D
                            (rising edge-triggered cell FDRE clocked by sys_clk_pin  {rise@0.000ns fall@5.000ns period=10.000ns})
  Path Group:             (none)
  Path Type:              Hold (Min at Fast Process Corner)
  Data Path Delay:        2.387ns  (logic 0.430ns (17.991%)  route 1.958ns (82.009%))
  Logic Levels:           4  (IBUF=1 LUT2=1 LUT6=2)
  Clock Path Skew:        2.033ns (DCD - SCD - CPR)
    Destination Clock Delay (DCD):    2.033ns
    Source Clock Delay      (SCD):    0.000ns
    Clock Pessimism Removal (CPR):    -0.000ns

    Location             Delay type                Incr(ns)  Path(ns)    Netlist Resource(s)
  -------------------------------------------------------------------    -------------------
    V10                                               0.000     0.000 r  switches[15] (IN)
                         net (fo=0)                   0.000     0.000    switches[15]
    V10                  IBUF (Prop_ibuf_I_O)         0.292     0.292 r  switches_IBUF[15]_inst/O
                         net (fo=1, routed)           1.648     1.939    switches_IBUF[15]
    SLICE_X74Y60         LUT6 (Prop_lut6_I5_O)        0.045     1.984 r  u_apb_interconnect_i_33/O
                         net (fo=1, routed)           0.150     2.134    u_apb_interconnect/SpRDATA[0][15]
    SLICE_X74Y61         LUT6 (Prop_lut6_I1_O)        0.045     2.179 r  u_apb_interconnect/MpRDATA[15]_INST_0/O
                         net (fo=1, routed)           0.160     2.339    apb_bridge_inst/pRDATA[15]
    SLICE_X74Y61         LUT2 (Prop_lut2_I1_O)        0.048     2.387 r  apb_bridge_inst/io_read_data[15]_INST_0/O
                         net (fo=1, routed)           0.000     2.387    your_instance_name/inst/iomodule_0/U0/IO_Read_Data[15]
    SLICE_X74Y61         FDRE                                         r  your_instance_name/inst/iomodule_0/U0/Using_IO_Bus.io_bus_read_data_reg[15]/D
  -------------------------------------------------------------------    -------------------

                         (clock sys_clk_pin rise edge)
                                                      0.000     0.000 r  
    E3                                                0.000     0.000 r  clock (IN)
                         net (fo=0)                   0.000     0.000    clock
    E3                   IBUF (Prop_ibuf_I_O)         0.438     0.438 r  clock_IBUF_inst/O
                         net (fo=1, routed)           0.699     1.136    clock_IBUF
    BUFGCTRL_X0Y16       BUFG (Prop_bufg_I_O)         0.029     1.165 r  clock_IBUF_BUFG_inst/O
                         net (fo=666, routed)         0.868     2.033    your_instance_name/inst/iomodule_0/U0/Clk
    SLICE_X74Y61         FDRE                                         r  your_instance_name/inst/iomodule_0/U0/Using_IO_Bus.io_bus_read_data_reg[15]/C





