Copyright 1986-2022 Xilinx, Inc. All Rights Reserved. Copyright 2022-2025 Advanced Micro Devices, Inc. All Rights Reserved.
---------------------------------------------------------------------------------------------------------------------------------------------------------------------------------------------------------------------------------
| Tool Version : Vivado v.2025.1 (win64) Build 6140274 Thu May 22 00:12:29 MDT 2025
| Date         : Thu Nov  6 08:57:45 2025
| Host         : DESKTOP-K0PKL6F running 64-bit major release  (build 9200)
| Command      : report_timing_summary -max_paths 10 -routable_nets -report_unconstrained -file top_rgb_timing_summary_routed.rpt -pb top_rgb_timing_summary_routed.pb -rpx top_rgb_timing_summary_routed.rpx -warn_on_violation
| Design       : top_rgb
| Device       : 7a100t-csg324
| Speed File   : -1  PRODUCTION 1.23 2018-06-13
| Design State : Routed
---------------------------------------------------------------------------------------------------------------------------------------------------------------------------------------------------------------------------------

Timing Summary Report

------------------------------------------------------------------------------------------------
| Timer Settings
| --------------
------------------------------------------------------------------------------------------------

  Enable Multi Corner Analysis               :  Yes
  Enable Pessimism Removal                   :  Yes
  Pessimism Removal Resolution               :  Nearest Common Node
  Enable Input Delay Default Clock           :  No
  Enable Preset / Clear Arcs                 :  No
  Disable Flight Delays                      :  No
  Ignore I/O Paths                           :  No
  Timing Early Launch at Borrowing Latches   :  No
  Borrow Time for Max Delay Exceptions       :  Yes
  Merge Timing Exceptions                    :  Yes
  Inter-SLR Compensation                     :  Conservative

  Corner  Analyze    Analyze    
  Name    Max Paths  Min Paths  
  ------  ---------  ---------  
  Slow    Yes        Yes        
  Fast    Yes        Yes        


------------------------------------------------------------------------------------------------
| Report Methodology
| ------------------
------------------------------------------------------------------------------------------------

Rule       Severity  Description                    Violations  
---------  --------  -----------------------------  ----------  
TIMING-18  Warning   Missing input or output delay  4           

Note: This report is based on the most recent report_methodology run and may not be up-to-date. Run report_methodology on the current design for the latest report.



check_timing report

Table of Contents
-----------------
1. checking no_clock (0)
2. checking constant_clock (0)
3. checking pulse_width_clock (0)
4. checking unconstrained_internal_endpoints (0)
5. checking no_input_delay (1)
6. checking no_output_delay (3)
7. checking multiple_clock (0)
8. checking generated_clocks (0)
9. checking loops (0)
10. checking partial_input_delay (0)
11. checking partial_output_delay (0)
12. checking latch_loops (0)

1. checking no_clock (0)
------------------------
 There are 0 register/latch pins with no clock.


2. checking constant_clock (0)
------------------------------
 There are 0 register/latch pins with constant_clock.


3. checking pulse_width_clock (0)
---------------------------------
 There are 0 register/latch pins which need pulse_width check


4. checking unconstrained_internal_endpoints (0)
------------------------------------------------
 There are 0 pins that are not constrained for maximum delay.

 There are 0 pins that are not constrained for maximum delay due to constant clock.


5. checking no_input_delay (1)
------------------------------
 There is 1 input port with no input delay specified. (HIGH)

 There are 0 input ports with no input delay but user has a false path constraint.


6. checking no_output_delay (3)
-------------------------------
 There are 3 ports with no output delay specified. (HIGH)

 There are 0 ports with no output delay but user has a false path constraint

 There are 0 ports with no output delay but with a timing clock defined on it or propagating through it


7. checking multiple_clock (0)
------------------------------
 There are 0 register/latch pins with multiple clocks.


8. checking generated_clocks (0)
--------------------------------
 There are 0 generated clocks that are not connected to a clock source.


9. checking loops (0)
---------------------
 There are 0 combinational loops in the design.


10. checking partial_input_delay (0)
------------------------------------
 There are 0 input ports with partial input delay specified.


11. checking partial_output_delay (0)
-------------------------------------
 There are 0 ports with partial output delay specified.


12. checking latch_loops (0)
----------------------------
 There are 0 combinational latch loops in the design through latch input



------------------------------------------------------------------------------------------------
| Design Timing Summary
| ---------------------
------------------------------------------------------------------------------------------------

    WNS(ns)      TNS(ns)  TNS Failing Endpoints  TNS Total Endpoints      WHS(ns)      THS(ns)  THS Failing Endpoints  THS Total Endpoints     WPWS(ns)     TPWS(ns)  TPWS Failing Endpoints  TPWS Total Endpoints  
    -------      -------  ---------------------  -------------------      -------      -------  ---------------------  -------------------     --------     --------  ----------------------  --------------------  
      6.856        0.000                      0                   22        0.235        0.000                      0                   22        4.500        0.000                       0                    19  


All user specified timing constraints are met.


------------------------------------------------------------------------------------------------
| Clock Summary
| -------------
------------------------------------------------------------------------------------------------

Clock        Waveform(ns)       Period(ns)      Frequency(MHz)
-----        ------------       ----------      --------------
sys_clk_pin  {0.000 5.000}      10.000          100.000         


------------------------------------------------------------------------------------------------
| Intra Clock Table
| -----------------
------------------------------------------------------------------------------------------------

Clock             WNS(ns)      TNS(ns)  TNS Failing Endpoints  TNS Total Endpoints      WHS(ns)      THS(ns)  THS Failing Endpoints  THS Total Endpoints     WPWS(ns)     TPWS(ns)  TPWS Failing Endpoints  TPWS Total Endpoints  
-----             -------      -------  ---------------------  -------------------      -------      -------  ---------------------  -------------------     --------     --------  ----------------------  --------------------  
sys_clk_pin         6.856        0.000                      0                   22        0.235        0.000                      0                   22        4.500        0.000                       0                    19  


------------------------------------------------------------------------------------------------
| Inter Clock Table
| -----------------
------------------------------------------------------------------------------------------------

From Clock    To Clock          WNS(ns)      TNS(ns)  TNS Failing Endpoints  TNS Total Endpoints      WHS(ns)      THS(ns)  THS Failing Endpoints  THS Total Endpoints  
----------    --------          -------      -------  ---------------------  -------------------      -------      -------  ---------------------  -------------------  


------------------------------------------------------------------------------------------------
| Other Path Groups Table
| -----------------------
------------------------------------------------------------------------------------------------

Path Group    From Clock    To Clock          WNS(ns)      TNS(ns)  TNS Failing Endpoints  TNS Total Endpoints      WHS(ns)      THS(ns)  THS Failing Endpoints  THS Total Endpoints  
----------    ----------    --------          -------      -------  ---------------------  -------------------      -------      -------  ---------------------  -------------------  


------------------------------------------------------------------------------------------------
| User Ignored Path Table
| -----------------------
------------------------------------------------------------------------------------------------

Path Group    From Clock    To Clock    
----------    ----------    --------    


------------------------------------------------------------------------------------------------
| Unconstrained Path Table
| ------------------------
------------------------------------------------------------------------------------------------

Path Group    From Clock    To Clock    
----------    ----------    --------    
(none)                                    
(none)        sys_clk_pin                 
(none)                      sys_clk_pin   


------------------------------------------------------------------------------------------------
| Timing Details
| --------------
------------------------------------------------------------------------------------------------


---------------------------------------------------------------------------------------------------
From Clock:  sys_clk_pin
  To Clock:  sys_clk_pin

Setup :            0  Failing Endpoints,  Worst Slack        6.856ns,  Total Violation        0.000ns
Hold  :            0  Failing Endpoints,  Worst Slack        0.235ns,  Total Violation        0.000ns
PW    :            0  Failing Endpoints,  Worst Slack        4.500ns,  Total Violation        0.000ns
---------------------------------------------------------------------------------------------------


Max Delay Paths
--------------------------------------------------------------------------------------
Slack (MET) :             6.856ns  (required time - arrival time)
  Source:                 u_pwm/prescaler_cnt_reg[2]/C
                            (rising edge-triggered cell FDCE clocked by sys_clk_pin  {rise@0.000ns fall@5.000ns period=10.000ns})
  Destination:            u_pwm/prescaler_cnt_reg[6]/D
                            (rising edge-triggered cell FDCE clocked by sys_clk_pin  {rise@0.000ns fall@5.000ns period=10.000ns})
  Path Group:             sys_clk_pin
  Path Type:              Setup (Max at Slow Process Corner)
  Requirement:            10.000ns  (sys_clk_pin rise@10.000ns - sys_clk_pin rise@0.000ns)
  Data Path Delay:        3.116ns  (logic 1.767ns (56.715%)  route 1.349ns (43.285%))
  Logic Levels:           3  (CARRY4=2 LUT6=1)
  Clock Path Skew:        -0.024ns (DCD - SCD + CPR)
    Destination Clock Delay (DCD):    5.027ns = ( 15.027 - 10.000 ) 
    Source Clock Delay      (SCD):    5.326ns
    Clock Pessimism Removal (CPR):    0.275ns
  Clock Uncertainty:      0.035ns  ((TSJ^2 + TIJ^2)^1/2 + DJ) / 2 + PE
    Total System Jitter     (TSJ):    0.071ns
    Total Input Jitter      (TIJ):    0.000ns
    Discrete Jitter          (DJ):    0.000ns
    Phase Error              (PE):    0.000ns

    Location             Delay type                Incr(ns)  Path(ns)    Netlist Resource(s)
  -------------------------------------------------------------------    -------------------
                         (clock sys_clk_pin rise edge)
                                                      0.000     0.000 r  
    E3                                                0.000     0.000 r  clk (IN)
                         net (fo=0)                   0.000     0.000    clk
    E3                   IBUF (Prop_ibuf_I_O)         1.482     1.482 r  clk_IBUF_inst/O
                         net (fo=1, routed)           2.025     3.506    clk_IBUF
    BUFGCTRL_X0Y16       BUFG (Prop_bufg_I_O)         0.096     3.602 r  clk_IBUF_BUFG_inst/O
                         net (fo=18, routed)          1.723     5.326    u_pwm/clk_IBUF_BUFG
    SLICE_X0Y90          FDCE                                         r  u_pwm/prescaler_cnt_reg[2]/C
  -------------------------------------------------------------------    -------------------
    SLICE_X0Y90          FDCE (Prop_fdce_C_Q)         0.456     5.782 r  u_pwm/prescaler_cnt_reg[2]/Q
                         net (fo=15, routed)          0.544     6.326    u_pwm/prescaler_cnt[2]
    SLICE_X1Y91          CARRY4 (Prop_carry4_S[1]_CO[3])
                                                      0.674     7.000 r  u_pwm/prescaler_cnt0_carry/CO[3]
                         net (fo=1, routed)           0.000     7.000    u_pwm/prescaler_cnt0_carry_n_0
    SLICE_X1Y92          CARRY4 (Prop_carry4_CI_O[1])
                                                      0.334     7.334 r  u_pwm/prescaler_cnt0_carry__0/O[1]
                         net (fo=1, routed)           0.805     8.138    u_pwm/data0[6]
    SLICE_X0Y92          LUT6 (Prop_lut6_I5_O)        0.303     8.441 r  u_pwm/prescaler_cnt[6]_i_1/O
                         net (fo=1, routed)           0.000     8.441    u_pwm/prescaler_cnt_0[6]
    SLICE_X0Y92          FDCE                                         r  u_pwm/prescaler_cnt_reg[6]/D
  -------------------------------------------------------------------    -------------------

                         (clock sys_clk_pin rise edge)
                                                     10.000    10.000 r  
    E3                                                0.000    10.000 r  clk (IN)
                         net (fo=0)                   0.000    10.000    clk
    E3                   IBUF (Prop_ibuf_I_O)         1.411    11.411 r  clk_IBUF_inst/O
                         net (fo=1, routed)           1.920    13.331    clk_IBUF
    BUFGCTRL_X0Y16       BUFG (Prop_bufg_I_O)         0.091    13.422 r  clk_IBUF_BUFG_inst/O
                         net (fo=18, routed)          1.604    15.027    u_pwm/clk_IBUF_BUFG
    SLICE_X0Y92          FDCE                                         r  u_pwm/prescaler_cnt_reg[6]/C
                         clock pessimism              0.275    15.302    
                         clock uncertainty           -0.035    15.266    
    SLICE_X0Y92          FDCE (Setup_fdce_C_D)        0.031    15.297    u_pwm/prescaler_cnt_reg[6]
  -------------------------------------------------------------------
                         required time                         15.297    
                         arrival time                          -8.441    
  -------------------------------------------------------------------
                         slack                                  6.856    

Slack (MET) :             6.904ns  (required time - arrival time)
  Source:                 u_pwm/prescaler_cnt_reg[2]/C
                            (rising edge-triggered cell FDCE clocked by sys_clk_pin  {rise@0.000ns fall@5.000ns period=10.000ns})
  Destination:            u_pwm/prescaler_cnt_reg[12]/D
                            (rising edge-triggered cell FDCE clocked by sys_clk_pin  {rise@0.000ns fall@5.000ns period=10.000ns})
  Path Group:             sys_clk_pin
  Path Type:              Setup (Max at Slow Process Corner)
  Requirement:            10.000ns  (sys_clk_pin rise@10.000ns - sys_clk_pin rise@0.000ns)
  Data Path Delay:        3.069ns  (logic 1.863ns (60.706%)  route 1.206ns (39.294%))
  Logic Levels:           4  (CARRY4=3 LUT6=1)
  Clock Path Skew:        -0.023ns (DCD - SCD + CPR)
    Destination Clock Delay (DCD):    5.028ns = ( 15.028 - 10.000 ) 
    Source Clock Delay      (SCD):    5.326ns
    Clock Pessimism Removal (CPR):    0.275ns
  Clock Uncertainty:      0.035ns  ((TSJ^2 + TIJ^2)^1/2 + DJ) / 2 + PE
    Total System Jitter     (TSJ):    0.071ns
    Total Input Jitter      (TIJ):    0.000ns
    Discrete Jitter          (DJ):    0.000ns
    Phase Error              (PE):    0.000ns

    Location             Delay type                Incr(ns)  Path(ns)    Netlist Resource(s)
  -------------------------------------------------------------------    -------------------
                         (clock sys_clk_pin rise edge)
                                                      0.000     0.000 r  
    E3                                                0.000     0.000 r  clk (IN)
                         net (fo=0)                   0.000     0.000    clk
    E3                   IBUF (Prop_ibuf_I_O)         1.482     1.482 r  clk_IBUF_inst/O
                         net (fo=1, routed)           2.025     3.506    clk_IBUF
    BUFGCTRL_X0Y16       BUFG (Prop_bufg_I_O)         0.096     3.602 r  clk_IBUF_BUFG_inst/O
                         net (fo=18, routed)          1.723     5.326    u_pwm/clk_IBUF_BUFG
    SLICE_X0Y90          FDCE                                         r  u_pwm/prescaler_cnt_reg[2]/C
  -------------------------------------------------------------------    -------------------
    SLICE_X0Y90          FDCE (Prop_fdce_C_Q)         0.456     5.782 r  u_pwm/prescaler_cnt_reg[2]/Q
                         net (fo=15, routed)          0.544     6.326    u_pwm/prescaler_cnt[2]
    SLICE_X1Y91          CARRY4 (Prop_carry4_S[1]_CO[3])
                                                      0.674     7.000 r  u_pwm/prescaler_cnt0_carry/CO[3]
                         net (fo=1, routed)           0.000     7.000    u_pwm/prescaler_cnt0_carry_n_0
    SLICE_X1Y92          CARRY4 (Prop_carry4_CI_CO[3])
                                                      0.114     7.114 r  u_pwm/prescaler_cnt0_carry__0/CO[3]
                         net (fo=1, routed)           0.000     7.114    u_pwm/prescaler_cnt0_carry__0_n_0
    SLICE_X1Y93          CARRY4 (Prop_carry4_CI_O[3])
                                                      0.313     7.427 r  u_pwm/prescaler_cnt0_carry__1/O[3]
                         net (fo=1, routed)           0.662     8.089    u_pwm/data0[12]
    SLICE_X0Y93          LUT6 (Prop_lut6_I5_O)        0.306     8.395 r  u_pwm/prescaler_cnt[12]_i_1/O
                         net (fo=1, routed)           0.000     8.395    u_pwm/prescaler_cnt_0[12]
    SLICE_X0Y93          FDCE                                         r  u_pwm/prescaler_cnt_reg[12]/D
  -------------------------------------------------------------------    -------------------

                         (clock sys_clk_pin rise edge)
                                                     10.000    10.000 r  
    E3                                                0.000    10.000 r  clk (IN)
                         net (fo=0)                   0.000    10.000    clk
    E3                   IBUF (Prop_ibuf_I_O)         1.411    11.411 r  clk_IBUF_inst/O
                         net (fo=1, routed)           1.920    13.331    clk_IBUF
    BUFGCTRL_X0Y16       BUFG (Prop_bufg_I_O)         0.091    13.422 r  clk_IBUF_BUFG_inst/O
                         net (fo=18, routed)          1.605    15.028    u_pwm/clk_IBUF_BUFG
    SLICE_X0Y93          FDCE                                         r  u_pwm/prescaler_cnt_reg[12]/C
                         clock pessimism              0.275    15.303    
                         clock uncertainty           -0.035    15.267    
    SLICE_X0Y93          FDCE (Setup_fdce_C_D)        0.031    15.298    u_pwm/prescaler_cnt_reg[12]
  -------------------------------------------------------------------
                         required time                         15.298    
                         arrival time                          -8.395    
  -------------------------------------------------------------------
                         slack                                  6.904    

Slack (MET) :             6.984ns  (required time - arrival time)
  Source:                 u_pwm/prescaler_cnt_reg[2]/C
                            (rising edge-triggered cell FDCE clocked by sys_clk_pin  {rise@0.000ns fall@5.000ns period=10.000ns})
  Destination:            u_pwm/prescaler_cnt_reg[8]/D
                            (rising edge-triggered cell FDCE clocked by sys_clk_pin  {rise@0.000ns fall@5.000ns period=10.000ns})
  Path Group:             sys_clk_pin
  Path Type:              Setup (Max at Slow Process Corner)
  Requirement:            10.000ns  (sys_clk_pin rise@10.000ns - sys_clk_pin rise@0.000ns)
  Data Path Delay:        2.987ns  (logic 1.749ns (58.549%)  route 1.238ns (41.451%))
  Logic Levels:           3  (CARRY4=2 LUT6=1)
  Clock Path Skew:        -0.024ns (DCD - SCD + CPR)
    Destination Clock Delay (DCD):    5.027ns = ( 15.027 - 10.000 ) 
    Source Clock Delay      (SCD):    5.326ns
    Clock Pessimism Removal (CPR):    0.275ns
  Clock Uncertainty:      0.035ns  ((TSJ^2 + TIJ^2)^1/2 + DJ) / 2 + PE
    Total System Jitter     (TSJ):    0.071ns
    Total Input Jitter      (TIJ):    0.000ns
    Discrete Jitter          (DJ):    0.000ns
    Phase Error              (PE):    0.000ns

    Location             Delay type                Incr(ns)  Path(ns)    Netlist Resource(s)
  -------------------------------------------------------------------    -------------------
                         (clock sys_clk_pin rise edge)
                                                      0.000     0.000 r  
    E3                                                0.000     0.000 r  clk (IN)
                         net (fo=0)                   0.000     0.000    clk
    E3                   IBUF (Prop_ibuf_I_O)         1.482     1.482 r  clk_IBUF_inst/O
                         net (fo=1, routed)           2.025     3.506    clk_IBUF
    BUFGCTRL_X0Y16       BUFG (Prop_bufg_I_O)         0.096     3.602 r  clk_IBUF_BUFG_inst/O
                         net (fo=18, routed)          1.723     5.326    u_pwm/clk_IBUF_BUFG
    SLICE_X0Y90          FDCE                                         r  u_pwm/prescaler_cnt_reg[2]/C
  -------------------------------------------------------------------    -------------------
    SLICE_X0Y90          FDCE (Prop_fdce_C_Q)         0.456     5.782 r  u_pwm/prescaler_cnt_reg[2]/Q
                         net (fo=15, routed)          0.544     6.326    u_pwm/prescaler_cnt[2]
    SLICE_X1Y91          CARRY4 (Prop_carry4_S[1]_CO[3])
                                                      0.674     7.000 r  u_pwm/prescaler_cnt0_carry/CO[3]
                         net (fo=1, routed)           0.000     7.000    u_pwm/prescaler_cnt0_carry_n_0
    SLICE_X1Y92          CARRY4 (Prop_carry4_CI_O[3])
                                                      0.313     7.313 r  u_pwm/prescaler_cnt0_carry__0/O[3]
                         net (fo=1, routed)           0.694     8.007    u_pwm/data0[8]
    SLICE_X0Y92          LUT6 (Prop_lut6_I5_O)        0.306     8.313 r  u_pwm/prescaler_cnt[8]_i_1/O
                         net (fo=1, routed)           0.000     8.313    u_pwm/prescaler_cnt_0[8]
    SLICE_X0Y92          FDCE                                         r  u_pwm/prescaler_cnt_reg[8]/D
  -------------------------------------------------------------------    -------------------

                         (clock sys_clk_pin rise edge)
                                                     10.000    10.000 r  
    E3                                                0.000    10.000 r  clk (IN)
                         net (fo=0)                   0.000    10.000    clk
    E3                   IBUF (Prop_ibuf_I_O)         1.411    11.411 r  clk_IBUF_inst/O
                         net (fo=1, routed)           1.920    13.331    clk_IBUF
    BUFGCTRL_X0Y16       BUFG (Prop_bufg_I_O)         0.091    13.422 r  clk_IBUF_BUFG_inst/O
                         net (fo=18, routed)          1.604    15.027    u_pwm/clk_IBUF_BUFG
    SLICE_X0Y92          FDCE                                         r  u_pwm/prescaler_cnt_reg[8]/C
                         clock pessimism              0.275    15.302    
                         clock uncertainty           -0.035    15.266    
    SLICE_X0Y92          FDCE (Setup_fdce_C_D)        0.031    15.297    u_pwm/prescaler_cnt_reg[8]
  -------------------------------------------------------------------
                         required time                         15.297    
                         arrival time                          -8.313    
  -------------------------------------------------------------------
                         slack                                  6.984    

Slack (MET) :             6.997ns  (required time - arrival time)
  Source:                 u_pwm/prescaler_cnt_reg[2]/C
                            (rising edge-triggered cell FDCE clocked by sys_clk_pin  {rise@0.000ns fall@5.000ns period=10.000ns})
  Destination:            u_pwm/prescaler_cnt_reg[9]/D
                            (rising edge-triggered cell FDCE clocked by sys_clk_pin  {rise@0.000ns fall@5.000ns period=10.000ns})
  Path Group:             sys_clk_pin
  Path Type:              Setup (Max at Slow Process Corner)
  Requirement:            10.000ns  (sys_clk_pin rise@10.000ns - sys_clk_pin rise@0.000ns)
  Data Path Delay:        2.976ns  (logic 1.765ns (59.312%)  route 1.211ns (40.688%))
  Logic Levels:           4  (CARRY4=3 LUT6=1)
  Clock Path Skew:        -0.023ns (DCD - SCD + CPR)
    Destination Clock Delay (DCD):    5.028ns = ( 15.028 - 10.000 ) 
    Source Clock Delay      (SCD):    5.326ns
    Clock Pessimism Removal (CPR):    0.275ns
  Clock Uncertainty:      0.035ns  ((TSJ^2 + TIJ^2)^1/2 + DJ) / 2 + PE
    Total System Jitter     (TSJ):    0.071ns
    Total Input Jitter      (TIJ):    0.000ns
    Discrete Jitter          (DJ):    0.000ns
    Phase Error              (PE):    0.000ns

    Location             Delay type                Incr(ns)  Path(ns)    Netlist Resource(s)
  -------------------------------------------------------------------    -------------------
                         (clock sys_clk_pin rise edge)
                                                      0.000     0.000 r  
    E3                                                0.000     0.000 r  clk (IN)
                         net (fo=0)                   0.000     0.000    clk
    E3                   IBUF (Prop_ibuf_I_O)         1.482     1.482 r  clk_IBUF_inst/O
                         net (fo=1, routed)           2.025     3.506    clk_IBUF
    BUFGCTRL_X0Y16       BUFG (Prop_bufg_I_O)         0.096     3.602 r  clk_IBUF_BUFG_inst/O
                         net (fo=18, routed)          1.723     5.326    u_pwm/clk_IBUF_BUFG
    SLICE_X0Y90          FDCE                                         r  u_pwm/prescaler_cnt_reg[2]/C
  -------------------------------------------------------------------    -------------------
    SLICE_X0Y90          FDCE (Prop_fdce_C_Q)         0.456     5.782 r  u_pwm/prescaler_cnt_reg[2]/Q
                         net (fo=15, routed)          0.544     6.326    u_pwm/prescaler_cnt[2]
    SLICE_X1Y91          CARRY4 (Prop_carry4_S[1]_CO[3])
                                                      0.674     7.000 r  u_pwm/prescaler_cnt0_carry/CO[3]
                         net (fo=1, routed)           0.000     7.000    u_pwm/prescaler_cnt0_carry_n_0
    SLICE_X1Y92          CARRY4 (Prop_carry4_CI_CO[3])
                                                      0.114     7.114 r  u_pwm/prescaler_cnt0_carry__0/CO[3]
                         net (fo=1, routed)           0.000     7.114    u_pwm/prescaler_cnt0_carry__0_n_0
    SLICE_X1Y93          CARRY4 (Prop_carry4_CI_O[0])
                                                      0.222     7.336 r  u_pwm/prescaler_cnt0_carry__1/O[0]
                         net (fo=1, routed)           0.667     8.002    u_pwm/data0[9]
    SLICE_X0Y93          LUT6 (Prop_lut6_I5_O)        0.299     8.301 r  u_pwm/prescaler_cnt[9]_i_1/O
                         net (fo=1, routed)           0.000     8.301    u_pwm/prescaler_cnt_0[9]
    SLICE_X0Y93          FDCE                                         r  u_pwm/prescaler_cnt_reg[9]/D
  -------------------------------------------------------------------    -------------------

                         (clock sys_clk_pin rise edge)
                                                     10.000    10.000 r  
    E3                                                0.000    10.000 r  clk (IN)
                         net (fo=0)                   0.000    10.000    clk
    E3                   IBUF (Prop_ibuf_I_O)         1.411    11.411 r  clk_IBUF_inst/O
                         net (fo=1, routed)           1.920    13.331    clk_IBUF
    BUFGCTRL_X0Y16       BUFG (Prop_bufg_I_O)         0.091    13.422 r  clk_IBUF_BUFG_inst/O
                         net (fo=18, routed)          1.605    15.028    u_pwm/clk_IBUF_BUFG
    SLICE_X0Y93          FDCE                                         r  u_pwm/prescaler_cnt_reg[9]/C
                         clock pessimism              0.275    15.303    
                         clock uncertainty           -0.035    15.267    
    SLICE_X0Y93          FDCE (Setup_fdce_C_D)        0.031    15.298    u_pwm/prescaler_cnt_reg[9]
  -------------------------------------------------------------------
                         required time                         15.298    
                         arrival time                          -8.301    
  -------------------------------------------------------------------
                         slack                                  6.997    

Slack (MET) :             7.050ns  (required time - arrival time)
  Source:                 u_pwm/prescaler_cnt_reg[2]/C
                            (rising edge-triggered cell FDCE clocked by sys_clk_pin  {rise@0.000ns fall@5.000ns period=10.000ns})
  Destination:            u_pwm/prescaler_cnt_reg[10]/D
                            (rising edge-triggered cell FDCE clocked by sys_clk_pin  {rise@0.000ns fall@5.000ns period=10.000ns})
  Path Group:             sys_clk_pin
  Path Type:              Setup (Max at Slow Process Corner)
  Requirement:            10.000ns  (sys_clk_pin rise@10.000ns - sys_clk_pin rise@0.000ns)
  Data Path Delay:        2.924ns  (logic 1.881ns (64.340%)  route 1.043ns (35.660%))
  Logic Levels:           4  (CARRY4=3 LUT6=1)
  Clock Path Skew:        -0.023ns (DCD - SCD + CPR)
    Destination Clock Delay (DCD):    5.028ns = ( 15.028 - 10.000 ) 
    Source Clock Delay      (SCD):    5.326ns
    Clock Pessimism Removal (CPR):    0.275ns
  Clock Uncertainty:      0.035ns  ((TSJ^2 + TIJ^2)^1/2 + DJ) / 2 + PE
    Total System Jitter     (TSJ):    0.071ns
    Total Input Jitter      (TIJ):    0.000ns
    Discrete Jitter          (DJ):    0.000ns
    Phase Error              (PE):    0.000ns

    Location             Delay type                Incr(ns)  Path(ns)    Netlist Resource(s)
  -------------------------------------------------------------------    -------------------
                         (clock sys_clk_pin rise edge)
                                                      0.000     0.000 r  
    E3                                                0.000     0.000 r  clk (IN)
                         net (fo=0)                   0.000     0.000    clk
    E3                   IBUF (Prop_ibuf_I_O)         1.482     1.482 r  clk_IBUF_inst/O
                         net (fo=1, routed)           2.025     3.506    clk_IBUF
    BUFGCTRL_X0Y16       BUFG (Prop_bufg_I_O)         0.096     3.602 r  clk_IBUF_BUFG_inst/O
                         net (fo=18, routed)          1.723     5.326    u_pwm/clk_IBUF_BUFG
    SLICE_X0Y90          FDCE                                         r  u_pwm/prescaler_cnt_reg[2]/C
  -------------------------------------------------------------------    -------------------
    SLICE_X0Y90          FDCE (Prop_fdce_C_Q)         0.456     5.782 r  u_pwm/prescaler_cnt_reg[2]/Q
                         net (fo=15, routed)          0.544     6.326    u_pwm/prescaler_cnt[2]
    SLICE_X1Y91          CARRY4 (Prop_carry4_S[1]_CO[3])
                                                      0.674     7.000 r  u_pwm/prescaler_cnt0_carry/CO[3]
                         net (fo=1, routed)           0.000     7.000    u_pwm/prescaler_cnt0_carry_n_0
    SLICE_X1Y92          CARRY4 (Prop_carry4_CI_CO[3])
                                                      0.114     7.114 r  u_pwm/prescaler_cnt0_carry__0/CO[3]
                         net (fo=1, routed)           0.000     7.114    u_pwm/prescaler_cnt0_carry__0_n_0
    SLICE_X1Y93          CARRY4 (Prop_carry4_CI_O[1])
                                                      0.334     7.448 r  u_pwm/prescaler_cnt0_carry__1/O[1]
                         net (fo=1, routed)           0.499     7.946    u_pwm/data0[10]
    SLICE_X0Y93          LUT6 (Prop_lut6_I5_O)        0.303     8.249 r  u_pwm/prescaler_cnt[10]_i_1/O
                         net (fo=1, routed)           0.000     8.249    u_pwm/prescaler_cnt_0[10]
    SLICE_X0Y93          FDCE                                         r  u_pwm/prescaler_cnt_reg[10]/D
  -------------------------------------------------------------------    -------------------

                         (clock sys_clk_pin rise edge)
                                                     10.000    10.000 r  
    E3                                                0.000    10.000 r  clk (IN)
                         net (fo=0)                   0.000    10.000    clk
    E3                   IBUF (Prop_ibuf_I_O)         1.411    11.411 r  clk_IBUF_inst/O
                         net (fo=1, routed)           1.920    13.331    clk_IBUF
    BUFGCTRL_X0Y16       BUFG (Prop_bufg_I_O)         0.091    13.422 r  clk_IBUF_BUFG_inst/O
                         net (fo=18, routed)          1.605    15.028    u_pwm/clk_IBUF_BUFG
    SLICE_X0Y93          FDCE                                         r  u_pwm/prescaler_cnt_reg[10]/C
                         clock pessimism              0.275    15.303    
                         clock uncertainty           -0.035    15.267    
    SLICE_X0Y93          FDCE (Setup_fdce_C_D)        0.032    15.299    u_pwm/prescaler_cnt_reg[10]
  -------------------------------------------------------------------
                         required time                         15.299    
                         arrival time                          -8.249    
  -------------------------------------------------------------------
                         slack                                  7.050    

Slack (MET) :             7.133ns  (required time - arrival time)
  Source:                 u_pwm/prescaler_cnt_reg[2]/C
                            (rising edge-triggered cell FDCE clocked by sys_clk_pin  {rise@0.000ns fall@5.000ns period=10.000ns})
  Destination:            u_pwm/prescaler_cnt_reg[11]/D
                            (rising edge-triggered cell FDCE clocked by sys_clk_pin  {rise@0.000ns fall@5.000ns period=10.000ns})
  Path Group:             sys_clk_pin
  Path Type:              Setup (Max at Slow Process Corner)
  Requirement:            10.000ns  (sys_clk_pin rise@10.000ns - sys_clk_pin rise@0.000ns)
  Data Path Delay:        2.838ns  (logic 1.785ns (62.894%)  route 1.053ns (37.106%))
  Logic Levels:           4  (CARRY4=3 LUT6=1)
  Clock Path Skew:        -0.023ns (DCD - SCD + CPR)
    Destination Clock Delay (DCD):    5.028ns = ( 15.028 - 10.000 ) 
    Source Clock Delay      (SCD):    5.326ns
    Clock Pessimism Removal (CPR):    0.275ns
  Clock Uncertainty:      0.035ns  ((TSJ^2 + TIJ^2)^1/2 + DJ) / 2 + PE
    Total System Jitter     (TSJ):    0.071ns
    Total Input Jitter      (TIJ):    0.000ns
    Discrete Jitter          (DJ):    0.000ns
    Phase Error              (PE):    0.000ns

    Location             Delay type                Incr(ns)  Path(ns)    Netlist Resource(s)
  -------------------------------------------------------------------    -------------------
                         (clock sys_clk_pin rise edge)
                                                      0.000     0.000 r  
    E3                                                0.000     0.000 r  clk (IN)
                         net (fo=0)                   0.000     0.000    clk
    E3                   IBUF (Prop_ibuf_I_O)         1.482     1.482 r  clk_IBUF_inst/O
                         net (fo=1, routed)           2.025     3.506    clk_IBUF
    BUFGCTRL_X0Y16       BUFG (Prop_bufg_I_O)         0.096     3.602 r  clk_IBUF_BUFG_inst/O
                         net (fo=18, routed)          1.723     5.326    u_pwm/clk_IBUF_BUFG
    SLICE_X0Y90          FDCE                                         r  u_pwm/prescaler_cnt_reg[2]/C
  -------------------------------------------------------------------    -------------------
    SLICE_X0Y90          FDCE (Prop_fdce_C_Q)         0.456     5.782 r  u_pwm/prescaler_cnt_reg[2]/Q
                         net (fo=15, routed)          0.544     6.326    u_pwm/prescaler_cnt[2]
    SLICE_X1Y91          CARRY4 (Prop_carry4_S[1]_CO[3])
                                                      0.674     7.000 r  u_pwm/prescaler_cnt0_carry/CO[3]
                         net (fo=1, routed)           0.000     7.000    u_pwm/prescaler_cnt0_carry_n_0
    SLICE_X1Y92          CARRY4 (Prop_carry4_CI_CO[3])
                                                      0.114     7.114 r  u_pwm/prescaler_cnt0_carry__0/CO[3]
                         net (fo=1, routed)           0.000     7.114    u_pwm/prescaler_cnt0_carry__0_n_0
    SLICE_X1Y93          CARRY4 (Prop_carry4_CI_O[2])
                                                      0.239     7.353 r  u_pwm/prescaler_cnt0_carry__1/O[2]
                         net (fo=1, routed)           0.509     7.862    u_pwm/data0[11]
    SLICE_X0Y93          LUT6 (Prop_lut6_I5_O)        0.302     8.164 r  u_pwm/prescaler_cnt[11]_i_1/O
                         net (fo=1, routed)           0.000     8.164    u_pwm/prescaler_cnt_0[11]
    SLICE_X0Y93          FDCE                                         r  u_pwm/prescaler_cnt_reg[11]/D
  -------------------------------------------------------------------    -------------------

                         (clock sys_clk_pin rise edge)
                                                     10.000    10.000 r  
    E3                                                0.000    10.000 r  clk (IN)
                         net (fo=0)                   0.000    10.000    clk
    E3                   IBUF (Prop_ibuf_I_O)         1.411    11.411 r  clk_IBUF_inst/O
                         net (fo=1, routed)           1.920    13.331    clk_IBUF
    BUFGCTRL_X0Y16       BUFG (Prop_bufg_I_O)         0.091    13.422 r  clk_IBUF_BUFG_inst/O
                         net (fo=18, routed)          1.605    15.028    u_pwm/clk_IBUF_BUFG
    SLICE_X0Y93          FDCE                                         r  u_pwm/prescaler_cnt_reg[11]/C
                         clock pessimism              0.275    15.303    
                         clock uncertainty           -0.035    15.267    
    SLICE_X0Y93          FDCE (Setup_fdce_C_D)        0.029    15.296    u_pwm/prescaler_cnt_reg[11]
  -------------------------------------------------------------------
                         required time                         15.296    
                         arrival time                          -8.164    
  -------------------------------------------------------------------
                         slack                                  7.133    

Slack (MET) :             7.138ns  (required time - arrival time)
  Source:                 u_pwm/prescaler_cnt_reg[2]/C
                            (rising edge-triggered cell FDCE clocked by sys_clk_pin  {rise@0.000ns fall@5.000ns period=10.000ns})
  Destination:            u_pwm/prescaler_cnt_reg[5]/D
                            (rising edge-triggered cell FDCE clocked by sys_clk_pin  {rise@0.000ns fall@5.000ns period=10.000ns})
  Path Group:             sys_clk_pin
  Path Type:              Setup (Max at Slow Process Corner)
  Requirement:            10.000ns  (sys_clk_pin rise@10.000ns - sys_clk_pin rise@0.000ns)
  Data Path Delay:        2.832ns  (logic 1.651ns (58.305%)  route 1.181ns (41.695%))
  Logic Levels:           3  (CARRY4=2 LUT6=1)
  Clock Path Skew:        -0.024ns (DCD - SCD + CPR)
    Destination Clock Delay (DCD):    5.027ns = ( 15.027 - 10.000 ) 
    Source Clock Delay      (SCD):    5.326ns
    Clock Pessimism Removal (CPR):    0.275ns
  Clock Uncertainty:      0.035ns  ((TSJ^2 + TIJ^2)^1/2 + DJ) / 2 + PE
    Total System Jitter     (TSJ):    0.071ns
    Total Input Jitter      (TIJ):    0.000ns
    Discrete Jitter          (DJ):    0.000ns
    Phase Error              (PE):    0.000ns

    Location             Delay type                Incr(ns)  Path(ns)    Netlist Resource(s)
  -------------------------------------------------------------------    -------------------
                         (clock sys_clk_pin rise edge)
                                                      0.000     0.000 r  
    E3                                                0.000     0.000 r  clk (IN)
                         net (fo=0)                   0.000     0.000    clk
    E3                   IBUF (Prop_ibuf_I_O)         1.482     1.482 r  clk_IBUF_inst/O
                         net (fo=1, routed)           2.025     3.506    clk_IBUF
    BUFGCTRL_X0Y16       BUFG (Prop_bufg_I_O)         0.096     3.602 r  clk_IBUF_BUFG_inst/O
                         net (fo=18, routed)          1.723     5.326    u_pwm/clk_IBUF_BUFG
    SLICE_X0Y90          FDCE                                         r  u_pwm/prescaler_cnt_reg[2]/C
  -------------------------------------------------------------------    -------------------
    SLICE_X0Y90          FDCE (Prop_fdce_C_Q)         0.456     5.782 r  u_pwm/prescaler_cnt_reg[2]/Q
                         net (fo=15, routed)          0.544     6.326    u_pwm/prescaler_cnt[2]
    SLICE_X1Y91          CARRY4 (Prop_carry4_S[1]_CO[3])
                                                      0.674     7.000 r  u_pwm/prescaler_cnt0_carry/CO[3]
                         net (fo=1, routed)           0.000     7.000    u_pwm/prescaler_cnt0_carry_n_0
    SLICE_X1Y92          CARRY4 (Prop_carry4_CI_O[0])
                                                      0.222     7.222 r  u_pwm/prescaler_cnt0_carry__0/O[0]
                         net (fo=1, routed)           0.637     7.858    u_pwm/data0[5]
    SLICE_X0Y92          LUT6 (Prop_lut6_I5_O)        0.299     8.157 r  u_pwm/prescaler_cnt[5]_i_1/O
                         net (fo=1, routed)           0.000     8.157    u_pwm/prescaler_cnt_0[5]
    SLICE_X0Y92          FDCE                                         r  u_pwm/prescaler_cnt_reg[5]/D
  -------------------------------------------------------------------    -------------------

                         (clock sys_clk_pin rise edge)
                                                     10.000    10.000 r  
    E3                                                0.000    10.000 r  clk (IN)
                         net (fo=0)                   0.000    10.000    clk
    E3                   IBUF (Prop_ibuf_I_O)         1.411    11.411 r  clk_IBUF_inst/O
                         net (fo=1, routed)           1.920    13.331    clk_IBUF
    BUFGCTRL_X0Y16       BUFG (Prop_bufg_I_O)         0.091    13.422 r  clk_IBUF_BUFG_inst/O
                         net (fo=18, routed)          1.604    15.027    u_pwm/clk_IBUF_BUFG
    SLICE_X0Y92          FDCE                                         r  u_pwm/prescaler_cnt_reg[5]/C
                         clock pessimism              0.275    15.302    
                         clock uncertainty           -0.035    15.266    
    SLICE_X0Y92          FDCE (Setup_fdce_C_D)        0.029    15.295    u_pwm/prescaler_cnt_reg[5]
  -------------------------------------------------------------------
                         required time                         15.295    
                         arrival time                          -8.157    
  -------------------------------------------------------------------
                         slack                                  7.138    

Slack (MET) :             7.174ns  (required time - arrival time)
  Source:                 u_pwm/prescaler_cnt_reg[2]/C
                            (rising edge-triggered cell FDCE clocked by sys_clk_pin  {rise@0.000ns fall@5.000ns period=10.000ns})
  Destination:            u_pwm/prescaler_cnt_reg[7]/D
                            (rising edge-triggered cell FDCE clocked by sys_clk_pin  {rise@0.000ns fall@5.000ns period=10.000ns})
  Path Group:             sys_clk_pin
  Path Type:              Setup (Max at Slow Process Corner)
  Requirement:            10.000ns  (sys_clk_pin rise@10.000ns - sys_clk_pin rise@0.000ns)
  Data Path Delay:        2.798ns  (logic 1.671ns (59.723%)  route 1.127ns (40.277%))
  Logic Levels:           3  (CARRY4=2 LUT6=1)
  Clock Path Skew:        -0.024ns (DCD - SCD + CPR)
    Destination Clock Delay (DCD):    5.027ns = ( 15.027 - 10.000 ) 
    Source Clock Delay      (SCD):    5.326ns
    Clock Pessimism Removal (CPR):    0.275ns
  Clock Uncertainty:      0.035ns  ((TSJ^2 + TIJ^2)^1/2 + DJ) / 2 + PE
    Total System Jitter     (TSJ):    0.071ns
    Total Input Jitter      (TIJ):    0.000ns
    Discrete Jitter          (DJ):    0.000ns
    Phase Error              (PE):    0.000ns

    Location             Delay type                Incr(ns)  Path(ns)    Netlist Resource(s)
  -------------------------------------------------------------------    -------------------
                         (clock sys_clk_pin rise edge)
                                                      0.000     0.000 r  
    E3                                                0.000     0.000 r  clk (IN)
                         net (fo=0)                   0.000     0.000    clk
    E3                   IBUF (Prop_ibuf_I_O)         1.482     1.482 r  clk_IBUF_inst/O
                         net (fo=1, routed)           2.025     3.506    clk_IBUF
    BUFGCTRL_X0Y16       BUFG (Prop_bufg_I_O)         0.096     3.602 r  clk_IBUF_BUFG_inst/O
                         net (fo=18, routed)          1.723     5.326    u_pwm/clk_IBUF_BUFG
    SLICE_X0Y90          FDCE                                         r  u_pwm/prescaler_cnt_reg[2]/C
  -------------------------------------------------------------------    -------------------
    SLICE_X0Y90          FDCE (Prop_fdce_C_Q)         0.456     5.782 r  u_pwm/prescaler_cnt_reg[2]/Q
                         net (fo=15, routed)          0.544     6.326    u_pwm/prescaler_cnt[2]
    SLICE_X1Y91          CARRY4 (Prop_carry4_S[1]_CO[3])
                                                      0.674     7.000 r  u_pwm/prescaler_cnt0_carry/CO[3]
                         net (fo=1, routed)           0.000     7.000    u_pwm/prescaler_cnt0_carry_n_0
    SLICE_X1Y92          CARRY4 (Prop_carry4_CI_O[2])
                                                      0.239     7.239 r  u_pwm/prescaler_cnt0_carry__0/O[2]
                         net (fo=1, routed)           0.583     7.822    u_pwm/data0[7]
    SLICE_X0Y91          LUT6 (Prop_lut6_I5_O)        0.302     8.124 r  u_pwm/prescaler_cnt[7]_i_1/O
                         net (fo=1, routed)           0.000     8.124    u_pwm/prescaler_cnt_0[7]
    SLICE_X0Y91          FDCE                                         r  u_pwm/prescaler_cnt_reg[7]/D
  -------------------------------------------------------------------    -------------------

                         (clock sys_clk_pin rise edge)
                                                     10.000    10.000 r  
    E3                                                0.000    10.000 r  clk (IN)
                         net (fo=0)                   0.000    10.000    clk
    E3                   IBUF (Prop_ibuf_I_O)         1.411    11.411 r  clk_IBUF_inst/O
                         net (fo=1, routed)           1.920    13.331    clk_IBUF
    BUFGCTRL_X0Y16       BUFG (Prop_bufg_I_O)         0.091    13.422 r  clk_IBUF_BUFG_inst/O
                         net (fo=18, routed)          1.604    15.027    u_pwm/clk_IBUF_BUFG
    SLICE_X0Y91          FDCE                                         r  u_pwm/prescaler_cnt_reg[7]/C
                         clock pessimism              0.275    15.302    
                         clock uncertainty           -0.035    15.266    
    SLICE_X0Y91          FDCE (Setup_fdce_C_D)        0.031    15.297    u_pwm/prescaler_cnt_reg[7]
  -------------------------------------------------------------------
                         required time                         15.297    
                         arrival time                          -8.124    
  -------------------------------------------------------------------
                         slack                                  7.174    

Slack (MET) :             7.240ns  (required time - arrival time)
  Source:                 u_pwm/prescaler_cnt_reg[2]/C
                            (rising edge-triggered cell FDCE clocked by sys_clk_pin  {rise@0.000ns fall@5.000ns period=10.000ns})
  Destination:            u_pwm/prescaler_cnt_reg[4]/D
                            (rising edge-triggered cell FDCE clocked by sys_clk_pin  {rise@0.000ns fall@5.000ns period=10.000ns})
  Path Group:             sys_clk_pin
  Path Type:              Setup (Max at Slow Process Corner)
  Requirement:            10.000ns  (sys_clk_pin rise@10.000ns - sys_clk_pin rise@0.000ns)
  Data Path Delay:        2.732ns  (logic 1.526ns (55.859%)  route 1.206ns (44.141%))
  Logic Levels:           2  (CARRY4=1 LUT6=1)
  Clock Path Skew:        -0.024ns (DCD - SCD + CPR)
    Destination Clock Delay (DCD):    5.027ns = ( 15.027 - 10.000 ) 
    Source Clock Delay      (SCD):    5.326ns
    Clock Pessimism Removal (CPR):    0.275ns
  Clock Uncertainty:      0.035ns  ((TSJ^2 + TIJ^2)^1/2 + DJ) / 2 + PE
    Total System Jitter     (TSJ):    0.071ns
    Total Input Jitter      (TIJ):    0.000ns
    Discrete Jitter          (DJ):    0.000ns
    Phase Error              (PE):    0.000ns

    Location             Delay type                Incr(ns)  Path(ns)    Netlist Resource(s)
  -------------------------------------------------------------------    -------------------
                         (clock sys_clk_pin rise edge)
                                                      0.000     0.000 r  
    E3                                                0.000     0.000 r  clk (IN)
                         net (fo=0)                   0.000     0.000    clk
    E3                   IBUF (Prop_ibuf_I_O)         1.482     1.482 r  clk_IBUF_inst/O
                         net (fo=1, routed)           2.025     3.506    clk_IBUF
    BUFGCTRL_X0Y16       BUFG (Prop_bufg_I_O)         0.096     3.602 r  clk_IBUF_BUFG_inst/O
                         net (fo=18, routed)          1.723     5.326    u_pwm/clk_IBUF_BUFG
    SLICE_X0Y90          FDCE                                         r  u_pwm/prescaler_cnt_reg[2]/C
  -------------------------------------------------------------------    -------------------
    SLICE_X0Y90          FDCE (Prop_fdce_C_Q)         0.456     5.782 r  u_pwm/prescaler_cnt_reg[2]/Q
                         net (fo=15, routed)          0.544     6.326    u_pwm/prescaler_cnt[2]
    SLICE_X1Y91          CARRY4 (Prop_carry4_S[1]_O[3])
                                                      0.764     7.090 r  u_pwm/prescaler_cnt0_carry/O[3]
                         net (fo=1, routed)           0.662     7.752    u_pwm/data0[4]
    SLICE_X0Y91          LUT6 (Prop_lut6_I5_O)        0.306     8.058 r  u_pwm/prescaler_cnt[4]_i_1/O
                         net (fo=1, routed)           0.000     8.058    u_pwm/prescaler_cnt_0[4]
    SLICE_X0Y91          FDCE                                         r  u_pwm/prescaler_cnt_reg[4]/D
  -------------------------------------------------------------------    -------------------

                         (clock sys_clk_pin rise edge)
                                                     10.000    10.000 r  
    E3                                                0.000    10.000 r  clk (IN)
                         net (fo=0)                   0.000    10.000    clk
    E3                   IBUF (Prop_ibuf_I_O)         1.411    11.411 r  clk_IBUF_inst/O
                         net (fo=1, routed)           1.920    13.331    clk_IBUF
    BUFGCTRL_X0Y16       BUFG (Prop_bufg_I_O)         0.091    13.422 r  clk_IBUF_BUFG_inst/O
                         net (fo=18, routed)          1.604    15.027    u_pwm/clk_IBUF_BUFG
    SLICE_X0Y91          FDCE                                         r  u_pwm/prescaler_cnt_reg[4]/C
                         clock pessimism              0.275    15.302    
                         clock uncertainty           -0.035    15.266    
    SLICE_X0Y91          FDCE (Setup_fdce_C_D)        0.031    15.297    u_pwm/prescaler_cnt_reg[4]
  -------------------------------------------------------------------
                         required time                         15.297    
                         arrival time                          -8.058    
  -------------------------------------------------------------------
                         slack                                  7.240    

Slack (MET) :             7.267ns  (required time - arrival time)
  Source:                 u_pwm/prescaler_cnt_reg[3]/C
                            (rising edge-triggered cell FDCE clocked by sys_clk_pin  {rise@0.000ns fall@5.000ns period=10.000ns})
  Destination:            u_pwm/prescaler_cnt_reg[2]/D
                            (rising edge-triggered cell FDCE clocked by sys_clk_pin  {rise@0.000ns fall@5.000ns period=10.000ns})
  Path Group:             sys_clk_pin
  Path Type:              Setup (Max at Slow Process Corner)
  Requirement:            10.000ns  (sys_clk_pin rise@10.000ns - sys_clk_pin rise@0.000ns)
  Data Path Delay:        2.729ns  (logic 0.704ns (25.801%)  route 2.025ns (74.199%))
  Logic Levels:           2  (LUT4=1 LUT6=1)
  Clock Path Skew:        0.000ns (DCD - SCD + CPR)
    Destination Clock Delay (DCD):    5.026ns = ( 15.026 - 10.000 ) 
    Source Clock Delay      (SCD):    5.326ns
    Clock Pessimism Removal (CPR):    0.300ns
  Clock Uncertainty:      0.035ns  ((TSJ^2 + TIJ^2)^1/2 + DJ) / 2 + PE
    Total System Jitter     (TSJ):    0.071ns
    Total Input Jitter      (TIJ):    0.000ns
    Discrete Jitter          (DJ):    0.000ns
    Phase Error              (PE):    0.000ns

    Location             Delay type                Incr(ns)  Path(ns)    Netlist Resource(s)
  -------------------------------------------------------------------    -------------------
                         (clock sys_clk_pin rise edge)
                                                      0.000     0.000 r  
    E3                                                0.000     0.000 r  clk (IN)
                         net (fo=0)                   0.000     0.000    clk
    E3                   IBUF (Prop_ibuf_I_O)         1.482     1.482 r  clk_IBUF_inst/O
                         net (fo=1, routed)           2.025     3.506    clk_IBUF
    BUFGCTRL_X0Y16       BUFG (Prop_bufg_I_O)         0.096     3.602 r  clk_IBUF_BUFG_inst/O
                         net (fo=18, routed)          1.723     5.326    u_pwm/clk_IBUF_BUFG
    SLICE_X0Y90          FDCE                                         r  u_pwm/prescaler_cnt_reg[3]/C
  -------------------------------------------------------------------    -------------------
    SLICE_X0Y90          FDCE (Prop_fdce_C_Q)         0.456     5.782 r  u_pwm/prescaler_cnt_reg[3]/Q
                         net (fo=2, routed)           1.012     6.794    u_pwm/prescaler_cnt[3]
    SLICE_X0Y91          LUT4 (Prop_lut4_I0_O)        0.124     6.918 r  u_pwm/prescaler_cnt[12]_i_3/O
                         net (fo=14, routed)          1.012     7.930    u_pwm/prescaler_cnt[12]_i_3_n_0
    SLICE_X0Y90          LUT6 (Prop_lut6_I1_O)        0.124     8.054 r  u_pwm/prescaler_cnt[2]_i_1/O
                         net (fo=1, routed)           0.000     8.054    u_pwm/prescaler_cnt_0[2]
    SLICE_X0Y90          FDCE                                         r  u_pwm/prescaler_cnt_reg[2]/D
  -------------------------------------------------------------------    -------------------

                         (clock sys_clk_pin rise edge)
                                                     10.000    10.000 r  
    E3                                                0.000    10.000 r  clk (IN)
                         net (fo=0)                   0.000    10.000    clk
    E3                   IBUF (Prop_ibuf_I_O)         1.411    11.411 r  clk_IBUF_inst/O
                         net (fo=1, routed)           1.920    13.331    clk_IBUF
    BUFGCTRL_X0Y16       BUFG (Prop_bufg_I_O)         0.091    13.422 r  clk_IBUF_BUFG_inst/O
                         net (fo=18, routed)          1.603    15.026    u_pwm/clk_IBUF_BUFG
    SLICE_X0Y90          FDCE                                         r  u_pwm/prescaler_cnt_reg[2]/C
                         clock pessimism              0.300    15.326    
                         clock uncertainty           -0.035    15.290    
    SLICE_X0Y90          FDCE (Setup_fdce_C_D)        0.031    15.321    u_pwm/prescaler_cnt_reg[2]
  -------------------------------------------------------------------
                         required time                         15.321    
                         arrival time                          -8.054    
  -------------------------------------------------------------------
                         slack                                  7.267    





Min Delay Paths
--------------------------------------------------------------------------------------
Slack (MET) :             0.235ns  (arrival time - required time)
  Source:                 u_pwm/prescaler_cnt_reg[2]/C
                            (rising edge-triggered cell FDCE clocked by sys_clk_pin  {rise@0.000ns fall@5.000ns period=10.000ns})
  Destination:            u_pwm/prescaler_cnt_reg[7]/D
                            (rising edge-triggered cell FDCE clocked by sys_clk_pin  {rise@0.000ns fall@5.000ns period=10.000ns})
  Path Group:             sys_clk_pin
  Path Type:              Hold (Min at Fast Process Corner)
  Requirement:            0.000ns  (sys_clk_pin rise@0.000ns - sys_clk_pin rise@0.000ns)
  Data Path Delay:        0.343ns  (logic 0.186ns (54.247%)  route 0.157ns (45.753%))
  Logic Levels:           1  (LUT6=1)
  Clock Path Skew:        0.016ns (DCD - SCD - CPR)
    Destination Clock Delay (DCD):    2.041ns
    Source Clock Delay      (SCD):    1.522ns
    Clock Pessimism Removal (CPR):    0.502ns

    Location             Delay type                Incr(ns)  Path(ns)    Netlist Resource(s)
  -------------------------------------------------------------------    -------------------
                         (clock sys_clk_pin rise edge)
                                                      0.000     0.000 r  
    E3                                                0.000     0.000 r  clk (IN)
                         net (fo=0)                   0.000     0.000    clk
    E3                   IBUF (Prop_ibuf_I_O)         0.250     0.250 r  clk_IBUF_inst/O
                         net (fo=1, routed)           0.644     0.894    clk_IBUF
    BUFGCTRL_X0Y16       BUFG (Prop_bufg_I_O)         0.026     0.920 r  clk_IBUF_BUFG_inst/O
                         net (fo=18, routed)          0.603     1.522    u_pwm/clk_IBUF_BUFG
    SLICE_X0Y90          FDCE                                         r  u_pwm/prescaler_cnt_reg[2]/C
  -------------------------------------------------------------------    -------------------
    SLICE_X0Y90          FDCE (Prop_fdce_C_Q)         0.141     1.663 f  u_pwm/prescaler_cnt_reg[2]/Q
                         net (fo=15, routed)          0.157     1.820    u_pwm/prescaler_cnt[2]
    SLICE_X0Y91          LUT6 (Prop_lut6_I4_O)        0.045     1.865 r  u_pwm/prescaler_cnt[7]_i_1/O
                         net (fo=1, routed)           0.000     1.865    u_pwm/prescaler_cnt_0[7]
    SLICE_X0Y91          FDCE                                         r  u_pwm/prescaler_cnt_reg[7]/D
  -------------------------------------------------------------------    -------------------

                         (clock sys_clk_pin rise edge)
                                                      0.000     0.000 r  
    E3                                                0.000     0.000 r  clk (IN)
                         net (fo=0)                   0.000     0.000    clk
    E3                   IBUF (Prop_ibuf_I_O)         0.438     0.438 r  clk_IBUF_inst/O
                         net (fo=1, routed)           0.699     1.136    clk_IBUF
    BUFGCTRL_X0Y16       BUFG (Prop_bufg_I_O)         0.029     1.165 r  clk_IBUF_BUFG_inst/O
                         net (fo=18, routed)          0.876     2.041    u_pwm/clk_IBUF_BUFG
    SLICE_X0Y91          FDCE                                         r  u_pwm/prescaler_cnt_reg[7]/C
                         clock pessimism             -0.502     1.538    
    SLICE_X0Y91          FDCE (Hold_fdce_C_D)         0.092     1.630    u_pwm/prescaler_cnt_reg[7]
  -------------------------------------------------------------------
                         required time                         -1.630    
                         arrival time                           1.865    
  -------------------------------------------------------------------
                         slack                                  0.235    

Slack (MET) :             0.248ns  (arrival time - required time)
  Source:                 u_pwm/prescaler_cnt_reg[2]/C
                            (rising edge-triggered cell FDCE clocked by sys_clk_pin  {rise@0.000ns fall@5.000ns period=10.000ns})
  Destination:            u_pwm/prescaler_cnt_reg[2]/D
                            (rising edge-triggered cell FDCE clocked by sys_clk_pin  {rise@0.000ns fall@5.000ns period=10.000ns})
  Path Group:             sys_clk_pin
  Path Type:              Hold (Min at Fast Process Corner)
  Requirement:            0.000ns  (sys_clk_pin rise@0.000ns - sys_clk_pin rise@0.000ns)
  Data Path Delay:        0.340ns  (logic 0.186ns (54.657%)  route 0.154ns (45.343%))
  Logic Levels:           1  (LUT6=1)
  Clock Path Skew:        0.000ns (DCD - SCD - CPR)
    Destination Clock Delay (DCD):    2.041ns
    Source Clock Delay      (SCD):    1.522ns
    Clock Pessimism Removal (CPR):    0.518ns

    Location             Delay type                Incr(ns)  Path(ns)    Netlist Resource(s)
  -------------------------------------------------------------------    -------------------
                         (clock sys_clk_pin rise edge)
                                                      0.000     0.000 r  
    E3                                                0.000     0.000 r  clk (IN)
                         net (fo=0)                   0.000     0.000    clk
    E3                   IBUF (Prop_ibuf_I_O)         0.250     0.250 r  clk_IBUF_inst/O
                         net (fo=1, routed)           0.644     0.894    clk_IBUF
    BUFGCTRL_X0Y16       BUFG (Prop_bufg_I_O)         0.026     0.920 r  clk_IBUF_BUFG_inst/O
                         net (fo=18, routed)          0.603     1.522    u_pwm/clk_IBUF_BUFG
    SLICE_X0Y90          FDCE                                         r  u_pwm/prescaler_cnt_reg[2]/C
  -------------------------------------------------------------------    -------------------
    SLICE_X0Y90          FDCE (Prop_fdce_C_Q)         0.141     1.663 f  u_pwm/prescaler_cnt_reg[2]/Q
                         net (fo=15, routed)          0.154     1.818    u_pwm/prescaler_cnt[2]
    SLICE_X0Y90          LUT6 (Prop_lut6_I4_O)        0.045     1.863 r  u_pwm/prescaler_cnt[2]_i_1/O
                         net (fo=1, routed)           0.000     1.863    u_pwm/prescaler_cnt_0[2]
    SLICE_X0Y90          FDCE                                         r  u_pwm/prescaler_cnt_reg[2]/D
  -------------------------------------------------------------------    -------------------

                         (clock sys_clk_pin rise edge)
                                                      0.000     0.000 r  
    E3                                                0.000     0.000 r  clk (IN)
                         net (fo=0)                   0.000     0.000    clk
    E3                   IBUF (Prop_ibuf_I_O)         0.438     0.438 r  clk_IBUF_inst/O
                         net (fo=1, routed)           0.699     1.136    clk_IBUF
    BUFGCTRL_X0Y16       BUFG (Prop_bufg_I_O)         0.029     1.165 r  clk_IBUF_BUFG_inst/O
                         net (fo=18, routed)          0.876     2.041    u_pwm/clk_IBUF_BUFG
    SLICE_X0Y90          FDCE                                         r  u_pwm/prescaler_cnt_reg[2]/C
                         clock pessimism             -0.518     1.522    
    SLICE_X0Y90          FDCE (Hold_fdce_C_D)         0.092     1.614    u_pwm/prescaler_cnt_reg[2]
  -------------------------------------------------------------------
                         required time                         -1.614    
                         arrival time                           1.863    
  -------------------------------------------------------------------
                         slack                                  0.248    

Slack (MET) :             0.251ns  (arrival time - required time)
  Source:                 u_pwm/counter_reg[0]/C
                            (rising edge-triggered cell FDCE clocked by sys_clk_pin  {rise@0.000ns fall@5.000ns period=10.000ns})
  Destination:            u_pwm/counter_reg[3]/D
                            (rising edge-triggered cell FDCE clocked by sys_clk_pin  {rise@0.000ns fall@5.000ns period=10.000ns})
  Path Group:             sys_clk_pin
  Path Type:              Hold (Min at Fast Process Corner)
  Requirement:            0.000ns  (sys_clk_pin rise@0.000ns - sys_clk_pin rise@0.000ns)
  Data Path Delay:        0.358ns  (logic 0.184ns (51.423%)  route 0.174ns (48.577%))
  Logic Levels:           1  (LUT4=1)
  Clock Path Skew:        0.000ns (DCD - SCD - CPR)
    Destination Clock Delay (DCD):    2.040ns
    Source Clock Delay      (SCD):    1.521ns
    Clock Pessimism Removal (CPR):    0.518ns

    Location             Delay type                Incr(ns)  Path(ns)    Netlist Resource(s)
  -------------------------------------------------------------------    -------------------
                         (clock sys_clk_pin rise edge)
                                                      0.000     0.000 r  
    E3                                                0.000     0.000 r  clk (IN)
                         net (fo=0)                   0.000     0.000    clk
    E3                   IBUF (Prop_ibuf_I_O)         0.250     0.250 r  clk_IBUF_inst/O
                         net (fo=1, routed)           0.644     0.894    clk_IBUF
    BUFGCTRL_X0Y16       BUFG (Prop_bufg_I_O)         0.026     0.920 r  clk_IBUF_BUFG_inst/O
                         net (fo=18, routed)          0.602     1.521    u_pwm/clk_IBUF_BUFG
    SLICE_X0Y89          FDCE                                         r  u_pwm/counter_reg[0]/C
  -------------------------------------------------------------------    -------------------
    SLICE_X0Y89          FDCE (Prop_fdce_C_Q)         0.141     1.662 r  u_pwm/counter_reg[0]/Q
                         net (fo=4, routed)           0.174     1.836    u_pwm/counter_reg_n_0_[0]
    SLICE_X0Y89          LUT4 (Prop_lut4_I1_O)        0.043     1.879 r  u_pwm/counter[3]_i_1/O
                         net (fo=1, routed)           0.000     1.879    u_pwm/p_0_in[3]
    SLICE_X0Y89          FDCE                                         r  u_pwm/counter_reg[3]/D
  -------------------------------------------------------------------    -------------------

                         (clock sys_clk_pin rise edge)
                                                      0.000     0.000 r  
    E3                                                0.000     0.000 r  clk (IN)
                         net (fo=0)                   0.000     0.000    clk
    E3                   IBUF (Prop_ibuf_I_O)         0.438     0.438 r  clk_IBUF_inst/O
                         net (fo=1, routed)           0.699     1.136    clk_IBUF
    BUFGCTRL_X0Y16       BUFG (Prop_bufg_I_O)         0.029     1.165 r  clk_IBUF_BUFG_inst/O
                         net (fo=18, routed)          0.875     2.040    u_pwm/clk_IBUF_BUFG
    SLICE_X0Y89          FDCE                                         r  u_pwm/counter_reg[3]/C
                         clock pessimism             -0.518     1.521    
    SLICE_X0Y89          FDCE (Hold_fdce_C_D)         0.107     1.628    u_pwm/counter_reg[3]
  -------------------------------------------------------------------
                         required time                         -1.628    
                         arrival time                           1.879    
  -------------------------------------------------------------------
                         slack                                  0.251    

Slack (MET) :             0.268ns  (arrival time - required time)
  Source:                 u_pwm/counter_reg[0]/C
                            (rising edge-triggered cell FDCE clocked by sys_clk_pin  {rise@0.000ns fall@5.000ns period=10.000ns})
  Destination:            u_pwm/counter_reg[2]/D
                            (rising edge-triggered cell FDCE clocked by sys_clk_pin  {rise@0.000ns fall@5.000ns period=10.000ns})
  Path Group:             sys_clk_pin
  Path Type:              Hold (Min at Fast Process Corner)
  Requirement:            0.000ns  (sys_clk_pin rise@0.000ns - sys_clk_pin rise@0.000ns)
  Data Path Delay:        0.360ns  (logic 0.186ns (51.693%)  route 0.174ns (48.307%))
  Logic Levels:           1  (LUT3=1)
  Clock Path Skew:        0.000ns (DCD - SCD - CPR)
    Destination Clock Delay (DCD):    2.040ns
    Source Clock Delay      (SCD):    1.521ns
    Clock Pessimism Removal (CPR):    0.518ns

    Location             Delay type                Incr(ns)  Path(ns)    Netlist Resource(s)
  -------------------------------------------------------------------    -------------------
                         (clock sys_clk_pin rise edge)
                                                      0.000     0.000 r  
    E3                                                0.000     0.000 r  clk (IN)
                         net (fo=0)                   0.000     0.000    clk
    E3                   IBUF (Prop_ibuf_I_O)         0.250     0.250 r  clk_IBUF_inst/O
                         net (fo=1, routed)           0.644     0.894    clk_IBUF
    BUFGCTRL_X0Y16       BUFG (Prop_bufg_I_O)         0.026     0.920 r  clk_IBUF_BUFG_inst/O
                         net (fo=18, routed)          0.602     1.521    u_pwm/clk_IBUF_BUFG
    SLICE_X0Y89          FDCE                                         r  u_pwm/counter_reg[0]/C
  -------------------------------------------------------------------    -------------------
    SLICE_X0Y89          FDCE (Prop_fdce_C_Q)         0.141     1.662 r  u_pwm/counter_reg[0]/Q
                         net (fo=4, routed)           0.174     1.836    u_pwm/counter_reg_n_0_[0]
    SLICE_X0Y89          LUT3 (Prop_lut3_I0_O)        0.045     1.881 r  u_pwm/counter[2]_i_1/O
                         net (fo=1, routed)           0.000     1.881    u_pwm/p_0_in[2]
    SLICE_X0Y89          FDCE                                         r  u_pwm/counter_reg[2]/D
  -------------------------------------------------------------------    -------------------

                         (clock sys_clk_pin rise edge)
                                                      0.000     0.000 r  
    E3                                                0.000     0.000 r  clk (IN)
                         net (fo=0)                   0.000     0.000    clk
    E3                   IBUF (Prop_ibuf_I_O)         0.438     0.438 r  clk_IBUF_inst/O
                         net (fo=1, routed)           0.699     1.136    clk_IBUF
    BUFGCTRL_X0Y16       BUFG (Prop_bufg_I_O)         0.029     1.165 r  clk_IBUF_BUFG_inst/O
                         net (fo=18, routed)          0.875     2.040    u_pwm/clk_IBUF_BUFG
    SLICE_X0Y89          FDCE                                         r  u_pwm/counter_reg[2]/C
                         clock pessimism             -0.518     1.521    
    SLICE_X0Y89          FDCE (Hold_fdce_C_D)         0.092     1.613    u_pwm/counter_reg[2]
  -------------------------------------------------------------------
                         required time                         -1.613    
                         arrival time                           1.881    
  -------------------------------------------------------------------
                         slack                                  0.268    

Slack (MET) :             0.280ns  (arrival time - required time)
  Source:                 u_pwm/prescaler_cnt_reg[11]/C
                            (rising edge-triggered cell FDCE clocked by sys_clk_pin  {rise@0.000ns fall@5.000ns period=10.000ns})
  Destination:            u_pwm/prescaler_cnt_reg[12]/D
                            (rising edge-triggered cell FDCE clocked by sys_clk_pin  {rise@0.000ns fall@5.000ns period=10.000ns})
  Path Group:             sys_clk_pin
  Path Type:              Hold (Min at Fast Process Corner)
  Requirement:            0.000ns  (sys_clk_pin rise@0.000ns - sys_clk_pin rise@0.000ns)
  Data Path Delay:        0.372ns  (logic 0.186ns (50.007%)  route 0.186ns (49.993%))
  Logic Levels:           1  (LUT6=1)
  Clock Path Skew:        0.000ns (DCD - SCD - CPR)
    Destination Clock Delay (DCD):    2.042ns
    Source Clock Delay      (SCD):    1.523ns
    Clock Pessimism Removal (CPR):    0.518ns

    Location             Delay type                Incr(ns)  Path(ns)    Netlist Resource(s)
  -------------------------------------------------------------------    -------------------
                         (clock sys_clk_pin rise edge)
                                                      0.000     0.000 r  
    E3                                                0.000     0.000 r  clk (IN)
                         net (fo=0)                   0.000     0.000    clk
    E3                   IBUF (Prop_ibuf_I_O)         0.250     0.250 r  clk_IBUF_inst/O
                         net (fo=1, routed)           0.644     0.894    clk_IBUF
    BUFGCTRL_X0Y16       BUFG (Prop_bufg_I_O)         0.026     0.920 r  clk_IBUF_BUFG_inst/O
                         net (fo=18, routed)          0.604     1.523    u_pwm/clk_IBUF_BUFG
    SLICE_X0Y93          FDCE                                         r  u_pwm/prescaler_cnt_reg[11]/C
  -------------------------------------------------------------------    -------------------
    SLICE_X0Y93          FDCE (Prop_fdce_C_Q)         0.141     1.664 f  u_pwm/prescaler_cnt_reg[11]/Q
                         net (fo=15, routed)          0.186     1.850    u_pwm/prescaler_cnt[11]
    SLICE_X0Y93          LUT6 (Prop_lut6_I2_O)        0.045     1.895 r  u_pwm/prescaler_cnt[12]_i_1/O
                         net (fo=1, routed)           0.000     1.895    u_pwm/prescaler_cnt_0[12]
    SLICE_X0Y93          FDCE                                         r  u_pwm/prescaler_cnt_reg[12]/D
  -------------------------------------------------------------------    -------------------

                         (clock sys_clk_pin rise edge)
                                                      0.000     0.000 r  
    E3                                                0.000     0.000 r  clk (IN)
                         net (fo=0)                   0.000     0.000    clk
    E3                   IBUF (Prop_ibuf_I_O)         0.438     0.438 r  clk_IBUF_inst/O
                         net (fo=1, routed)           0.699     1.136    clk_IBUF
    BUFGCTRL_X0Y16       BUFG (Prop_bufg_I_O)         0.029     1.165 r  clk_IBUF_BUFG_inst/O
                         net (fo=18, routed)          0.877     2.042    u_pwm/clk_IBUF_BUFG
    SLICE_X0Y93          FDCE                                         r  u_pwm/prescaler_cnt_reg[12]/C
                         clock pessimism             -0.518     1.523    
    SLICE_X0Y93          FDCE (Hold_fdce_C_D)         0.092     1.615    u_pwm/prescaler_cnt_reg[12]
  -------------------------------------------------------------------
                         required time                         -1.615    
                         arrival time                           1.895    
  -------------------------------------------------------------------
                         slack                                  0.280    

Slack (MET) :             0.290ns  (arrival time - required time)
  Source:                 u_pwm/counter_reg[1]/C
                            (rising edge-triggered cell FDCE clocked by sys_clk_pin  {rise@0.000ns fall@5.000ns period=10.000ns})
  Destination:            u_pwm/counter_reg[1]/D
                            (rising edge-triggered cell FDCE clocked by sys_clk_pin  {rise@0.000ns fall@5.000ns period=10.000ns})
  Path Group:             sys_clk_pin
  Path Type:              Hold (Min at Fast Process Corner)
  Requirement:            0.000ns  (sys_clk_pin rise@0.000ns - sys_clk_pin rise@0.000ns)
  Data Path Delay:        0.397ns  (logic 0.230ns (57.995%)  route 0.167ns (42.005%))
  Logic Levels:           1  (LUT2=1)
  Clock Path Skew:        0.000ns (DCD - SCD - CPR)
    Destination Clock Delay (DCD):    2.040ns
    Source Clock Delay      (SCD):    1.521ns
    Clock Pessimism Removal (CPR):    0.518ns

    Location             Delay type                Incr(ns)  Path(ns)    Netlist Resource(s)
  -------------------------------------------------------------------    -------------------
                         (clock sys_clk_pin rise edge)
                                                      0.000     0.000 r  
    E3                                                0.000     0.000 r  clk (IN)
                         net (fo=0)                   0.000     0.000    clk
    E3                   IBUF (Prop_ibuf_I_O)         0.250     0.250 r  clk_IBUF_inst/O
                         net (fo=1, routed)           0.644     0.894    clk_IBUF
    BUFGCTRL_X0Y16       BUFG (Prop_bufg_I_O)         0.026     0.920 r  clk_IBUF_BUFG_inst/O
                         net (fo=18, routed)          0.602     1.521    u_pwm/clk_IBUF_BUFG
    SLICE_X0Y89          FDCE                                         r  u_pwm/counter_reg[1]/C
  -------------------------------------------------------------------    -------------------
    SLICE_X0Y89          FDCE (Prop_fdce_C_Q)         0.128     1.649 r  u_pwm/counter_reg[1]/Q
                         net (fo=3, routed)           0.167     1.816    u_pwm/counter_reg_n_0_[1]
    SLICE_X0Y89          LUT2 (Prop_lut2_I1_O)        0.102     1.918 r  u_pwm/counter[1]_i_1/O
                         net (fo=1, routed)           0.000     1.918    u_pwm/p_0_in[1]
    SLICE_X0Y89          FDCE                                         r  u_pwm/counter_reg[1]/D
  -------------------------------------------------------------------    -------------------

                         (clock sys_clk_pin rise edge)
                                                      0.000     0.000 r  
    E3                                                0.000     0.000 r  clk (IN)
                         net (fo=0)                   0.000     0.000    clk
    E3                   IBUF (Prop_ibuf_I_O)         0.438     0.438 r  clk_IBUF_inst/O
                         net (fo=1, routed)           0.699     1.136    clk_IBUF
    BUFGCTRL_X0Y16       BUFG (Prop_bufg_I_O)         0.029     1.165 r  clk_IBUF_BUFG_inst/O
                         net (fo=18, routed)          0.875     2.040    u_pwm/clk_IBUF_BUFG
    SLICE_X0Y89          FDCE                                         r  u_pwm/counter_reg[1]/C
                         clock pessimism             -0.518     1.521    
    SLICE_X0Y89          FDCE (Hold_fdce_C_D)         0.107     1.628    u_pwm/counter_reg[1]
  -------------------------------------------------------------------
                         required time                         -1.628    
                         arrival time                           1.918    
  -------------------------------------------------------------------
                         slack                                  0.290    

Slack (MET) :             0.296ns  (arrival time - required time)
  Source:                 u_pwm/prescaler_cnt_reg[0]/C
                            (rising edge-triggered cell FDCE clocked by sys_clk_pin  {rise@0.000ns fall@5.000ns period=10.000ns})
  Destination:            u_pwm/prescaler_cnt_reg[4]/D
                            (rising edge-triggered cell FDCE clocked by sys_clk_pin  {rise@0.000ns fall@5.000ns period=10.000ns})
  Path Group:             sys_clk_pin
  Path Type:              Hold (Min at Fast Process Corner)
  Requirement:            0.000ns  (sys_clk_pin rise@0.000ns - sys_clk_pin rise@0.000ns)
  Data Path Delay:        0.404ns  (logic 0.186ns (46.088%)  route 0.218ns (53.912%))
  Logic Levels:           1  (LUT6=1)
  Clock Path Skew:        0.016ns (DCD - SCD - CPR)
    Destination Clock Delay (DCD):    2.041ns
    Source Clock Delay      (SCD):    1.522ns
    Clock Pessimism Removal (CPR):    0.502ns

    Location             Delay type                Incr(ns)  Path(ns)    Netlist Resource(s)
  -------------------------------------------------------------------    -------------------
                         (clock sys_clk_pin rise edge)
                                                      0.000     0.000 r  
    E3                                                0.000     0.000 r  clk (IN)
                         net (fo=0)                   0.000     0.000    clk
    E3                   IBUF (Prop_ibuf_I_O)         0.250     0.250 r  clk_IBUF_inst/O
                         net (fo=1, routed)           0.644     0.894    clk_IBUF
    BUFGCTRL_X0Y16       BUFG (Prop_bufg_I_O)         0.026     0.920 r  clk_IBUF_BUFG_inst/O
                         net (fo=18, routed)          0.603     1.522    u_pwm/clk_IBUF_BUFG
    SLICE_X0Y90          FDCE                                         r  u_pwm/prescaler_cnt_reg[0]/C
  -------------------------------------------------------------------    -------------------
    SLICE_X0Y90          FDCE (Prop_fdce_C_Q)         0.141     1.663 r  u_pwm/prescaler_cnt_reg[0]/Q
                         net (fo=15, routed)          0.218     1.881    u_pwm/prescaler_cnt[0]
    SLICE_X0Y91          LUT6 (Prop_lut6_I3_O)        0.045     1.926 r  u_pwm/prescaler_cnt[4]_i_1/O
                         net (fo=1, routed)           0.000     1.926    u_pwm/prescaler_cnt_0[4]
    SLICE_X0Y91          FDCE                                         r  u_pwm/prescaler_cnt_reg[4]/D
  -------------------------------------------------------------------    -------------------

                         (clock sys_clk_pin rise edge)
                                                      0.000     0.000 r  
    E3                                                0.000     0.000 r  clk (IN)
                         net (fo=0)                   0.000     0.000    clk
    E3                   IBUF (Prop_ibuf_I_O)         0.438     0.438 r  clk_IBUF_inst/O
                         net (fo=1, routed)           0.699     1.136    clk_IBUF
    BUFGCTRL_X0Y16       BUFG (Prop_bufg_I_O)         0.029     1.165 r  clk_IBUF_BUFG_inst/O
                         net (fo=18, routed)          0.876     2.041    u_pwm/clk_IBUF_BUFG
    SLICE_X0Y91          FDCE                                         r  u_pwm/prescaler_cnt_reg[4]/C
                         clock pessimism             -0.502     1.538    
    SLICE_X0Y91          FDCE (Hold_fdce_C_D)         0.092     1.630    u_pwm/prescaler_cnt_reg[4]
  -------------------------------------------------------------------
                         required time                         -1.630    
                         arrival time                           1.926    
  -------------------------------------------------------------------
                         slack                                  0.296    

Slack (MET) :             0.318ns  (arrival time - required time)
  Source:                 u_pwm/prescaler_cnt_reg[2]/C
                            (rising edge-triggered cell FDCE clocked by sys_clk_pin  {rise@0.000ns fall@5.000ns period=10.000ns})
  Destination:            u_pwm/prescaler_cnt_reg[8]/D
                            (rising edge-triggered cell FDCE clocked by sys_clk_pin  {rise@0.000ns fall@5.000ns period=10.000ns})
  Path Group:             sys_clk_pin
  Path Type:              Hold (Min at Fast Process Corner)
  Requirement:            0.000ns  (sys_clk_pin rise@0.000ns - sys_clk_pin rise@0.000ns)
  Data Path Delay:        0.426ns  (logic 0.186ns (43.676%)  route 0.240ns (56.324%))
  Logic Levels:           1  (LUT6=1)
  Clock Path Skew:        0.016ns (DCD - SCD - CPR)
    Destination Clock Delay (DCD):    2.041ns
    Source Clock Delay      (SCD):    1.522ns
    Clock Pessimism Removal (CPR):    0.502ns

    Location             Delay type                Incr(ns)  Path(ns)    Netlist Resource(s)
  -------------------------------------------------------------------    -------------------
                         (clock sys_clk_pin rise edge)
                                                      0.000     0.000 r  
    E3                                                0.000     0.000 r  clk (IN)
                         net (fo=0)                   0.000     0.000    clk
    E3                   IBUF (Prop_ibuf_I_O)         0.250     0.250 r  clk_IBUF_inst/O
                         net (fo=1, routed)           0.644     0.894    clk_IBUF
    BUFGCTRL_X0Y16       BUFG (Prop_bufg_I_O)         0.026     0.920 r  clk_IBUF_BUFG_inst/O
                         net (fo=18, routed)          0.603     1.522    u_pwm/clk_IBUF_BUFG
    SLICE_X0Y90          FDCE                                         r  u_pwm/prescaler_cnt_reg[2]/C
  -------------------------------------------------------------------    -------------------
    SLICE_X0Y90          FDCE (Prop_fdce_C_Q)         0.141     1.663 f  u_pwm/prescaler_cnt_reg[2]/Q
                         net (fo=15, routed)          0.240     1.903    u_pwm/prescaler_cnt[2]
    SLICE_X0Y92          LUT6 (Prop_lut6_I4_O)        0.045     1.948 r  u_pwm/prescaler_cnt[8]_i_1/O
                         net (fo=1, routed)           0.000     1.948    u_pwm/prescaler_cnt_0[8]
    SLICE_X0Y92          FDCE                                         r  u_pwm/prescaler_cnt_reg[8]/D
  -------------------------------------------------------------------    -------------------

                         (clock sys_clk_pin rise edge)
                                                      0.000     0.000 r  
    E3                                                0.000     0.000 r  clk (IN)
                         net (fo=0)                   0.000     0.000    clk
    E3                   IBUF (Prop_ibuf_I_O)         0.438     0.438 r  clk_IBUF_inst/O
                         net (fo=1, routed)           0.699     1.136    clk_IBUF
    BUFGCTRL_X0Y16       BUFG (Prop_bufg_I_O)         0.029     1.165 r  clk_IBUF_BUFG_inst/O
                         net (fo=18, routed)          0.876     2.041    u_pwm/clk_IBUF_BUFG
    SLICE_X0Y92          FDCE                                         r  u_pwm/prescaler_cnt_reg[8]/C
                         clock pessimism             -0.502     1.538    
    SLICE_X0Y92          FDCE (Hold_fdce_C_D)         0.092     1.630    u_pwm/prescaler_cnt_reg[8]
  -------------------------------------------------------------------
                         required time                         -1.630    
                         arrival time                           1.948    
  -------------------------------------------------------------------
                         slack                                  0.318    

Slack (MET) :             0.320ns  (arrival time - required time)
  Source:                 u_pwm/pwm_tick_reg/C
                            (rising edge-triggered cell FDCE clocked by sys_clk_pin  {rise@0.000ns fall@5.000ns period=10.000ns})
  Destination:            u_pwm/counter_reg[0]/CE
                            (rising edge-triggered cell FDCE clocked by sys_clk_pin  {rise@0.000ns fall@5.000ns period=10.000ns})
  Path Group:             sys_clk_pin
  Path Type:              Hold (Min at Fast Process Corner)
  Requirement:            0.000ns  (sys_clk_pin rise@0.000ns - sys_clk_pin rise@0.000ns)
  Data Path Delay:        0.242ns  (logic 0.128ns (52.976%)  route 0.114ns (47.024%))
  Logic Levels:           0  
  Clock Path Skew:        0.015ns (DCD - SCD - CPR)
    Destination Clock Delay (DCD):    2.040ns
    Source Clock Delay      (SCD):    1.522ns
    Clock Pessimism Removal (CPR):    0.502ns

    Location             Delay type                Incr(ns)  Path(ns)    Netlist Resource(s)
  -------------------------------------------------------------------    -------------------
                         (clock sys_clk_pin rise edge)
                                                      0.000     0.000 r  
    E3                                                0.000     0.000 r  clk (IN)
                         net (fo=0)                   0.000     0.000    clk
    E3                   IBUF (Prop_ibuf_I_O)         0.250     0.250 r  clk_IBUF_inst/O
                         net (fo=1, routed)           0.644     0.894    clk_IBUF
    BUFGCTRL_X0Y16       BUFG (Prop_bufg_I_O)         0.026     0.920 r  clk_IBUF_BUFG_inst/O
                         net (fo=18, routed)          0.603     1.522    u_pwm/clk_IBUF_BUFG
    SLICE_X0Y90          FDCE                                         r  u_pwm/pwm_tick_reg/C
  -------------------------------------------------------------------    -------------------
    SLICE_X0Y90          FDCE (Prop_fdce_C_Q)         0.128     1.650 r  u_pwm/pwm_tick_reg/Q
                         net (fo=4, routed)           0.114     1.764    u_pwm/pwm_tick
    SLICE_X0Y89          FDCE                                         r  u_pwm/counter_reg[0]/CE
  -------------------------------------------------------------------    -------------------

                         (clock sys_clk_pin rise edge)
                                                      0.000     0.000 r  
    E3                                                0.000     0.000 r  clk (IN)
                         net (fo=0)                   0.000     0.000    clk
    E3                   IBUF (Prop_ibuf_I_O)         0.438     0.438 r  clk_IBUF_inst/O
                         net (fo=1, routed)           0.699     1.136    clk_IBUF
    BUFGCTRL_X0Y16       BUFG (Prop_bufg_I_O)         0.029     1.165 r  clk_IBUF_BUFG_inst/O
                         net (fo=18, routed)          0.875     2.040    u_pwm/clk_IBUF_BUFG
    SLICE_X0Y89          FDCE                                         r  u_pwm/counter_reg[0]/C
                         clock pessimism             -0.502     1.537    
    SLICE_X0Y89          FDCE (Hold_fdce_C_CE)       -0.093     1.444    u_pwm/counter_reg[0]
  -------------------------------------------------------------------
                         required time                         -1.444    
                         arrival time                           1.764    
  -------------------------------------------------------------------
                         slack                                  0.320    

Slack (MET) :             0.320ns  (arrival time - required time)
  Source:                 u_pwm/pwm_tick_reg/C
                            (rising edge-triggered cell FDCE clocked by sys_clk_pin  {rise@0.000ns fall@5.000ns period=10.000ns})
  Destination:            u_pwm/counter_reg[1]/CE
                            (rising edge-triggered cell FDCE clocked by sys_clk_pin  {rise@0.000ns fall@5.000ns period=10.000ns})
  Path Group:             sys_clk_pin
  Path Type:              Hold (Min at Fast Process Corner)
  Requirement:            0.000ns  (sys_clk_pin rise@0.000ns - sys_clk_pin rise@0.000ns)
  Data Path Delay:        0.242ns  (logic 0.128ns (52.976%)  route 0.114ns (47.024%))
  Logic Levels:           0  
  Clock Path Skew:        0.015ns (DCD - SCD - CPR)
    Destination Clock Delay (DCD):    2.040ns
    Source Clock Delay      (SCD):    1.522ns
    Clock Pessimism Removal (CPR):    0.502ns

    Location             Delay type                Incr(ns)  Path(ns)    Netlist Resource(s)
  -------------------------------------------------------------------    -------------------
                         (clock sys_clk_pin rise edge)
                                                      0.000     0.000 r  
    E3                                                0.000     0.000 r  clk (IN)
                         net (fo=0)                   0.000     0.000    clk
    E3                   IBUF (Prop_ibuf_I_O)         0.250     0.250 r  clk_IBUF_inst/O
                         net (fo=1, routed)           0.644     0.894    clk_IBUF
    BUFGCTRL_X0Y16       BUFG (Prop_bufg_I_O)         0.026     0.920 r  clk_IBUF_BUFG_inst/O
                         net (fo=18, routed)          0.603     1.522    u_pwm/clk_IBUF_BUFG
    SLICE_X0Y90          FDCE                                         r  u_pwm/pwm_tick_reg/C
  -------------------------------------------------------------------    -------------------
    SLICE_X0Y90          FDCE (Prop_fdce_C_Q)         0.128     1.650 r  u_pwm/pwm_tick_reg/Q
                         net (fo=4, routed)           0.114     1.764    u_pwm/pwm_tick
    SLICE_X0Y89          FDCE                                         r  u_pwm/counter_reg[1]/CE
  -------------------------------------------------------------------    -------------------

                         (clock sys_clk_pin rise edge)
                                                      0.000     0.000 r  
    E3                                                0.000     0.000 r  clk (IN)
                         net (fo=0)                   0.000     0.000    clk
    E3                   IBUF (Prop_ibuf_I_O)         0.438     0.438 r  clk_IBUF_inst/O
                         net (fo=1, routed)           0.699     1.136    clk_IBUF
    BUFGCTRL_X0Y16       BUFG (Prop_bufg_I_O)         0.029     1.165 r  clk_IBUF_BUFG_inst/O
                         net (fo=18, routed)          0.875     2.040    u_pwm/clk_IBUF_BUFG
    SLICE_X0Y89          FDCE                                         r  u_pwm/counter_reg[1]/C
                         clock pessimism             -0.502     1.537    
    SLICE_X0Y89          FDCE (Hold_fdce_C_CE)       -0.093     1.444    u_pwm/counter_reg[1]
  -------------------------------------------------------------------
                         required time                         -1.444    
                         arrival time                           1.764    
  -------------------------------------------------------------------
                         slack                                  0.320    





Pulse Width Checks
--------------------------------------------------------------------------------------
Clock Name:         sys_clk_pin
Waveform(ns):       { 0.000 5.000 }
Period(ns):         10.000
Sources:            { clk }

Check Type        Corner  Lib Pin  Reference Pin  Required(ns)  Actual(ns)  Slack(ns)  Location        Pin
Min Period        n/a     BUFG/I   n/a            2.155         10.000      7.845      BUFGCTRL_X0Y16  clk_IBUF_BUFG_inst/I
Min Period        n/a     FDCE/C   n/a            1.000         10.000      9.000      SLICE_X0Y89     u_pwm/counter_reg[0]/C
Min Period        n/a     FDCE/C   n/a            1.000         10.000      9.000      SLICE_X0Y89     u_pwm/counter_reg[1]/C
Min Period        n/a     FDCE/C   n/a            1.000         10.000      9.000      SLICE_X0Y89     u_pwm/counter_reg[2]/C
Min Period        n/a     FDCE/C   n/a            1.000         10.000      9.000      SLICE_X0Y89     u_pwm/counter_reg[3]/C
Min Period        n/a     FDCE/C   n/a            1.000         10.000      9.000      SLICE_X0Y90     u_pwm/prescaler_cnt_reg[0]/C
Min Period        n/a     FDCE/C   n/a            1.000         10.000      9.000      SLICE_X0Y93     u_pwm/prescaler_cnt_reg[10]/C
Min Period        n/a     FDCE/C   n/a            1.000         10.000      9.000      SLICE_X0Y93     u_pwm/prescaler_cnt_reg[11]/C
Min Period        n/a     FDCE/C   n/a            1.000         10.000      9.000      SLICE_X0Y93     u_pwm/prescaler_cnt_reg[12]/C
Min Period        n/a     FDCE/C   n/a            1.000         10.000      9.000      SLICE_X0Y91     u_pwm/prescaler_cnt_reg[1]/C
Low Pulse Width   Slow    FDCE/C   n/a            0.500         5.000       4.500      SLICE_X0Y89     u_pwm/counter_reg[0]/C
Low Pulse Width   Fast    FDCE/C   n/a            0.500         5.000       4.500      SLICE_X0Y89     u_pwm/counter_reg[0]/C
Low Pulse Width   Slow    FDCE/C   n/a            0.500         5.000       4.500      SLICE_X0Y89     u_pwm/counter_reg[1]/C
Low Pulse Width   Fast    FDCE/C   n/a            0.500         5.000       4.500      SLICE_X0Y89     u_pwm/counter_reg[1]/C
Low Pulse Width   Slow    FDCE/C   n/a            0.500         5.000       4.500      SLICE_X0Y89     u_pwm/counter_reg[2]/C
Low Pulse Width   Fast    FDCE/C   n/a            0.500         5.000       4.500      SLICE_X0Y89     u_pwm/counter_reg[2]/C
Low Pulse Width   Slow    FDCE/C   n/a            0.500         5.000       4.500      SLICE_X0Y89     u_pwm/counter_reg[3]/C
Low Pulse Width   Fast    FDCE/C   n/a            0.500         5.000       4.500      SLICE_X0Y89     u_pwm/counter_reg[3]/C
Low Pulse Width   Slow    FDCE/C   n/a            0.500         5.000       4.500      SLICE_X0Y90     u_pwm/prescaler_cnt_reg[0]/C
Low Pulse Width   Fast    FDCE/C   n/a            0.500         5.000       4.500      SLICE_X0Y90     u_pwm/prescaler_cnt_reg[0]/C
High Pulse Width  Slow    FDCE/C   n/a            0.500         5.000       4.500      SLICE_X0Y89     u_pwm/counter_reg[0]/C
High Pulse Width  Fast    FDCE/C   n/a            0.500         5.000       4.500      SLICE_X0Y89     u_pwm/counter_reg[0]/C
High Pulse Width  Slow    FDCE/C   n/a            0.500         5.000       4.500      SLICE_X0Y89     u_pwm/counter_reg[1]/C
High Pulse Width  Fast    FDCE/C   n/a            0.500         5.000       4.500      SLICE_X0Y89     u_pwm/counter_reg[1]/C
High Pulse Width  Slow    FDCE/C   n/a            0.500         5.000       4.500      SLICE_X0Y89     u_pwm/counter_reg[2]/C
High Pulse Width  Fast    FDCE/C   n/a            0.500         5.000       4.500      SLICE_X0Y89     u_pwm/counter_reg[2]/C
High Pulse Width  Slow    FDCE/C   n/a            0.500         5.000       4.500      SLICE_X0Y89     u_pwm/counter_reg[3]/C
High Pulse Width  Fast    FDCE/C   n/a            0.500         5.000       4.500      SLICE_X0Y89     u_pwm/counter_reg[3]/C
High Pulse Width  Slow    FDCE/C   n/a            0.500         5.000       4.500      SLICE_X0Y90     u_pwm/prescaler_cnt_reg[0]/C
High Pulse Width  Fast    FDCE/C   n/a            0.500         5.000       4.500      SLICE_X0Y90     u_pwm/prescaler_cnt_reg[0]/C



--------------------------------------------------------------------------------------
Path Group:  (none)
From Clock:  
  To Clock:  

Max Delay             3 Endpoints
Min Delay             3 Endpoints
--------------------------------------------------------------------------------------


Max Delay Paths
--------------------------------------------------------------------------------------
Slack:                    inf
  Source:                 sw[0]
                            (input port)
  Destination:            rgb[0]
                            (output port)
  Path Group:             (none)
  Path Type:              Max at Slow Process Corner
  Data Path Delay:        8.365ns  (logic 4.797ns (57.345%)  route 3.568ns (42.655%))
  Logic Levels:           3  (IBUF=1 LUT2=1 OBUF=1)

    Location             Delay type                Incr(ns)  Path(ns)    Netlist Resource(s)
  -------------------------------------------------------------------    -------------------
    K16                                               0.000     0.000 f  sw[0] (IN)
                         net (fo=0)                   0.000     0.000    sw[0]
    K16                  IBUF (Prop_ibuf_I_O)         0.923     0.923 f  sw_IBUF[0]_inst/O
                         net (fo=1, routed)           1.472     2.395    u_pwm/sw_IBUF[0]
    SLICE_X0Y89          LUT2 (Prop_lut2_I1_O)        0.153     2.548 r  u_pwm/rgb_OBUF[0]_inst_i_1/O
                         net (fo=1, routed)           2.096     4.644    rgb_OBUF[0]
    N15                  OBUF (Prop_obuf_I_O)         3.720     8.365 r  rgb_OBUF[0]_inst/O
                         net (fo=0)                   0.000     8.365    rgb[0]
    N15                                                               r  rgb[0] (OUT)
  -------------------------------------------------------------------    -------------------

Slack:                    inf
  Source:                 sw[2]
                            (input port)
  Destination:            rgb[1]
                            (output port)
  Path Group:             (none)
  Path Type:              Max at Slow Process Corner
  Data Path Delay:        8.318ns  (logic 4.608ns (55.393%)  route 3.710ns (44.607%))
  Logic Levels:           3  (IBUF=1 LUT2=1 OBUF=1)

    Location             Delay type                Incr(ns)  Path(ns)    Netlist Resource(s)
  -------------------------------------------------------------------    -------------------
    J15                                               0.000     0.000 f  sw[2] (IN)
                         net (fo=0)                   0.000     0.000    sw[2]
    J15                  IBUF (Prop_ibuf_I_O)         0.963     0.963 f  sw_IBUF[2]_inst/O
                         net (fo=1, routed)           1.645     2.607    u_pwm/sw_IBUF[1]
    SLICE_X0Y89          LUT2 (Prop_lut2_I1_O)        0.124     2.731 r  u_pwm/rgb_OBUF[1]_inst_i_1/O
                         net (fo=1, routed)           2.066     4.797    rgb_OBUF[1]
    M16                  OBUF (Prop_obuf_I_O)         3.521     8.318 r  rgb_OBUF[1]_inst/O
                         net (fo=0)                   0.000     8.318    rgb[1]
    M16                                                               r  rgb[1] (OUT)
  -------------------------------------------------------------------    -------------------

Slack:                    inf
  Source:                 sw[4]
                            (input port)
  Destination:            rgb[2]
                            (output port)
  Path Group:             (none)
  Path Type:              Max at Slow Process Corner
  Data Path Delay:        8.107ns  (logic 4.657ns (57.442%)  route 3.450ns (42.558%))
  Logic Levels:           3  (IBUF=1 LUT2=1 OBUF=1)

    Location             Delay type                Incr(ns)  Path(ns)    Netlist Resource(s)
  -------------------------------------------------------------------    -------------------
    K15                                               0.000     0.000 f  sw[4] (IN)
                         net (fo=0)                   0.000     0.000    sw[4]
    K15                  IBUF (Prop_ibuf_I_O)         0.965     0.965 f  sw_IBUF[4]_inst/O
                         net (fo=1, routed)           1.788     2.753    u_pwm/sw_IBUF[2]
    SLICE_X0Y89          LUT2 (Prop_lut2_I1_O)        0.124     2.877 r  u_pwm/rgb_OBUF[2]_inst_i_1/O
                         net (fo=1, routed)           1.663     4.540    rgb_OBUF[2]
    R12                  OBUF (Prop_obuf_I_O)         3.567     8.107 r  rgb_OBUF[2]_inst/O
                         net (fo=0)                   0.000     8.107    rgb[2]
    R12                                                               r  rgb[2] (OUT)
  -------------------------------------------------------------------    -------------------





Min Delay Paths
--------------------------------------------------------------------------------------
Slack:                    inf
  Source:                 sw[4]
                            (input port)
  Destination:            rgb[2]
                            (output port)
  Path Group:             (none)
  Path Type:              Min at Fast Process Corner
  Data Path Delay:        2.525ns  (logic 1.507ns (59.704%)  route 1.017ns (40.296%))
  Logic Levels:           3  (IBUF=1 LUT2=1 OBUF=1)

    Location             Delay type                Incr(ns)  Path(ns)    Netlist Resource(s)
  -------------------------------------------------------------------    -------------------
    K15                                               0.000     0.000 f  sw[4] (IN)
                         net (fo=0)                   0.000     0.000    sw[4]
    K15                  IBUF (Prop_ibuf_I_O)         0.194     0.194 f  sw_IBUF[4]_inst/O
                         net (fo=1, routed)           0.689     0.883    u_pwm/sw_IBUF[2]
    SLICE_X0Y89          LUT2 (Prop_lut2_I1_O)        0.045     0.928 r  u_pwm/rgb_OBUF[2]_inst_i_1/O
                         net (fo=1, routed)           0.329     1.257    rgb_OBUF[2]
    R12                  OBUF (Prop_obuf_I_O)         1.268     2.525 r  rgb_OBUF[2]_inst/O
                         net (fo=0)                   0.000     2.525    rgb[2]
    R12                                                               r  rgb[2] (OUT)
  -------------------------------------------------------------------    -------------------

Slack:                    inf
  Source:                 sw[0]
                            (input port)
  Destination:            rgb[0]
                            (output port)
  Path Group:             (none)
  Path Type:              Min at Fast Process Corner
  Data Path Delay:        2.559ns  (logic 1.478ns (57.759%)  route 1.081ns (42.241%))
  Logic Levels:           3  (IBUF=1 LUT2=1 OBUF=1)

    Location             Delay type                Incr(ns)  Path(ns)    Netlist Resource(s)
  -------------------------------------------------------------------    -------------------
    K16                                               0.000     0.000 f  sw[0] (IN)
                         net (fo=0)                   0.000     0.000    sw[0]
    K16                  IBUF (Prop_ibuf_I_O)         0.153     0.153 f  sw_IBUF[0]_inst/O
                         net (fo=1, routed)           0.574     0.726    u_pwm/sw_IBUF[0]
    SLICE_X0Y89          LUT2 (Prop_lut2_I1_O)        0.042     0.768 r  u_pwm/rgb_OBUF[0]_inst_i_1/O
                         net (fo=1, routed)           0.507     1.275    rgb_OBUF[0]
    N15                  OBUF (Prop_obuf_I_O)         1.283     2.559 r  rgb_OBUF[0]_inst/O
                         net (fo=0)                   0.000     2.559    rgb[0]
    N15                                                               r  rgb[0] (OUT)
  -------------------------------------------------------------------    -------------------

Slack:                    inf
  Source:                 sw[2]
                            (input port)
  Destination:            rgb[1]
                            (output port)
  Path Group:             (none)
  Path Type:              Min at Fast Process Corner
  Data Path Delay:        2.582ns  (logic 1.458ns (56.488%)  route 1.123ns (43.512%))
  Logic Levels:           3  (IBUF=1 LUT2=1 OBUF=1)

    Location             Delay type                Incr(ns)  Path(ns)    Netlist Resource(s)
  -------------------------------------------------------------------    -------------------
    J15                                               0.000     0.000 f  sw[2] (IN)
                         net (fo=0)                   0.000     0.000    sw[2]
    J15                  IBUF (Prop_ibuf_I_O)         0.191     0.191 f  sw_IBUF[2]_inst/O
                         net (fo=1, routed)           0.637     0.828    u_pwm/sw_IBUF[1]
    SLICE_X0Y89          LUT2 (Prop_lut2_I1_O)        0.045     0.873 r  u_pwm/rgb_OBUF[1]_inst_i_1/O
                         net (fo=1, routed)           0.487     1.360    rgb_OBUF[1]
    M16                  OBUF (Prop_obuf_I_O)         1.222     2.582 r  rgb_OBUF[1]_inst/O
                         net (fo=0)                   0.000     2.582    rgb[1]
    M16                                                               r  rgb[1] (OUT)
  -------------------------------------------------------------------    -------------------





--------------------------------------------------------------------------------------
Path Group:  (none)
From Clock:  sys_clk_pin
  To Clock:  

Max Delay             3 Endpoints
Min Delay             3 Endpoints
--------------------------------------------------------------------------------------


Max Delay Paths
--------------------------------------------------------------------------------------
Slack:                    inf
  Source:                 u_pwm/counter_reg[3]/C
                            (rising edge-triggered cell FDCE clocked by sys_clk_pin  {rise@0.000ns fall@5.000ns period=10.000ns})
  Destination:            rgb[0]
                            (output port)
  Path Group:             (none)
  Path Type:              Max at Slow Process Corner
  Data Path Delay:        6.845ns  (logic 4.431ns (64.744%)  route 2.413ns (35.256%))
  Logic Levels:           2  (LUT2=1 OBUF=1)
  Clock Uncertainty:      0.025ns  ((TSJ^2 + TIJ^2)^1/2 + DJ) / 2 + PE
    Total System Jitter     (TSJ):    0.050ns
    Total Input Jitter      (TIJ):    0.000ns
    Discrete Jitter          (DJ):    0.000ns
    Phase Error              (PE):    0.000ns

    Location             Delay type                Incr(ns)  Path(ns)    Netlist Resource(s)
  -------------------------------------------------------------------    -------------------
                         (clock sys_clk_pin rise edge)
                                                      0.000     0.000 r  
    E3                                                0.000     0.000 r  clk (IN)
                         net (fo=0)                   0.000     0.000    clk
    E3                   IBUF (Prop_ibuf_I_O)         1.482     1.482 r  clk_IBUF_inst/O
                         net (fo=1, routed)           2.025     3.506    clk_IBUF
    BUFGCTRL_X0Y16       BUFG (Prop_bufg_I_O)         0.096     3.602 r  clk_IBUF_BUFG_inst/O
                         net (fo=18, routed)          1.723     5.326    u_pwm/clk_IBUF_BUFG
    SLICE_X0Y89          FDCE                                         r  u_pwm/counter_reg[3]/C
  -------------------------------------------------------------------    -------------------
    SLICE_X0Y89          FDCE (Prop_fdce_C_Q)         0.419     5.745 r  u_pwm/counter_reg[3]/Q
                         net (fo=4, routed)           0.317     6.061    u_pwm/counter_reg[3]
    SLICE_X0Y89          LUT2 (Prop_lut2_I0_O)        0.292     6.353 r  u_pwm/rgb_OBUF[0]_inst_i_1/O
                         net (fo=1, routed)           2.096     8.450    rgb_OBUF[0]
    N15                  OBUF (Prop_obuf_I_O)         3.720    12.170 r  rgb_OBUF[0]_inst/O
                         net (fo=0)                   0.000    12.170    rgb[0]
    N15                                                               r  rgb[0] (OUT)
  -------------------------------------------------------------------    -------------------

Slack:                    inf
  Source:                 u_pwm/counter_reg[3]/C
                            (rising edge-triggered cell FDCE clocked by sys_clk_pin  {rise@0.000ns fall@5.000ns period=10.000ns})
  Destination:            rgb[1]
                            (output port)
  Path Group:             (none)
  Path Type:              Max at Slow Process Corner
  Data Path Delay:        6.618ns  (logic 4.236ns (64.004%)  route 2.382ns (35.996%))
  Logic Levels:           2  (LUT2=1 OBUF=1)
  Clock Uncertainty:      0.025ns  ((TSJ^2 + TIJ^2)^1/2 + DJ) / 2 + PE
    Total System Jitter     (TSJ):    0.050ns
    Total Input Jitter      (TIJ):    0.000ns
    Discrete Jitter          (DJ):    0.000ns
    Phase Error              (PE):    0.000ns

    Location             Delay type                Incr(ns)  Path(ns)    Netlist Resource(s)
  -------------------------------------------------------------------    -------------------
                         (clock sys_clk_pin rise edge)
                                                      0.000     0.000 r  
    E3                                                0.000     0.000 r  clk (IN)
                         net (fo=0)                   0.000     0.000    clk
    E3                   IBUF (Prop_ibuf_I_O)         1.482     1.482 r  clk_IBUF_inst/O
                         net (fo=1, routed)           2.025     3.506    clk_IBUF
    BUFGCTRL_X0Y16       BUFG (Prop_bufg_I_O)         0.096     3.602 r  clk_IBUF_BUFG_inst/O
                         net (fo=18, routed)          1.723     5.326    u_pwm/clk_IBUF_BUFG
    SLICE_X0Y89          FDCE                                         r  u_pwm/counter_reg[3]/C
  -------------------------------------------------------------------    -------------------
    SLICE_X0Y89          FDCE (Prop_fdce_C_Q)         0.419     5.745 r  u_pwm/counter_reg[3]/Q
                         net (fo=4, routed)           0.317     6.061    u_pwm/counter_reg[3]
    SLICE_X0Y89          LUT2 (Prop_lut2_I0_O)        0.296     6.357 r  u_pwm/rgb_OBUF[1]_inst_i_1/O
                         net (fo=1, routed)           2.066     8.423    rgb_OBUF[1]
    M16                  OBUF (Prop_obuf_I_O)         3.521    11.944 r  rgb_OBUF[1]_inst/O
                         net (fo=0)                   0.000    11.944    rgb[1]
    M16                                                               r  rgb[1] (OUT)
  -------------------------------------------------------------------    -------------------

Slack:                    inf
  Source:                 u_pwm/counter_reg[3]/C
                            (rising edge-triggered cell FDCE clocked by sys_clk_pin  {rise@0.000ns fall@5.000ns period=10.000ns})
  Destination:            rgb[2]
                            (output port)
  Path Group:             (none)
  Path Type:              Max at Slow Process Corner
  Data Path Delay:        6.257ns  (logic 4.282ns (68.442%)  route 1.975ns (31.558%))
  Logic Levels:           2  (LUT2=1 OBUF=1)
  Clock Uncertainty:      0.025ns  ((TSJ^2 + TIJ^2)^1/2 + DJ) / 2 + PE
    Total System Jitter     (TSJ):    0.050ns
    Total Input Jitter      (TIJ):    0.000ns
    Discrete Jitter          (DJ):    0.000ns
    Phase Error              (PE):    0.000ns

    Location             Delay type                Incr(ns)  Path(ns)    Netlist Resource(s)
  -------------------------------------------------------------------    -------------------
                         (clock sys_clk_pin rise edge)
                                                      0.000     0.000 r  
    E3                                                0.000     0.000 r  clk (IN)
                         net (fo=0)                   0.000     0.000    clk
    E3                   IBUF (Prop_ibuf_I_O)         1.482     1.482 r  clk_IBUF_inst/O
                         net (fo=1, routed)           2.025     3.506    clk_IBUF
    BUFGCTRL_X0Y16       BUFG (Prop_bufg_I_O)         0.096     3.602 r  clk_IBUF_BUFG_inst/O
                         net (fo=18, routed)          1.723     5.326    u_pwm/clk_IBUF_BUFG
    SLICE_X0Y89          FDCE                                         r  u_pwm/counter_reg[3]/C
  -------------------------------------------------------------------    -------------------
    SLICE_X0Y89          FDCE (Prop_fdce_C_Q)         0.419     5.745 r  u_pwm/counter_reg[3]/Q
                         net (fo=4, routed)           0.312     6.057    u_pwm/counter_reg[3]
    SLICE_X0Y89          LUT2 (Prop_lut2_I0_O)        0.296     6.353 r  u_pwm/rgb_OBUF[2]_inst_i_1/O
                         net (fo=1, routed)           1.663     8.015    rgb_OBUF[2]
    R12                  OBUF (Prop_obuf_I_O)         3.567    11.583 r  rgb_OBUF[2]_inst/O
                         net (fo=0)                   0.000    11.583    rgb[2]
    R12                                                               r  rgb[2] (OUT)
  -------------------------------------------------------------------    -------------------





Min Delay Paths
--------------------------------------------------------------------------------------
Slack:                    inf
  Source:                 u_pwm/counter_reg[3]/C
                            (rising edge-triggered cell FDCE clocked by sys_clk_pin  {rise@0.000ns fall@5.000ns period=10.000ns})
  Destination:            rgb[2]
                            (output port)
  Path Group:             (none)
  Path Type:              Min at Fast Process Corner
  Data Path Delay:        1.955ns  (logic 1.494ns (76.433%)  route 0.461ns (23.567%))
  Logic Levels:           2  (LUT2=1 OBUF=1)
  Clock Uncertainty:      0.025ns  ((TSJ^2 + TIJ^2)^1/2 + DJ) / 2 + PE
    Total System Jitter     (TSJ):    0.050ns
    Total Input Jitter      (TIJ):    0.000ns
    Discrete Jitter          (DJ):    0.000ns
    Phase Error              (PE):    0.000ns

    Location             Delay type                Incr(ns)  Path(ns)    Netlist Resource(s)
  -------------------------------------------------------------------    -------------------
                         (clock sys_clk_pin rise edge)
                                                      0.000     0.000 r  
    E3                                                0.000     0.000 r  clk (IN)
                         net (fo=0)                   0.000     0.000    clk
    E3                   IBUF (Prop_ibuf_I_O)         0.250     0.250 r  clk_IBUF_inst/O
                         net (fo=1, routed)           0.644     0.894    clk_IBUF
    BUFGCTRL_X0Y16       BUFG (Prop_bufg_I_O)         0.026     0.920 r  clk_IBUF_BUFG_inst/O
                         net (fo=18, routed)          0.602     1.521    u_pwm/clk_IBUF_BUFG
    SLICE_X0Y89          FDCE                                         r  u_pwm/counter_reg[3]/C
  -------------------------------------------------------------------    -------------------
    SLICE_X0Y89          FDCE (Prop_fdce_C_Q)         0.128     1.649 r  u_pwm/counter_reg[3]/Q
                         net (fo=4, routed)           0.132     1.781    u_pwm/counter_reg[3]
    SLICE_X0Y89          LUT2 (Prop_lut2_I0_O)        0.098     1.879 r  u_pwm/rgb_OBUF[2]_inst_i_1/O
                         net (fo=1, routed)           0.329     2.208    rgb_OBUF[2]
    R12                  OBUF (Prop_obuf_I_O)         1.268     3.476 r  rgb_OBUF[2]_inst/O
                         net (fo=0)                   0.000     3.476    rgb[2]
    R12                                                               r  rgb[2] (OUT)
  -------------------------------------------------------------------    -------------------

Slack:                    inf
  Source:                 u_pwm/counter_reg[3]/C
                            (rising edge-triggered cell FDCE clocked by sys_clk_pin  {rise@0.000ns fall@5.000ns period=10.000ns})
  Destination:            rgb[1]
                            (output port)
  Path Group:             (none)
  Path Type:              Min at Fast Process Corner
  Data Path Delay:        2.070ns  (logic 1.448ns (69.939%)  route 0.622ns (30.061%))
  Logic Levels:           2  (LUT2=1 OBUF=1)
  Clock Uncertainty:      0.025ns  ((TSJ^2 + TIJ^2)^1/2 + DJ) / 2 + PE
    Total System Jitter     (TSJ):    0.050ns
    Total Input Jitter      (TIJ):    0.000ns
    Discrete Jitter          (DJ):    0.000ns
    Phase Error              (PE):    0.000ns

    Location             Delay type                Incr(ns)  Path(ns)    Netlist Resource(s)
  -------------------------------------------------------------------    -------------------
                         (clock sys_clk_pin rise edge)
                                                      0.000     0.000 r  
    E3                                                0.000     0.000 r  clk (IN)
                         net (fo=0)                   0.000     0.000    clk
    E3                   IBUF (Prop_ibuf_I_O)         0.250     0.250 r  clk_IBUF_inst/O
                         net (fo=1, routed)           0.644     0.894    clk_IBUF
    BUFGCTRL_X0Y16       BUFG (Prop_bufg_I_O)         0.026     0.920 r  clk_IBUF_BUFG_inst/O
                         net (fo=18, routed)          0.602     1.521    u_pwm/clk_IBUF_BUFG
    SLICE_X0Y89          FDCE                                         r  u_pwm/counter_reg[3]/C
  -------------------------------------------------------------------    -------------------
    SLICE_X0Y89          FDCE (Prop_fdce_C_Q)         0.128     1.649 r  u_pwm/counter_reg[3]/Q
                         net (fo=4, routed)           0.136     1.785    u_pwm/counter_reg[3]
    SLICE_X0Y89          LUT2 (Prop_lut2_I0_O)        0.098     1.883 r  u_pwm/rgb_OBUF[1]_inst_i_1/O
                         net (fo=1, routed)           0.487     2.370    rgb_OBUF[1]
    M16                  OBUF (Prop_obuf_I_O)         1.222     3.592 r  rgb_OBUF[1]_inst/O
                         net (fo=0)                   0.000     3.592    rgb[1]
    M16                                                               r  rgb[1] (OUT)
  -------------------------------------------------------------------    -------------------

Slack:                    inf
  Source:                 u_pwm/counter_reg[3]/C
                            (rising edge-triggered cell FDCE clocked by sys_clk_pin  {rise@0.000ns fall@5.000ns period=10.000ns})
  Destination:            rgb[0]
                            (output port)
  Path Group:             (none)
  Path Type:              Min at Fast Process Corner
  Data Path Delay:        2.159ns  (logic 1.515ns (70.208%)  route 0.643ns (29.792%))
  Logic Levels:           2  (LUT2=1 OBUF=1)
  Clock Uncertainty:      0.025ns  ((TSJ^2 + TIJ^2)^1/2 + DJ) / 2 + PE
    Total System Jitter     (TSJ):    0.050ns
    Total Input Jitter      (TIJ):    0.000ns
    Discrete Jitter          (DJ):    0.000ns
    Phase Error              (PE):    0.000ns

    Location             Delay type                Incr(ns)  Path(ns)    Netlist Resource(s)
  -------------------------------------------------------------------    -------------------
                         (clock sys_clk_pin rise edge)
                                                      0.000     0.000 r  
    E3                                                0.000     0.000 r  clk (IN)
                         net (fo=0)                   0.000     0.000    clk
    E3                   IBUF (Prop_ibuf_I_O)         0.250     0.250 r  clk_IBUF_inst/O
                         net (fo=1, routed)           0.644     0.894    clk_IBUF
    BUFGCTRL_X0Y16       BUFG (Prop_bufg_I_O)         0.026     0.920 r  clk_IBUF_BUFG_inst/O
                         net (fo=18, routed)          0.602     1.521    u_pwm/clk_IBUF_BUFG
    SLICE_X0Y89          FDCE                                         r  u_pwm/counter_reg[3]/C
  -------------------------------------------------------------------    -------------------
    SLICE_X0Y89          FDCE (Prop_fdce_C_Q)         0.128     1.649 r  u_pwm/counter_reg[3]/Q
                         net (fo=4, routed)           0.136     1.785    u_pwm/counter_reg[3]
    SLICE_X0Y89          LUT2 (Prop_lut2_I0_O)        0.104     1.889 r  u_pwm/rgb_OBUF[0]_inst_i_1/O
                         net (fo=1, routed)           0.507     2.396    rgb_OBUF[0]
    N15                  OBUF (Prop_obuf_I_O)         1.283     3.680 r  rgb_OBUF[0]_inst/O
                         net (fo=0)                   0.000     3.680    rgb[0]
    N15                                                               r  rgb[0] (OUT)
  -------------------------------------------------------------------    -------------------





--------------------------------------------------------------------------------------
Path Group:  (none)
From Clock:  
  To Clock:  sys_clk_pin

Max Delay            18 Endpoints
Min Delay            18 Endpoints
--------------------------------------------------------------------------------------


Max Delay Paths
--------------------------------------------------------------------------------------
Slack:                    inf
  Source:                 reset
                            (input port)
  Destination:            u_pwm/prescaler_cnt_reg[10]/CLR
                            (recovery check against rising-edge clock sys_clk_pin  {rise@0.000ns fall@5.000ns period=10.000ns})
  Path Group:             (none)
  Path Type:              Recovery (Max at Slow Process Corner)
  Data Path Delay:        3.461ns  (logic 1.477ns (42.668%)  route 1.984ns (57.332%))
  Logic Levels:           1  (IBUF=1)
  Clock Path Skew:        5.028ns (DCD - SCD + CPR)
    Destination Clock Delay (DCD):    5.028ns
    Source Clock Delay      (SCD):    0.000ns
    Clock Pessimism Removal (CPR):    0.000ns
  Clock Uncertainty:      0.025ns  ((TSJ^2 + TIJ^2)^1/2 + DJ) / 2 + PE
    Total System Jitter     (TSJ):    0.050ns
    Total Input Jitter      (TIJ):    0.000ns
    Discrete Jitter          (DJ):    0.000ns
    Phase Error              (PE):    0.000ns

    Location             Delay type                Incr(ns)  Path(ns)    Netlist Resource(s)
  -------------------------------------------------------------------    -------------------
    N17                                               0.000     0.000 f  reset (IN)
                         net (fo=0)                   0.000     0.000    reset
    N17                  IBUF (Prop_ibuf_I_O)         1.477     1.477 f  reset_IBUF_inst/O
                         net (fo=18, routed)          1.984     3.461    u_pwm/AR[0]
    SLICE_X0Y93          FDCE                                         f  u_pwm/prescaler_cnt_reg[10]/CLR
  -------------------------------------------------------------------    -------------------

                         (clock sys_clk_pin rise edge)
                                                      0.000     0.000 r  
    E3                                                0.000     0.000 r  clk (IN)
                         net (fo=0)                   0.000     0.000    clk
    E3                   IBUF (Prop_ibuf_I_O)         1.411     1.411 r  clk_IBUF_inst/O
                         net (fo=1, routed)           1.920     3.331    clk_IBUF
    BUFGCTRL_X0Y16       BUFG (Prop_bufg_I_O)         0.091     3.422 r  clk_IBUF_BUFG_inst/O
                         net (fo=18, routed)          1.605     5.028    u_pwm/clk_IBUF_BUFG
    SLICE_X0Y93          FDCE                                         r  u_pwm/prescaler_cnt_reg[10]/C

Slack:                    inf
  Source:                 reset
                            (input port)
  Destination:            u_pwm/prescaler_cnt_reg[11]/CLR
                            (recovery check against rising-edge clock sys_clk_pin  {rise@0.000ns fall@5.000ns period=10.000ns})
  Path Group:             (none)
  Path Type:              Recovery (Max at Slow Process Corner)
  Data Path Delay:        3.461ns  (logic 1.477ns (42.668%)  route 1.984ns (57.332%))
  Logic Levels:           1  (IBUF=1)
  Clock Path Skew:        5.028ns (DCD - SCD + CPR)
    Destination Clock Delay (DCD):    5.028ns
    Source Clock Delay      (SCD):    0.000ns
    Clock Pessimism Removal (CPR):    0.000ns
  Clock Uncertainty:      0.025ns  ((TSJ^2 + TIJ^2)^1/2 + DJ) / 2 + PE
    Total System Jitter     (TSJ):    0.050ns
    Total Input Jitter      (TIJ):    0.000ns
    Discrete Jitter          (DJ):    0.000ns
    Phase Error              (PE):    0.000ns

    Location             Delay type                Incr(ns)  Path(ns)    Netlist Resource(s)
  -------------------------------------------------------------------    -------------------
    N17                                               0.000     0.000 f  reset (IN)
                         net (fo=0)                   0.000     0.000    reset
    N17                  IBUF (Prop_ibuf_I_O)         1.477     1.477 f  reset_IBUF_inst/O
                         net (fo=18, routed)          1.984     3.461    u_pwm/AR[0]
    SLICE_X0Y93          FDCE                                         f  u_pwm/prescaler_cnt_reg[11]/CLR
  -------------------------------------------------------------------    -------------------

                         (clock sys_clk_pin rise edge)
                                                      0.000     0.000 r  
    E3                                                0.000     0.000 r  clk (IN)
                         net (fo=0)                   0.000     0.000    clk
    E3                   IBUF (Prop_ibuf_I_O)         1.411     1.411 r  clk_IBUF_inst/O
                         net (fo=1, routed)           1.920     3.331    clk_IBUF
    BUFGCTRL_X0Y16       BUFG (Prop_bufg_I_O)         0.091     3.422 r  clk_IBUF_BUFG_inst/O
                         net (fo=18, routed)          1.605     5.028    u_pwm/clk_IBUF_BUFG
    SLICE_X0Y93          FDCE                                         r  u_pwm/prescaler_cnt_reg[11]/C

Slack:                    inf
  Source:                 reset
                            (input port)
  Destination:            u_pwm/prescaler_cnt_reg[12]/CLR
                            (recovery check against rising-edge clock sys_clk_pin  {rise@0.000ns fall@5.000ns period=10.000ns})
  Path Group:             (none)
  Path Type:              Recovery (Max at Slow Process Corner)
  Data Path Delay:        3.461ns  (logic 1.477ns (42.668%)  route 1.984ns (57.332%))
  Logic Levels:           1  (IBUF=1)
  Clock Path Skew:        5.028ns (DCD - SCD + CPR)
    Destination Clock Delay (DCD):    5.028ns
    Source Clock Delay      (SCD):    0.000ns
    Clock Pessimism Removal (CPR):    0.000ns
  Clock Uncertainty:      0.025ns  ((TSJ^2 + TIJ^2)^1/2 + DJ) / 2 + PE
    Total System Jitter     (TSJ):    0.050ns
    Total Input Jitter      (TIJ):    0.000ns
    Discrete Jitter          (DJ):    0.000ns
    Phase Error              (PE):    0.000ns

    Location             Delay type                Incr(ns)  Path(ns)    Netlist Resource(s)
  -------------------------------------------------------------------    -------------------
    N17                                               0.000     0.000 f  reset (IN)
                         net (fo=0)                   0.000     0.000    reset
    N17                  IBUF (Prop_ibuf_I_O)         1.477     1.477 f  reset_IBUF_inst/O
                         net (fo=18, routed)          1.984     3.461    u_pwm/AR[0]
    SLICE_X0Y93          FDCE                                         f  u_pwm/prescaler_cnt_reg[12]/CLR
  -------------------------------------------------------------------    -------------------

                         (clock sys_clk_pin rise edge)
                                                      0.000     0.000 r  
    E3                                                0.000     0.000 r  clk (IN)
                         net (fo=0)                   0.000     0.000    clk
    E3                   IBUF (Prop_ibuf_I_O)         1.411     1.411 r  clk_IBUF_inst/O
                         net (fo=1, routed)           1.920     3.331    clk_IBUF
    BUFGCTRL_X0Y16       BUFG (Prop_bufg_I_O)         0.091     3.422 r  clk_IBUF_BUFG_inst/O
                         net (fo=18, routed)          1.605     5.028    u_pwm/clk_IBUF_BUFG
    SLICE_X0Y93          FDCE                                         r  u_pwm/prescaler_cnt_reg[12]/C

Slack:                    inf
  Source:                 reset
                            (input port)
  Destination:            u_pwm/prescaler_cnt_reg[9]/CLR
                            (recovery check against rising-edge clock sys_clk_pin  {rise@0.000ns fall@5.000ns period=10.000ns})
  Path Group:             (none)
  Path Type:              Recovery (Max at Slow Process Corner)
  Data Path Delay:        3.461ns  (logic 1.477ns (42.668%)  route 1.984ns (57.332%))
  Logic Levels:           1  (IBUF=1)
  Clock Path Skew:        5.028ns (DCD - SCD + CPR)
    Destination Clock Delay (DCD):    5.028ns
    Source Clock Delay      (SCD):    0.000ns
    Clock Pessimism Removal (CPR):    0.000ns
  Clock Uncertainty:      0.025ns  ((TSJ^2 + TIJ^2)^1/2 + DJ) / 2 + PE
    Total System Jitter     (TSJ):    0.050ns
    Total Input Jitter      (TIJ):    0.000ns
    Discrete Jitter          (DJ):    0.000ns
    Phase Error              (PE):    0.000ns

    Location             Delay type                Incr(ns)  Path(ns)    Netlist Resource(s)
  -------------------------------------------------------------------    -------------------
    N17                                               0.000     0.000 f  reset (IN)
                         net (fo=0)                   0.000     0.000    reset
    N17                  IBUF (Prop_ibuf_I_O)         1.477     1.477 f  reset_IBUF_inst/O
                         net (fo=18, routed)          1.984     3.461    u_pwm/AR[0]
    SLICE_X0Y93          FDCE                                         f  u_pwm/prescaler_cnt_reg[9]/CLR
  -------------------------------------------------------------------    -------------------

                         (clock sys_clk_pin rise edge)
                                                      0.000     0.000 r  
    E3                                                0.000     0.000 r  clk (IN)
                         net (fo=0)                   0.000     0.000    clk
    E3                   IBUF (Prop_ibuf_I_O)         1.411     1.411 r  clk_IBUF_inst/O
                         net (fo=1, routed)           1.920     3.331    clk_IBUF
    BUFGCTRL_X0Y16       BUFG (Prop_bufg_I_O)         0.091     3.422 r  clk_IBUF_BUFG_inst/O
                         net (fo=18, routed)          1.605     5.028    u_pwm/clk_IBUF_BUFG
    SLICE_X0Y93          FDCE                                         r  u_pwm/prescaler_cnt_reg[9]/C

Slack:                    inf
  Source:                 reset
                            (input port)
  Destination:            u_pwm/prescaler_cnt_reg[5]/CLR
                            (recovery check against rising-edge clock sys_clk_pin  {rise@0.000ns fall@5.000ns period=10.000ns})
  Path Group:             (none)
  Path Type:              Recovery (Max at Slow Process Corner)
  Data Path Delay:        3.319ns  (logic 1.477ns (44.493%)  route 1.842ns (55.507%))
  Logic Levels:           1  (IBUF=1)
  Clock Path Skew:        5.027ns (DCD - SCD + CPR)
    Destination Clock Delay (DCD):    5.027ns
    Source Clock Delay      (SCD):    0.000ns
    Clock Pessimism Removal (CPR):    0.000ns
  Clock Uncertainty:      0.025ns  ((TSJ^2 + TIJ^2)^1/2 + DJ) / 2 + PE
    Total System Jitter     (TSJ):    0.050ns
    Total Input Jitter      (TIJ):    0.000ns
    Discrete Jitter          (DJ):    0.000ns
    Phase Error              (PE):    0.000ns

    Location             Delay type                Incr(ns)  Path(ns)    Netlist Resource(s)
  -------------------------------------------------------------------    -------------------
    N17                                               0.000     0.000 f  reset (IN)
                         net (fo=0)                   0.000     0.000    reset
    N17                  IBUF (Prop_ibuf_I_O)         1.477     1.477 f  reset_IBUF_inst/O
                         net (fo=18, routed)          1.842     3.319    u_pwm/AR[0]
    SLICE_X0Y92          FDCE                                         f  u_pwm/prescaler_cnt_reg[5]/CLR
  -------------------------------------------------------------------    -------------------

                         (clock sys_clk_pin rise edge)
                                                      0.000     0.000 r  
    E3                                                0.000     0.000 r  clk (IN)
                         net (fo=0)                   0.000     0.000    clk
    E3                   IBUF (Prop_ibuf_I_O)         1.411     1.411 r  clk_IBUF_inst/O
                         net (fo=1, routed)           1.920     3.331    clk_IBUF
    BUFGCTRL_X0Y16       BUFG (Prop_bufg_I_O)         0.091     3.422 r  clk_IBUF_BUFG_inst/O
                         net (fo=18, routed)          1.604     5.027    u_pwm/clk_IBUF_BUFG
    SLICE_X0Y92          FDCE                                         r  u_pwm/prescaler_cnt_reg[5]/C

Slack:                    inf
  Source:                 reset
                            (input port)
  Destination:            u_pwm/prescaler_cnt_reg[6]/CLR
                            (recovery check against rising-edge clock sys_clk_pin  {rise@0.000ns fall@5.000ns period=10.000ns})
  Path Group:             (none)
  Path Type:              Recovery (Max at Slow Process Corner)
  Data Path Delay:        3.319ns  (logic 1.477ns (44.493%)  route 1.842ns (55.507%))
  Logic Levels:           1  (IBUF=1)
  Clock Path Skew:        5.027ns (DCD - SCD + CPR)
    Destination Clock Delay (DCD):    5.027ns
    Source Clock Delay      (SCD):    0.000ns
    Clock Pessimism Removal (CPR):    0.000ns
  Clock Uncertainty:      0.025ns  ((TSJ^2 + TIJ^2)^1/2 + DJ) / 2 + PE
    Total System Jitter     (TSJ):    0.050ns
    Total Input Jitter      (TIJ):    0.000ns
    Discrete Jitter          (DJ):    0.000ns
    Phase Error              (PE):    0.000ns

    Location             Delay type                Incr(ns)  Path(ns)    Netlist Resource(s)
  -------------------------------------------------------------------    -------------------
    N17                                               0.000     0.000 f  reset (IN)
                         net (fo=0)                   0.000     0.000    reset
    N17                  IBUF (Prop_ibuf_I_O)         1.477     1.477 f  reset_IBUF_inst/O
                         net (fo=18, routed)          1.842     3.319    u_pwm/AR[0]
    SLICE_X0Y92          FDCE                                         f  u_pwm/prescaler_cnt_reg[6]/CLR
  -------------------------------------------------------------------    -------------------

                         (clock sys_clk_pin rise edge)
                                                      0.000     0.000 r  
    E3                                                0.000     0.000 r  clk (IN)
                         net (fo=0)                   0.000     0.000    clk
    E3                   IBUF (Prop_ibuf_I_O)         1.411     1.411 r  clk_IBUF_inst/O
                         net (fo=1, routed)           1.920     3.331    clk_IBUF
    BUFGCTRL_X0Y16       BUFG (Prop_bufg_I_O)         0.091     3.422 r  clk_IBUF_BUFG_inst/O
                         net (fo=18, routed)          1.604     5.027    u_pwm/clk_IBUF_BUFG
    SLICE_X0Y92          FDCE                                         r  u_pwm/prescaler_cnt_reg[6]/C

Slack:                    inf
  Source:                 reset
                            (input port)
  Destination:            u_pwm/prescaler_cnt_reg[8]/CLR
                            (recovery check against rising-edge clock sys_clk_pin  {rise@0.000ns fall@5.000ns period=10.000ns})
  Path Group:             (none)
  Path Type:              Recovery (Max at Slow Process Corner)
  Data Path Delay:        3.319ns  (logic 1.477ns (44.493%)  route 1.842ns (55.507%))
  Logic Levels:           1  (IBUF=1)
  Clock Path Skew:        5.027ns (DCD - SCD + CPR)
    Destination Clock Delay (DCD):    5.027ns
    Source Clock Delay      (SCD):    0.000ns
    Clock Pessimism Removal (CPR):    0.000ns
  Clock Uncertainty:      0.025ns  ((TSJ^2 + TIJ^2)^1/2 + DJ) / 2 + PE
    Total System Jitter     (TSJ):    0.050ns
    Total Input Jitter      (TIJ):    0.000ns
    Discrete Jitter          (DJ):    0.000ns
    Phase Error              (PE):    0.000ns

    Location             Delay type                Incr(ns)  Path(ns)    Netlist Resource(s)
  -------------------------------------------------------------------    -------------------
    N17                                               0.000     0.000 f  reset (IN)
                         net (fo=0)                   0.000     0.000    reset
    N17                  IBUF (Prop_ibuf_I_O)         1.477     1.477 f  reset_IBUF_inst/O
                         net (fo=18, routed)          1.842     3.319    u_pwm/AR[0]
    SLICE_X0Y92          FDCE                                         f  u_pwm/prescaler_cnt_reg[8]/CLR
  -------------------------------------------------------------------    -------------------

                         (clock sys_clk_pin rise edge)
                                                      0.000     0.000 r  
    E3                                                0.000     0.000 r  clk (IN)
                         net (fo=0)                   0.000     0.000    clk
    E3                   IBUF (Prop_ibuf_I_O)         1.411     1.411 r  clk_IBUF_inst/O
                         net (fo=1, routed)           1.920     3.331    clk_IBUF
    BUFGCTRL_X0Y16       BUFG (Prop_bufg_I_O)         0.091     3.422 r  clk_IBUF_BUFG_inst/O
                         net (fo=18, routed)          1.604     5.027    u_pwm/clk_IBUF_BUFG
    SLICE_X0Y92          FDCE                                         r  u_pwm/prescaler_cnt_reg[8]/C

Slack:                    inf
  Source:                 reset
                            (input port)
  Destination:            u_pwm/prescaler_cnt_reg[1]/CLR
                            (recovery check against rising-edge clock sys_clk_pin  {rise@0.000ns fall@5.000ns period=10.000ns})
  Path Group:             (none)
  Path Type:              Recovery (Max at Slow Process Corner)
  Data Path Delay:        3.167ns  (logic 1.477ns (46.625%)  route 1.690ns (53.375%))
  Logic Levels:           1  (IBUF=1)
  Clock Path Skew:        5.027ns (DCD - SCD + CPR)
    Destination Clock Delay (DCD):    5.027ns
    Source Clock Delay      (SCD):    0.000ns
    Clock Pessimism Removal (CPR):    0.000ns
  Clock Uncertainty:      0.025ns  ((TSJ^2 + TIJ^2)^1/2 + DJ) / 2 + PE
    Total System Jitter     (TSJ):    0.050ns
    Total Input Jitter      (TIJ):    0.000ns
    Discrete Jitter          (DJ):    0.000ns
    Phase Error              (PE):    0.000ns

    Location             Delay type                Incr(ns)  Path(ns)    Netlist Resource(s)
  -------------------------------------------------------------------    -------------------
    N17                                               0.000     0.000 f  reset (IN)
                         net (fo=0)                   0.000     0.000    reset
    N17                  IBUF (Prop_ibuf_I_O)         1.477     1.477 f  reset_IBUF_inst/O
                         net (fo=18, routed)          1.690     3.167    u_pwm/AR[0]
    SLICE_X0Y91          FDCE                                         f  u_pwm/prescaler_cnt_reg[1]/CLR
  -------------------------------------------------------------------    -------------------

                         (clock sys_clk_pin rise edge)
                                                      0.000     0.000 r  
    E3                                                0.000     0.000 r  clk (IN)
                         net (fo=0)                   0.000     0.000    clk
    E3                   IBUF (Prop_ibuf_I_O)         1.411     1.411 r  clk_IBUF_inst/O
                         net (fo=1, routed)           1.920     3.331    clk_IBUF
    BUFGCTRL_X0Y16       BUFG (Prop_bufg_I_O)         0.091     3.422 r  clk_IBUF_BUFG_inst/O
                         net (fo=18, routed)          1.604     5.027    u_pwm/clk_IBUF_BUFG
    SLICE_X0Y91          FDCE                                         r  u_pwm/prescaler_cnt_reg[1]/C

Slack:                    inf
  Source:                 reset
                            (input port)
  Destination:            u_pwm/prescaler_cnt_reg[4]/CLR
                            (recovery check against rising-edge clock sys_clk_pin  {rise@0.000ns fall@5.000ns period=10.000ns})
  Path Group:             (none)
  Path Type:              Recovery (Max at Slow Process Corner)
  Data Path Delay:        3.167ns  (logic 1.477ns (46.625%)  route 1.690ns (53.375%))
  Logic Levels:           1  (IBUF=1)
  Clock Path Skew:        5.027ns (DCD - SCD + CPR)
    Destination Clock Delay (DCD):    5.027ns
    Source Clock Delay      (SCD):    0.000ns
    Clock Pessimism Removal (CPR):    0.000ns
  Clock Uncertainty:      0.025ns  ((TSJ^2 + TIJ^2)^1/2 + DJ) / 2 + PE
    Total System Jitter     (TSJ):    0.050ns
    Total Input Jitter      (TIJ):    0.000ns
    Discrete Jitter          (DJ):    0.000ns
    Phase Error              (PE):    0.000ns

    Location             Delay type                Incr(ns)  Path(ns)    Netlist Resource(s)
  -------------------------------------------------------------------    -------------------
    N17                                               0.000     0.000 f  reset (IN)
                         net (fo=0)                   0.000     0.000    reset
    N17                  IBUF (Prop_ibuf_I_O)         1.477     1.477 f  reset_IBUF_inst/O
                         net (fo=18, routed)          1.690     3.167    u_pwm/AR[0]
    SLICE_X0Y91          FDCE                                         f  u_pwm/prescaler_cnt_reg[4]/CLR
  -------------------------------------------------------------------    -------------------

                         (clock sys_clk_pin rise edge)
                                                      0.000     0.000 r  
    E3                                                0.000     0.000 r  clk (IN)
                         net (fo=0)                   0.000     0.000    clk
    E3                   IBUF (Prop_ibuf_I_O)         1.411     1.411 r  clk_IBUF_inst/O
                         net (fo=1, routed)           1.920     3.331    clk_IBUF
    BUFGCTRL_X0Y16       BUFG (Prop_bufg_I_O)         0.091     3.422 r  clk_IBUF_BUFG_inst/O
                         net (fo=18, routed)          1.604     5.027    u_pwm/clk_IBUF_BUFG
    SLICE_X0Y91          FDCE                                         r  u_pwm/prescaler_cnt_reg[4]/C

Slack:                    inf
  Source:                 reset
                            (input port)
  Destination:            u_pwm/prescaler_cnt_reg[7]/CLR
                            (recovery check against rising-edge clock sys_clk_pin  {rise@0.000ns fall@5.000ns period=10.000ns})
  Path Group:             (none)
  Path Type:              Recovery (Max at Slow Process Corner)
  Data Path Delay:        3.167ns  (logic 1.477ns (46.625%)  route 1.690ns (53.375%))
  Logic Levels:           1  (IBUF=1)
  Clock Path Skew:        5.027ns (DCD - SCD + CPR)
    Destination Clock Delay (DCD):    5.027ns
    Source Clock Delay      (SCD):    0.000ns
    Clock Pessimism Removal (CPR):    0.000ns
  Clock Uncertainty:      0.025ns  ((TSJ^2 + TIJ^2)^1/2 + DJ) / 2 + PE
    Total System Jitter     (TSJ):    0.050ns
    Total Input Jitter      (TIJ):    0.000ns
    Discrete Jitter          (DJ):    0.000ns
    Phase Error              (PE):    0.000ns

    Location             Delay type                Incr(ns)  Path(ns)    Netlist Resource(s)
  -------------------------------------------------------------------    -------------------
    N17                                               0.000     0.000 f  reset (IN)
                         net (fo=0)                   0.000     0.000    reset
    N17                  IBUF (Prop_ibuf_I_O)         1.477     1.477 f  reset_IBUF_inst/O
                         net (fo=18, routed)          1.690     3.167    u_pwm/AR[0]
    SLICE_X0Y91          FDCE                                         f  u_pwm/prescaler_cnt_reg[7]/CLR
  -------------------------------------------------------------------    -------------------

                         (clock sys_clk_pin rise edge)
                                                      0.000     0.000 r  
    E3                                                0.000     0.000 r  clk (IN)
                         net (fo=0)                   0.000     0.000    clk
    E3                   IBUF (Prop_ibuf_I_O)         1.411     1.411 r  clk_IBUF_inst/O
                         net (fo=1, routed)           1.920     3.331    clk_IBUF
    BUFGCTRL_X0Y16       BUFG (Prop_bufg_I_O)         0.091     3.422 r  clk_IBUF_BUFG_inst/O
                         net (fo=18, routed)          1.604     5.027    u_pwm/clk_IBUF_BUFG
    SLICE_X0Y91          FDCE                                         r  u_pwm/prescaler_cnt_reg[7]/C





Min Delay Paths
--------------------------------------------------------------------------------------
Slack:                    inf
  Source:                 reset
                            (input port)
  Destination:            u_pwm/counter_reg[0]/CLR
                            (removal check against rising-edge clock sys_clk_pin  {rise@0.000ns fall@5.000ns period=10.000ns})
  Path Group:             (none)
  Path Type:              Removal (Min at Fast Process Corner)
  Data Path Delay:        0.816ns  (logic 0.244ns (29.956%)  route 0.572ns (70.044%))
  Logic Levels:           1  (IBUF=1)
  Clock Path Skew:        2.040ns (DCD - SCD - CPR)
    Destination Clock Delay (DCD):    2.040ns
    Source Clock Delay      (SCD):    0.000ns
    Clock Pessimism Removal (CPR):    -0.000ns

    Location             Delay type                Incr(ns)  Path(ns)    Netlist Resource(s)
  -------------------------------------------------------------------    -------------------
    N17                                               0.000     0.000 f  reset (IN)
                         net (fo=0)                   0.000     0.000    reset
    N17                  IBUF (Prop_ibuf_I_O)         0.244     0.244 f  reset_IBUF_inst/O
                         net (fo=18, routed)          0.572     0.816    u_pwm/AR[0]
    SLICE_X0Y89          FDCE                                         f  u_pwm/counter_reg[0]/CLR
  -------------------------------------------------------------------    -------------------

                         (clock sys_clk_pin rise edge)
                                                      0.000     0.000 r  
    E3                                                0.000     0.000 r  clk (IN)
                         net (fo=0)                   0.000     0.000    clk
    E3                   IBUF (Prop_ibuf_I_O)         0.438     0.438 r  clk_IBUF_inst/O
                         net (fo=1, routed)           0.699     1.136    clk_IBUF
    BUFGCTRL_X0Y16       BUFG (Prop_bufg_I_O)         0.029     1.165 r  clk_IBUF_BUFG_inst/O
                         net (fo=18, routed)          0.875     2.040    u_pwm/clk_IBUF_BUFG
    SLICE_X0Y89          FDCE                                         r  u_pwm/counter_reg[0]/C

Slack:                    inf
  Source:                 reset
                            (input port)
  Destination:            u_pwm/counter_reg[1]/CLR
                            (removal check against rising-edge clock sys_clk_pin  {rise@0.000ns fall@5.000ns period=10.000ns})
  Path Group:             (none)
  Path Type:              Removal (Min at Fast Process Corner)
  Data Path Delay:        0.816ns  (logic 0.244ns (29.956%)  route 0.572ns (70.044%))
  Logic Levels:           1  (IBUF=1)
  Clock Path Skew:        2.040ns (DCD - SCD - CPR)
    Destination Clock Delay (DCD):    2.040ns
    Source Clock Delay      (SCD):    0.000ns
    Clock Pessimism Removal (CPR):    -0.000ns

    Location             Delay type                Incr(ns)  Path(ns)    Netlist Resource(s)
  -------------------------------------------------------------------    -------------------
    N17                                               0.000     0.000 f  reset (IN)
                         net (fo=0)                   0.000     0.000    reset
    N17                  IBUF (Prop_ibuf_I_O)         0.244     0.244 f  reset_IBUF_inst/O
                         net (fo=18, routed)          0.572     0.816    u_pwm/AR[0]
    SLICE_X0Y89          FDCE                                         f  u_pwm/counter_reg[1]/CLR
  -------------------------------------------------------------------    -------------------

                         (clock sys_clk_pin rise edge)
                                                      0.000     0.000 r  
    E3                                                0.000     0.000 r  clk (IN)
                         net (fo=0)                   0.000     0.000    clk
    E3                   IBUF (Prop_ibuf_I_O)         0.438     0.438 r  clk_IBUF_inst/O
                         net (fo=1, routed)           0.699     1.136    clk_IBUF
    BUFGCTRL_X0Y16       BUFG (Prop_bufg_I_O)         0.029     1.165 r  clk_IBUF_BUFG_inst/O
                         net (fo=18, routed)          0.875     2.040    u_pwm/clk_IBUF_BUFG
    SLICE_X0Y89          FDCE                                         r  u_pwm/counter_reg[1]/C

Slack:                    inf
  Source:                 reset
                            (input port)
  Destination:            u_pwm/counter_reg[2]/CLR
                            (removal check against rising-edge clock sys_clk_pin  {rise@0.000ns fall@5.000ns period=10.000ns})
  Path Group:             (none)
  Path Type:              Removal (Min at Fast Process Corner)
  Data Path Delay:        0.816ns  (logic 0.244ns (29.956%)  route 0.572ns (70.044%))
  Logic Levels:           1  (IBUF=1)
  Clock Path Skew:        2.040ns (DCD - SCD - CPR)
    Destination Clock Delay (DCD):    2.040ns
    Source Clock Delay      (SCD):    0.000ns
    Clock Pessimism Removal (CPR):    -0.000ns

    Location             Delay type                Incr(ns)  Path(ns)    Netlist Resource(s)
  -------------------------------------------------------------------    -------------------
    N17                                               0.000     0.000 f  reset (IN)
                         net (fo=0)                   0.000     0.000    reset
    N17                  IBUF (Prop_ibuf_I_O)         0.244     0.244 f  reset_IBUF_inst/O
                         net (fo=18, routed)          0.572     0.816    u_pwm/AR[0]
    SLICE_X0Y89          FDCE                                         f  u_pwm/counter_reg[2]/CLR
  -------------------------------------------------------------------    -------------------

                         (clock sys_clk_pin rise edge)
                                                      0.000     0.000 r  
    E3                                                0.000     0.000 r  clk (IN)
                         net (fo=0)                   0.000     0.000    clk
    E3                   IBUF (Prop_ibuf_I_O)         0.438     0.438 r  clk_IBUF_inst/O
                         net (fo=1, routed)           0.699     1.136    clk_IBUF
    BUFGCTRL_X0Y16       BUFG (Prop_bufg_I_O)         0.029     1.165 r  clk_IBUF_BUFG_inst/O
                         net (fo=18, routed)          0.875     2.040    u_pwm/clk_IBUF_BUFG
    SLICE_X0Y89          FDCE                                         r  u_pwm/counter_reg[2]/C

Slack:                    inf
  Source:                 reset
                            (input port)
  Destination:            u_pwm/counter_reg[3]/CLR
                            (removal check against rising-edge clock sys_clk_pin  {rise@0.000ns fall@5.000ns period=10.000ns})
  Path Group:             (none)
  Path Type:              Removal (Min at Fast Process Corner)
  Data Path Delay:        0.816ns  (logic 0.244ns (29.956%)  route 0.572ns (70.044%))
  Logic Levels:           1  (IBUF=1)
  Clock Path Skew:        2.040ns (DCD - SCD - CPR)
    Destination Clock Delay (DCD):    2.040ns
    Source Clock Delay      (SCD):    0.000ns
    Clock Pessimism Removal (CPR):    -0.000ns

    Location             Delay type                Incr(ns)  Path(ns)    Netlist Resource(s)
  -------------------------------------------------------------------    -------------------
    N17                                               0.000     0.000 f  reset (IN)
                         net (fo=0)                   0.000     0.000    reset
    N17                  IBUF (Prop_ibuf_I_O)         0.244     0.244 f  reset_IBUF_inst/O
                         net (fo=18, routed)          0.572     0.816    u_pwm/AR[0]
    SLICE_X0Y89          FDCE                                         f  u_pwm/counter_reg[3]/CLR
  -------------------------------------------------------------------    -------------------

                         (clock sys_clk_pin rise edge)
                                                      0.000     0.000 r  
    E3                                                0.000     0.000 r  clk (IN)
                         net (fo=0)                   0.000     0.000    clk
    E3                   IBUF (Prop_ibuf_I_O)         0.438     0.438 r  clk_IBUF_inst/O
                         net (fo=1, routed)           0.699     1.136    clk_IBUF
    BUFGCTRL_X0Y16       BUFG (Prop_bufg_I_O)         0.029     1.165 r  clk_IBUF_BUFG_inst/O
                         net (fo=18, routed)          0.875     2.040    u_pwm/clk_IBUF_BUFG
    SLICE_X0Y89          FDCE                                         r  u_pwm/counter_reg[3]/C

Slack:                    inf
  Source:                 reset
                            (input port)
  Destination:            u_pwm/prescaler_cnt_reg[0]/CLR
                            (removal check against rising-edge clock sys_clk_pin  {rise@0.000ns fall@5.000ns period=10.000ns})
  Path Group:             (none)
  Path Type:              Removal (Min at Fast Process Corner)
  Data Path Delay:        0.881ns  (logic 0.244ns (27.755%)  route 0.636ns (72.245%))
  Logic Levels:           1  (IBUF=1)
  Clock Path Skew:        2.041ns (DCD - SCD - CPR)
    Destination Clock Delay (DCD):    2.041ns
    Source Clock Delay      (SCD):    0.000ns
    Clock Pessimism Removal (CPR):    -0.000ns

    Location             Delay type                Incr(ns)  Path(ns)    Netlist Resource(s)
  -------------------------------------------------------------------    -------------------
    N17                                               0.000     0.000 f  reset (IN)
                         net (fo=0)                   0.000     0.000    reset
    N17                  IBUF (Prop_ibuf_I_O)         0.244     0.244 f  reset_IBUF_inst/O
                         net (fo=18, routed)          0.636     0.881    u_pwm/AR[0]
    SLICE_X0Y90          FDCE                                         f  u_pwm/prescaler_cnt_reg[0]/CLR
  -------------------------------------------------------------------    -------------------

                         (clock sys_clk_pin rise edge)
                                                      0.000     0.000 r  
    E3                                                0.000     0.000 r  clk (IN)
                         net (fo=0)                   0.000     0.000    clk
    E3                   IBUF (Prop_ibuf_I_O)         0.438     0.438 r  clk_IBUF_inst/O
                         net (fo=1, routed)           0.699     1.136    clk_IBUF
    BUFGCTRL_X0Y16       BUFG (Prop_bufg_I_O)         0.029     1.165 r  clk_IBUF_BUFG_inst/O
                         net (fo=18, routed)          0.876     2.041    u_pwm/clk_IBUF_BUFG
    SLICE_X0Y90          FDCE                                         r  u_pwm/prescaler_cnt_reg[0]/C

Slack:                    inf
  Source:                 reset
                            (input port)
  Destination:            u_pwm/prescaler_cnt_reg[2]/CLR
                            (removal check against rising-edge clock sys_clk_pin  {rise@0.000ns fall@5.000ns period=10.000ns})
  Path Group:             (none)
  Path Type:              Removal (Min at Fast Process Corner)
  Data Path Delay:        0.881ns  (logic 0.244ns (27.755%)  route 0.636ns (72.245%))
  Logic Levels:           1  (IBUF=1)
  Clock Path Skew:        2.041ns (DCD - SCD - CPR)
    Destination Clock Delay (DCD):    2.041ns
    Source Clock Delay      (SCD):    0.000ns
    Clock Pessimism Removal (CPR):    -0.000ns

    Location             Delay type                Incr(ns)  Path(ns)    Netlist Resource(s)
  -------------------------------------------------------------------    -------------------
    N17                                               0.000     0.000 f  reset (IN)
                         net (fo=0)                   0.000     0.000    reset
    N17                  IBUF (Prop_ibuf_I_O)         0.244     0.244 f  reset_IBUF_inst/O
                         net (fo=18, routed)          0.636     0.881    u_pwm/AR[0]
    SLICE_X0Y90          FDCE                                         f  u_pwm/prescaler_cnt_reg[2]/CLR
  -------------------------------------------------------------------    -------------------

                         (clock sys_clk_pin rise edge)
                                                      0.000     0.000 r  
    E3                                                0.000     0.000 r  clk (IN)
                         net (fo=0)                   0.000     0.000    clk
    E3                   IBUF (Prop_ibuf_I_O)         0.438     0.438 r  clk_IBUF_inst/O
                         net (fo=1, routed)           0.699     1.136    clk_IBUF
    BUFGCTRL_X0Y16       BUFG (Prop_bufg_I_O)         0.029     1.165 r  clk_IBUF_BUFG_inst/O
                         net (fo=18, routed)          0.876     2.041    u_pwm/clk_IBUF_BUFG
    SLICE_X0Y90          FDCE                                         r  u_pwm/prescaler_cnt_reg[2]/C

Slack:                    inf
  Source:                 reset
                            (input port)
  Destination:            u_pwm/prescaler_cnt_reg[3]/CLR
                            (removal check against rising-edge clock sys_clk_pin  {rise@0.000ns fall@5.000ns period=10.000ns})
  Path Group:             (none)
  Path Type:              Removal (Min at Fast Process Corner)
  Data Path Delay:        0.881ns  (logic 0.244ns (27.755%)  route 0.636ns (72.245%))
  Logic Levels:           1  (IBUF=1)
  Clock Path Skew:        2.041ns (DCD - SCD - CPR)
    Destination Clock Delay (DCD):    2.041ns
    Source Clock Delay      (SCD):    0.000ns
    Clock Pessimism Removal (CPR):    -0.000ns

    Location             Delay type                Incr(ns)  Path(ns)    Netlist Resource(s)
  -------------------------------------------------------------------    -------------------
    N17                                               0.000     0.000 f  reset (IN)
                         net (fo=0)                   0.000     0.000    reset
    N17                  IBUF (Prop_ibuf_I_O)         0.244     0.244 f  reset_IBUF_inst/O
                         net (fo=18, routed)          0.636     0.881    u_pwm/AR[0]
    SLICE_X0Y90          FDCE                                         f  u_pwm/prescaler_cnt_reg[3]/CLR
  -------------------------------------------------------------------    -------------------

                         (clock sys_clk_pin rise edge)
                                                      0.000     0.000 r  
    E3                                                0.000     0.000 r  clk (IN)
                         net (fo=0)                   0.000     0.000    clk
    E3                   IBUF (Prop_ibuf_I_O)         0.438     0.438 r  clk_IBUF_inst/O
                         net (fo=1, routed)           0.699     1.136    clk_IBUF
    BUFGCTRL_X0Y16       BUFG (Prop_bufg_I_O)         0.029     1.165 r  clk_IBUF_BUFG_inst/O
                         net (fo=18, routed)          0.876     2.041    u_pwm/clk_IBUF_BUFG
    SLICE_X0Y90          FDCE                                         r  u_pwm/prescaler_cnt_reg[3]/C

Slack:                    inf
  Source:                 reset
                            (input port)
  Destination:            u_pwm/pwm_tick_reg/CLR
                            (removal check against rising-edge clock sys_clk_pin  {rise@0.000ns fall@5.000ns period=10.000ns})
  Path Group:             (none)
  Path Type:              Removal (Min at Fast Process Corner)
  Data Path Delay:        0.881ns  (logic 0.244ns (27.755%)  route 0.636ns (72.245%))
  Logic Levels:           1  (IBUF=1)
  Clock Path Skew:        2.041ns (DCD - SCD - CPR)
    Destination Clock Delay (DCD):    2.041ns
    Source Clock Delay      (SCD):    0.000ns
    Clock Pessimism Removal (CPR):    -0.000ns

    Location             Delay type                Incr(ns)  Path(ns)    Netlist Resource(s)
  -------------------------------------------------------------------    -------------------
    N17                                               0.000     0.000 f  reset (IN)
                         net (fo=0)                   0.000     0.000    reset
    N17                  IBUF (Prop_ibuf_I_O)         0.244     0.244 f  reset_IBUF_inst/O
                         net (fo=18, routed)          0.636     0.881    u_pwm/AR[0]
    SLICE_X0Y90          FDCE                                         f  u_pwm/pwm_tick_reg/CLR
  -------------------------------------------------------------------    -------------------

                         (clock sys_clk_pin rise edge)
                                                      0.000     0.000 r  
    E3                                                0.000     0.000 r  clk (IN)
                         net (fo=0)                   0.000     0.000    clk
    E3                   IBUF (Prop_ibuf_I_O)         0.438     0.438 r  clk_IBUF_inst/O
                         net (fo=1, routed)           0.699     1.136    clk_IBUF
    BUFGCTRL_X0Y16       BUFG (Prop_bufg_I_O)         0.029     1.165 r  clk_IBUF_BUFG_inst/O
                         net (fo=18, routed)          0.876     2.041    u_pwm/clk_IBUF_BUFG
    SLICE_X0Y90          FDCE                                         r  u_pwm/pwm_tick_reg/C

Slack:                    inf
  Source:                 reset
                            (input port)
  Destination:            u_pwm/prescaler_cnt_reg[1]/CLR
                            (removal check against rising-edge clock sys_clk_pin  {rise@0.000ns fall@5.000ns period=10.000ns})
  Path Group:             (none)
  Path Type:              Removal (Min at Fast Process Corner)
  Data Path Delay:        0.907ns  (logic 0.244ns (26.957%)  route 0.662ns (73.043%))
  Logic Levels:           1  (IBUF=1)
  Clock Path Skew:        2.041ns (DCD - SCD - CPR)
    Destination Clock Delay (DCD):    2.041ns
    Source Clock Delay      (SCD):    0.000ns
    Clock Pessimism Removal (CPR):    -0.000ns

    Location             Delay type                Incr(ns)  Path(ns)    Netlist Resource(s)
  -------------------------------------------------------------------    -------------------
    N17                                               0.000     0.000 f  reset (IN)
                         net (fo=0)                   0.000     0.000    reset
    N17                  IBUF (Prop_ibuf_I_O)         0.244     0.244 f  reset_IBUF_inst/O
                         net (fo=18, routed)          0.662     0.907    u_pwm/AR[0]
    SLICE_X0Y91          FDCE                                         f  u_pwm/prescaler_cnt_reg[1]/CLR
  -------------------------------------------------------------------    -------------------

                         (clock sys_clk_pin rise edge)
                                                      0.000     0.000 r  
    E3                                                0.000     0.000 r  clk (IN)
                         net (fo=0)                   0.000     0.000    clk
    E3                   IBUF (Prop_ibuf_I_O)         0.438     0.438 r  clk_IBUF_inst/O
                         net (fo=1, routed)           0.699     1.136    clk_IBUF
    BUFGCTRL_X0Y16       BUFG (Prop_bufg_I_O)         0.029     1.165 r  clk_IBUF_BUFG_inst/O
                         net (fo=18, routed)          0.876     2.041    u_pwm/clk_IBUF_BUFG
    SLICE_X0Y91          FDCE                                         r  u_pwm/prescaler_cnt_reg[1]/C

Slack:                    inf
  Source:                 reset
                            (input port)
  Destination:            u_pwm/prescaler_cnt_reg[4]/CLR
                            (removal check against rising-edge clock sys_clk_pin  {rise@0.000ns fall@5.000ns period=10.000ns})
  Path Group:             (none)
  Path Type:              Removal (Min at Fast Process Corner)
  Data Path Delay:        0.907ns  (logic 0.244ns (26.957%)  route 0.662ns (73.043%))
  Logic Levels:           1  (IBUF=1)
  Clock Path Skew:        2.041ns (DCD - SCD - CPR)
    Destination Clock Delay (DCD):    2.041ns
    Source Clock Delay      (SCD):    0.000ns
    Clock Pessimism Removal (CPR):    -0.000ns

    Location             Delay type                Incr(ns)  Path(ns)    Netlist Resource(s)
  -------------------------------------------------------------------    -------------------
    N17                                               0.000     0.000 f  reset (IN)
                         net (fo=0)                   0.000     0.000    reset
    N17                  IBUF (Prop_ibuf_I_O)         0.244     0.244 f  reset_IBUF_inst/O
                         net (fo=18, routed)          0.662     0.907    u_pwm/AR[0]
    SLICE_X0Y91          FDCE                                         f  u_pwm/prescaler_cnt_reg[4]/CLR
  -------------------------------------------------------------------    -------------------

                         (clock sys_clk_pin rise edge)
                                                      0.000     0.000 r  
    E3                                                0.000     0.000 r  clk (IN)
                         net (fo=0)                   0.000     0.000    clk
    E3                   IBUF (Prop_ibuf_I_O)         0.438     0.438 r  clk_IBUF_inst/O
                         net (fo=1, routed)           0.699     1.136    clk_IBUF
    BUFGCTRL_X0Y16       BUFG (Prop_bufg_I_O)         0.029     1.165 r  clk_IBUF_BUFG_inst/O
                         net (fo=18, routed)          0.876     2.041    u_pwm/clk_IBUF_BUFG
    SLICE_X0Y91          FDCE                                         r  u_pwm/prescaler_cnt_reg[4]/C





